t_s,phi_deg,roll_deg,pitch_deg,yaw_deg,pos_x,pos_y,pos_z,u0,u1,u2,u3,wx,wy,wz,wx_dot,wy_dot,wz_dot,pred_wx_dot,pred_wy_dot,pred_wz_dot,pred_nogyro_wx_dot,pred_nogyro_wy_dot,pred_nogyro_wz_dot,tau_gyro_x,tau_gyro_y,tau_gyro_z,flap_damp_x,flap_damp_y,flap_damp_z,flap_prec_x,flap_prec_y,flap_prec_z,tau_cmd_x,tau_cmd_y,tau_cmd_z,spd0,spd1,spd2,spd3,sem_lift,sem_roll,sem_pitch,sem_yaw
0.000000000000000000e+00,8.500000000000000000e+01,3.449770109988202216e-01,2.373281511453403103e-01,9.235128428523873367e+01,nan,nan,nan,9.955552220344543457e-01,9.999997615814208984e-01,8.782463073730468750e-01,9.757212996482849121e-01,2.747534393994987504e-05,2.359068219211037098e-03,-1.951922893791704309e-03,4.461569183084099222e-01,-3.574621317203536056e-03,7.228772492001364069e-01,-3.225638689278169835e+01,1.593782525320893262e+00,2.516601300297690003e+01,-3.225651397412234189e+01,1.589148958605540063e+00,2.516612213005493714e+01,5.307131833845194186e-06,4.837972539259600686e-04,-3.517879663713916388e-05,-3.346606632131242130e-07,-1.641445601543997436e-07,2.352918582181238601e-05,-1.080357879928171216e-07,-2.086949164721097153e-10,-1.772941948113506751e-09,-1.234718869790601747e+00,1.658689266136405271e-01,2.686960490101775179e+00,9.955552220344543457e-01,9.999997615814208984e-01,8.782463073730468750e-01,9.757212996482849121e-01,9.623806476593017578e-01,4.651522636413574219e-02,-5.095976591110229492e-02,7.079368829727172852e-02
1.000000000021827873e-02,8.500000000000000000e+01,3.459404417237046947e-01,2.376780154532805722e-01,9.234934669903346105e+01,nan,nan,nan,9.935029361891722921e-01,9.999997615814208984e-01,8.760474953451908853e-01,9.738690657541156925e-01,1.702341940068395208e-04,1.678911929095342273e-03,-2.946596677200926523e-03,1.623944755507827353e-01,-1.346235129375547290e-01,7.802841891361826931e-01,-3.220987656477430505e+01,1.596271424488243218e+00,2.518511400128620537e+01,-3.221004645139279887e+01,1.589468415461743778e+00,2.518526062256371034e+01,8.754363454115336431e-06,7.101454896553855995e-04,-5.121895354170655538e-05,-2.073740830340205945e-06,-7.370501192745438200e-08,3.557535619023035023e-05,-1.776814853732935348e-07,-1.294479946684277788e-09,-1.100278926117614725e-08,-1.232940180988271184e+00,1.659023009072614352e-01,2.689003901496953119e+00,9.954228639327151740e-01,9.999997615814208984e-01,8.781044993560216394e-01,9.756018435000233247e-01,9.608548147174749143e-01,4.566237250833810046e-02,-5.215919790058670680e-02,7.179306833564330637e-02
2.000000000043655746e-02,8.500000000000000000e+01,3.472249877281811670e-01,2.384681948377887772e-01,9.234735778911674231e+01,nan,nan,nan,9.914506503438903495e-01,9.999997615814208984e-01,8.738486833173347845e-01,9.720168318599464730e-01,8.218823964303830030e-04,-6.781741384762045993e-04,-4.015072768926914934e-03,-3.953446320182782414e-01,-2.347314830407327246e+00,4.841037087033687181e-01,-3.212004708946246723e+01,1.601089334744062675e+00,2.522199073983722428e+01,-3.212012121291689937e+01,1.590085288085549164e+00,2.522229555672825896e+01,1.311677629062247657e-05,1.148390145293583589e-03,-8.105930435523861402e-05,-1.001397967353131288e-05,1.738771459355554200e-07,4.856761203699286816e-05,-2.654897978131247710e-07,-6.263048478796910931e-09,-5.328769017686032146e-08,-1.229497993157236735e+00,1.659668792280895588e-01,2.692958026872357635e+00,9.951666839022734745e-01,9.999997615814208984e-01,8.778300289485359009e-01,9.753706352906580390e-01,9.593289817756480709e-01,4.480951865254056976e-02,-5.335862989007111867e-02,7.279244837401488422e-02
2.999999999974534148e-02,8.500000000000000000e+01,3.485095066962854427e-01,2.392584189956790952e-01,9.234536895122525380e+01,nan,nan,nan,9.893983644987950354e-01,9.999997615814208984e-01,8.716498712896787460e-01,9.701645979659456742e-01,-6.945517688300728923e-03,-1.459854847665792085e-02,-5.826773549564596456e-03,-7.516969044319281590e-01,-3.528246062590766563e+00,4.684702417587552903e-01,-3.198673188299706638e+01,1.605926203703001987e+00,2.527538792628005737e+01,-3.198956840108284183e+01,1.591012076778341777e+00,2.527599256245968107e+01,2.441681278862593867e-05,1.555110514945310307e-03,-1.358882998315056765e-04,8.465087474930780350e-05,1.512472383688196064e-06,7.087955988374430318e-05,-4.910950219518302867e-07,5.309152136600329986e-08,4.523687064239381749e-07,-1.224500479329134528e+00,1.660606158378701291e-01,2.698697938695417520e+00,9.947946675926424565e-01,9.999997615814208984e-01,8.774314519481363206e-01,9.750348822475494170e-01,9.578031488339601163e-01,4.395666479682053263e-02,-5.455806187944639563e-02,7.379182841229581236e-02
3.999999999996362021e-02,8.500000000000000000e+01,3.497939986296376702e-01,2.400486879272531182e-01,9.234338018536104187e+01,nan,nan,nan,9.873460786535129818e-01,9.999997615814208984e-01,8.694510592618227562e-01,9.683123640717764546e-01,-1.706680395465158540e-02,-3.175190872359017619e-02,-7.846272915802549736e-03,-6.899804256331908414e-01,-2.214641495440713648e+00,9.984625736367883642e-01,-3.181463829548116706e+01,1.610797494898430493e+00,2.534417064388431484e+01,-3.182104135371593401e+01,1.592232355848610892e+00,2.534510478267781508e+01,3.776691208493814514e-05,1.934466030290572271e-03,-1.966692635896499547e-04,2.080878563113234463e-04,3.156906374552383900e-06,9.581415949668226084e-05,-7.577079198855700827e-07,1.309798313020283856e-07,1.118084085218605557e-06,-1.218049187398646316e+00,1.661815837773007176e-01,2.706106094711405063e+00,9.943142856346978142e-01,9.999997615814208984e-01,8.769167723631643430e-01,9.746013267822140058e-01,9.562773158921332728e-01,4.310381094102289090e-02,-5.575749386893080750e-02,7.479120845066739021e-02
5.000000000018189894e-02,8.500000000000000000e+01,3.504408646374138625e-01,2.397939910615148607e-01,9.234424436646303036e+01,nan,nan,nan,9.852937928082309282e-01,9.999997615814208984e-01,8.672522472339667665e-01,9.664601301776071240e-01,1.905447397418862793e-02,-7.828003883046019684e-02,1.871853337283992461e-02,-4.006105215657126406e-01,-1.161132721595386386e+00,1.048762905743746865e+00,-3.162375182268307228e+01,1.615948919380790327e+00,2.542723470782496520e+01,-3.161690712745511789e+01,1.593781012385000917e+00,2.543033814602911491e+01,-3.020200799400033864e-05,2.307203907978805282e-03,-1.056447813867178014e-04,-2.324313715219725673e-04,6.739254301204749181e-06,-2.244489546433155462e-04,6.312832177424779484e-07,-1.469398899456935568e-07,-1.257108634785014869e-06,-1.210239414689720627e+00,1.663279691798556503e-01,2.715071962431863994e+00,9.937325268558182545e-01,9.999997615814208984e-01,8.762934779993447609e-01,9.740762764677325380e-01,9.547514829503064293e-01,4.225095708522519367e-02,-5.695692585841516387e-02,7.579058848903902357e-02
6.000000000040017767e-02,8.500000000000000000e+01,3.351902486587993168e-01,2.135216080218739487e-01,9.241619575235702655e+01,nan,nan,nan,9.832415069629489857e-01,9.999997615814208984e-01,8.650534352061107768e-01,9.646078962834379045e-01,6.667143742122856598e-02,-1.321105995519900600e-01,5.238926456602684134e-02,2.419849053498747751e-02,-8.848053010566135912e-01,5.149272178156900637e-01,-3.140370582815824818e+01,1.623066155485093587e+00,2.552675572794762715e+01,-3.137938490626271459e+01,1.597468616372728301e+00,2.553245857381976691e+01,-1.197008862830662064e-04,2.661470195719231168e-03,2.648084398233885414e-05,-8.137184755341764393e-04,1.081413395384096667e-05,-6.309332091451965753e-04,2.460084840919869334e-06,-5.170170475142161148e-07,-4.434512043115403390e-06,-1.201160565515293044e+00,1.664980656844965157e-01,2.725491654167829125e+00,9.930559293528338216e-01,9.999997615814208984e-01,8.755685737512354239e-01,9.734656320827804743e-01,9.532256500084796969e-01,4.139810322942760745e-02,-5.815635784789952023e-02,7.678996852741060142e-02
6.999999999970896170e-02,8.500000000000000000e+01,3.199069624836801684e-01,1.872686596607459619e-01,9.248820750904586419e+01,nan,nan,nan,9.811892211178535605e-01,9.999997615814208984e-01,8.628546231784547382e-01,9.627556623894371057e-01,7.694863692274178657e-02,-7.320480034709213324e-02,8.820003173535329033e-02,2.206211035962750977e-01,-6.695227536242494004e-01,1.967168599560068232e-01,-3.114254077904886486e+01,1.630053804851004706e+00,2.563111444351976687e+01,-3.111126931378530713e+01,1.601471573169180873e+00,2.564078650193529185e+01,-2.626319194166880605e-04,2.979511078423837094e-03,3.944901802809366084e-05,-9.397301231186584464e-04,4.386813296692736609e-06,-1.066959527453157893e-03,5.349000974080322745e-06,-6.004741770641363166e-07,-5.165031317294432558e-06,-1.190896491898765674e+00,1.666902689756872558e-01,2.737267573703995538e+00,9.922906095610098953e-01,9.999997615814208984e-01,8.747486127466378436e-01,9.727749138470368484e-01,9.516998170667915202e-01,4.054524937370751481e-02,-5.935578983727485269e-02,7.778934856569130751e-02
7.999999999992724042e-02,8.500000000000000000e+01,3.045909954996756097e-01,1.610351403681826166e-01,9.256027958615538864e+01,nan,nan,nan,9.791369352725716180e-01,9.999997615814208984e-01,8.606558111505986375e-01,9.609034284952678862e-01,5.681063040759420923e-02,7.753070668046885272e-02,1.257539710205134720e-01,-3.237861246937293741e-02,-5.695792144053341000e-01,3.085844676414704058e-01,-3.084489833004959181e+01,1.634922534599172694e+00,2.574193171604391495e+01,-3.081522837340398624e+01,1.603744832561229128e+00,2.575671008705796083e+01,-4.505746941455934080e-04,3.265258158306972181e-03,-4.677588038371686789e-05,-6.942710510813500813e-04,-1.060966271406533450e-05,-1.527243496267019626e-03,9.135449977760102112e-06,-4.464091307370949056e-07,-3.851808837431619074e-06,-1.179525817731139847e+00,1.669030714729025089e-01,2.750308075415116349e+00,9.914422894482364246e-01,9.999997615814208984e-01,8.738397254823579985e-01,9.720092859645483863e-01,9.501739841249647878e-01,3.969239551790998410e-02,-6.055522182675926457e-02,7.878872860406299639e-02
9.000000000014551915e-02,8.500000000000000000e+01,2.892423370712818298e-01,1.348210445659459300e-01,9.263241193244334681e+01,nan,nan,nan,9.770846494272895644e-01,9.999997615814208984e-01,8.584569991227426478e-01,9.590511946010986666e-01,-8.180095904546366703e-03,-1.125194678331974951e-01,1.054221137161671651e-01,-2.600777366445507499e-01,-4.703885102677995422e-01,5.674952869202289918e-01,-3.049516681656781358e+01,1.633735727237965785e+00,2.587749590663853283e+01,-3.048983917401514177e+01,1.600713599293227096e+00,2.589204302132377222e+01,-3.103092677940131878e-04,3.439044550101787515e-03,-2.772668799645378393e-04,1.000420697510373048e-04,7.606468244896291659e-06,-1.276473992173842841e-03,6.335032966062995384e-06,6.476354156027595098e-08,5.606825206650055648e-07,-1.167122246726063794e+00,1.671350571864605727e-01,2.764527136373413185e+00,9.905163219554549148e-01,9.999997615814208984e-01,8.728476470809928278e-01,9.711735795842837415e-01,9.486481511831379443e-01,3.883954166211234238e-02,-6.175465381624367645e-02,7.978810864243457424e-02
1.000000000003637979e-01,8.500000000000000000e+01,2.744905224850139325e-01,1.098179985330102332e-01,9.270436115518150189e+01,nan,nan,nan,9.750458369935037783e-01,9.999997615814208984e-01,8.570101199776449796e-01,9.572209244667778671e-01,-1.105111018631241004e-01,-5.862766885604629996e-01,3.689982689066927113e-02,-2.143285702183320984e-01,-2.745778366018003513e-01,7.681052565012771449e-01,-3.008680336310013104e+01,1.632293921519776481e+00,2.597816699913244065e+01,-3.012497805137597240e+01,1.600858201880448695e+00,2.598782678714400518e+01,1.107608385759279118e-04,3.226733367527563363e-03,-6.065523151088915649e-04,1.352614622001925690e-03,5.351785872478883699e-05,-4.324725820141606504e-04,-2.119988901129975409e-06,8.816909601817862844e-07,7.659454552592372904e-06,-1.153179430438068032e+00,1.673703809346178129e-01,2.778975514120396895e+00,9.895185837372356685e-01,9.999997615814208984e-01,8.718262372084545353e-01,9.702737307889417462e-01,9.473191607548369086e-01,3.762843995060788371e-02,-6.258236453852500381e-02,8.040727706525091500e-02
1.099999999996725819e-01,8.500000000000000000e+01,2.865986046113168095e-01,1.356624824988119926e-01,9.276598036845213358e+01,nan,nan,nan,9.730578633750934792e-01,9.999997615814208984e-01,8.584004863864669321e-01,9.554735295218902413e-01,-1.150857776286413336e-01,-4.667988374882293678e-01,1.007320736327831368e-01,-1.686715270833778410e-02,-6.405120222304709621e-02,8.055427429167540954e-01,-2.963216964071801129e+01,1.624737780052601943e+00,2.608460616518013353e+01,-2.966498332357216938e+01,1.597686813320583044e+00,2.610133438019858687e+01,-1.569507301857962604e-04,2.781791830903971099e-03,-5.820184247222754802e-04,1.409696827633182686e-03,4.075429279202025311e-05,-1.212088147116601724e-03,3.300141097665283677e-06,9.240689764145025408e-07,8.052585429893153223e-06,-1.135632448903036718e+00,1.675540720401177963e-01,2.790363018598281286e+00,9.884569822525297589e-01,9.999997615814208984e-01,8.709603700597303710e-01,9.693192211870906849e-01,9.467329102162179710e-01,3.506557246454794496e-02,-6.200747067087536424e-02,7.959180452407860207e-02
1.199999999998908606e-01,8.500000000000000000e+01,2.987347167706070894e-01,1.614939723476174205e-01,9.282764546604184375e+01,nan,nan,nan,9.710698897565024357e-01,9.999997615814208984e-01,8.597908527954153390e-01,9.537261345768436316e-01,-9.199615822350289129e-02,-1.921953184154470973e-01,1.958975264540792072e-01,1.985574934401728997e-01,2.060829113676928559e-01,5.124449777702668740e-01,-2.910527286707031891e+01,1.617666324330601979e+00,2.617699861282474316e+01,-2.911937647512565164e+01,1.594766459606788755e+00,2.620355942438922980e+01,-6.001283547231469175e-04,2.376703455214022702e-03,-4.642669740919659052e-04,1.127722312399982241e-03,1.274903801737982861e-05,-2.378091660829625108e-03,1.226570777294396228e-05,7.425080949506176825e-07,6.488619819485300766e-06,-1.114725217072143337e+00,1.676895842646195234e-01,2.798895269315075041e+00,9.873356362359267946e-01,9.999997615814208984e-01,8.702400142156133667e-01,9.683135760189327534e-01,9.461466596775455207e-01,3.250270497825491489e-02,-6.143257680317337766e-02,7.877633198283223726e-02
1.300000000001091394e-01,8.500000000000000000e+01,3.108988669833247509e-01,1.873124732820418414e-01,9.288935642100094014e+01,nan,nan,nan,9.690819161379113922e-01,9.999997615814208984e-01,8.611812192043636349e-01,9.519787396317971329e-01,-2.827480640839788451e-02,-1.507462053346311781e-01,1.158221732648706953e-01,1.337623092360034349e-01,6.092879193247997538e-01,1.568998816334907509e-01,-2.849229257850096531e+01,1.624724310703036689e+00,2.625174526944570275e+01,-2.849260017478724549e+01,1.605310768793994258e+00,2.626682646512112029e+01,-3.420868697231514797e-04,2.015027804212722422e-03,-2.060636079731443041e-04,3.468594762829705085e-04,1.104982501607784293e-05,-1.406147327056542391e-03,7.001602391119063087e-06,2.291367137775497098e-07,2.007477805916822644e-06,-1.090685078970684785e+00,1.677801242919458313e-01,2.804763264181744375e+00,9.861583987924168460e-01,9.999997615814208984e-01,8.696557852133572908e-01,9.672600931713111194e-01,9.455604091388732924e-01,2.993983749196199584e-02,-6.085768293547150209e-02,7.796085944158570591e-02
1.400000000003274181e-01,8.500000000000000000e+01,3.230910632975588226e-01,2.131179904912635370e-01,9.295111320592006621e+01,nan,nan,nan,9.670939425193203487e-01,9.999997615814208984e-01,8.625715856133120418e-01,9.502313446867505231e-01,3.544654540670713616e-02,-1.092970922538152589e-01,3.574682007566218345e-02,-7.525183639915339340e-02,7.038228301683894239e-01,-1.616483359245847115e-02,-2.780252809770145817e+01,1.624923716542417962e+00,2.629994616124644224e+01,-2.778910002782394528e+01,1.608756281559044155e+00,2.630353234015032271e+01,-8.051063727602131444e-05,1.678495642559674423e-03,5.236650550483988446e-05,-4.351538228106377926e-04,9.283773769685613861e-06,-4.327289565356521261e-04,1.663129131797730668e-06,-2.881255469990328140e-07,-2.530112233398274405e-06,-1.063723980950587622e+00,1.678286709706831026e-01,2.808144505487664588e+00,9.849288745286318703e-01,9.999997615814208984e-01,8.691989038225125253e-01,9.661618578404035373e-01,9.449741586002009530e-01,2.737697000566896577e-02,-6.028278906776951551e-02,7.714538690033934110e-02
1.499999999996362021e-01,8.500000000000000000e+01,3.353113137867629878e-01,2.389105291463564651e-01,9.301291579291803657e+01,nan,nan,nan,9.651059689009100495e-01,9.999997615814208984e-01,8.639619520221339943e-01,9.484839497418628973e-01,3.065197750998840259e-02,-8.616144110492190977e-02,2.035906590696572385e-02,-2.681750213723971266e-01,1.076865409054781203e-01,-1.461404366625787821e-01,-2.702450813506031224e+01,1.621306261668985504e+00,2.631101748647286698e+01,-2.701374143166064457e+01,1.608423623501194610e+00,2.631269242996808799e+01,-3.632477431190588691e-05,1.337353270793212182e-03,6.943392600111707776e-05,-3.765618779417535594e-04,7.533917169003079713e-06,-2.460689013385945301e-04,7.574387547534041667e-07,-2.496661287625533964e-07,-2.196986312120533421e-06,-1.034039556248251168e+00,1.678379928854432102e-01,2.809204029569560390e+00,9.836504355792664578e-01,9.999997615814208984e-01,8.688611570116619998e-01,9.650217562487947154e-01,9.443879080615819044e-01,2.481410251960902702e-02,-5.970789520011987594e-02,7.632991435916702816e-02
1.599999999998544808e-01,8.500000000000000000e+01,3.405061840534104878e-01,2.428202489889354498e-01,9.307017172990089193e+01,nan,nan,nan,9.631179952823190060e-01,9.999997615814208984e-01,8.653523184310824012e-01,9.467365547968163986e-01,-4.016785171285351674e-02,-8.067434306837206748e-02,6.731775481448276643e-02,-4.637323136845362126e-01,2.838004375381439348e-01,-1.572692942443527087e-01,-2.616402191613277495e+01,1.615532177164166194e+00,2.628962556348596280e+01,-2.617168799500684528e+01,1.605977947687055485e+00,2.629866740964982696e+01,-2.045488207266848090e-04,9.910055340507234467e-04,-1.489404482154977510e-04,4.938100102066337324e-04,5.898635071840518845e-06,-8.193358526372978169e-04,4.181932310471075079e-06,3.275531228195901790e-07,2.887861760384101177e-06,-1.001816128190384569e+00,1.678106644193985142e-01,2.808095349395596685e+00,9.823262365998580714e-01,9.999997615814208984e-01,8.686348614325630768e-01,9.638424884778523660e-01,9.438016575229096761e-01,2.225123503331605246e-02,-5.913300133241794487e-02,7.551444181792060784e-02
1.700000000000727596e-01,8.500000000000000000e+01,3.381784703729115438e-01,2.234218435460939844e-01,9.312256618602964409e+01,nan,nan,nan,9.611300216637279625e-01,9.999997615814208984e-01,8.667426848400308081e-01,9.449891598517697888e-01,-3.686335269007449261e-02,-5.944147222134884417e-02,9.596916181545814273e-02,-1.363879829263211219e-01,2.468994836828357187e+00,1.084669759868841510e-01,-2.526422824406533252e+01,1.611538678963718274e+00,2.625801306570222948e+01,-2.526800880645059166e+01,1.604840835117599340e+00,2.626996361162355953e+01,-3.152131578565723832e-04,6.955068329196263145e-04,-1.083529364876584526e-04,4.534970437702062350e-04,3.286241591247759438e-06,-1.170250043101814068e-03,6.428951858788566759e-06,3.007006593290316367e-07,2.655715699346962617e-06,-9.672256387209123840e-01,1.677490804533478541e-01,2.804961318315150720e+00,9.809592287927091370e-01,9.999997615814208984e-01,8.685128292592581012e-01,9.626265804725665509e-01,9.432154069842373367e-01,1.968836754702302239e-02,-5.855810746471595829e-02,7.469896927667413200e-02
1.800000000002910383e-01,8.500000000000000000e+01,3.358331720427983891e-01,2.040256897419195914e-01,9.317498867276137275e+01,nan,nan,nan,9.591420480451368080e-01,9.999997615814208984e-01,8.681330512489792151e-01,9.432417649067232901e-01,-3.355885366729547542e-02,-3.820860137432561393e-02,1.246205688164335051e-01,5.452996541627785909e-01,3.563205104509582721e+00,3.681148380729710318e-02,-2.430686826079177720e+01,1.607546501296322150e+00,2.620856939509124928e+01,-2.430675810956467586e+01,1.603521138022687698e+00,2.622344901544962781e+01,-4.260167225841432178e-04,4.191622516437748785e-04,-6.949831921988360397e-05,4.131240075140503194e-04,7.152249850700041486e-07,-1.521603477407371292e-03,8.676332682138149398e-06,2.736155808405100440e-07,2.420324753541107351e-06,-9.304285083058407846e-01,1.676554698310876168e-01,2.799934922357092404e+00,9.795521730281879780e-01,9.999997615814208984e-01,8.684883362303564835e-01,9.613763952721193773e-01,9.426291564455649974e-01,1.712550006072999231e-02,-5.798321359701408273e-02,7.388349673542760065e-02
1.899999999995998223e-01,8.500000000000000000e+01,3.334702883187113387e-01,1.846317853468437964e-01,9.322743917283267479e+01,nan,nan,nan,9.571540744267266199e-01,9.999997615814208984e-01,8.695234176578011676e-01,9.414943699618356643e-01,4.486386211841816851e-03,-2.735721649283683055e-02,1.033692075932256538e-01,7.236122955002738388e-01,2.178230070412021657e+00,-5.297931868851234460e-01,-2.330237384373878129e+01,1.607064176966219504e+00,2.614969608402707024e+01,-2.329183251617247663e+01,1.605385915202311109e+00,2.616067749848619783e+01,-3.554701566394516095e-04,1.749388662116029588e-04,9.093828472584080736e-05,-5.526617576249537398e-05,2.678244492899495066e-07,-1.263088758395588184e-03,7.234083118417244060e-06,-3.653453158205964911e-08,-3.236396469187217309e-07,-8.915744327337085107e-01,1.675319077072548457e-01,2.793140007695946281e+00,9.781076521198206475e-01,9.999997615814208984e-01,8.685550917523502390e-01,9.600941435161814974e-01,9.420429059069461708e-01,1.456263257467010908e-02,-5.740831972936438765e-02,7.306802419425528772e-02
1.999999999998181011e-01,8.500000000000000000e+01,3.310898184437233716e-01,1.652401281275624190e-01,9.327991766878812996e+01,nan,nan,nan,9.551661008081355764e-01,9.999997615814208984e-01,8.709137840667495745e-01,9.397469750167890545e-01,5.706853183974708310e-02,-2.084985765090570722e-02,6.123654619489178608e-02,2.907581825079392224e-01,1.103665683615262738e+00,-5.141836195804752041e-01,-2.225051598319473811e+01,1.608948731310036795e+00,2.607815265704030594e+01,-2.222679603491161160e+01,1.605922530962956785e+00,2.608221346028383181e+01,-2.087314159485938235e-04,3.156825836314548143e-04,3.192144112362952984e-04,-7.034691279189703075e-04,6.437822395193184748e-07,-7.486677373570367090e-04,4.245409665635629464e-06,-4.638474744905506179e-07,-4.114380482679374715e-06,-8.508031218325298184e-01,1.673803268816528855e-01,2.784691949222374063e+00,9.766280823076782802e-01,9.999997615814208984e-01,8.687072109310886026e-01,9.587818932735859834e-01,9.414566553682738315e-01,1.199976508837707900e-02,-5.683342586166240107e-02,7.225255165300892291e-02
2.100000000000363798e-01,8.500000000000000000e+01,3.356964967854942361e-01,1.580037521849266824e-01,9.334021932341721595e+01,nan,nan,nan,9.535119118047205022e-01,9.999997615814208984e-01,8.715162789220322059e-01,9.411388177828380330e-01,6.878607232647115932e-02,-6.754404934104707089e-03,5.694121623402222110e-02,-2.472635001567341784e-01,7.774425301841459968e-01,6.057435471189213938e-02,-2.123954431132987253e+01,1.614515573137955462e+00,2.596386214729047026e+01,-2.121227204520528886e+01,1.605480182569509973e+00,2.596645143547339529e+01,-1.995605752605596401e-04,9.441745432243328021e-04,4.253592541698614183e-04,-8.484237865590534087e-04,-5.398953288170154794e-07,-6.968524434056549413e-04,4.053162915984142010e-06,-5.572266009164836889e-07,-4.962396490289043951e-06,-8.119669112489362739e-01,1.673052475480229784e-01,2.772380097373797980e+00,9.751372507774193066e-01,9.999997615814208984e-01,8.688883761950757512e-01,9.576440381418728220e-01,9.415416925227528822e-01,1.156734454205271545e-02,-5.805519431875311165e-02,7.042828834063546983e-02
2.200000000002546585e-01,8.500000000000000000e+01,3.408218647219192765e-01,1.516742168799182222e-01,9.340113816243251676e+01,nan,nan,nan,9.519957852531051312e-01,9.999997615814208984e-01,8.717928885403789518e-01,9.438291351803396179e-01,5.225845109775308084e-02,1.258585408553924631e-02,7.879862998962038068e-02,-2.625567828910597146e-01,4.277819763375028117e-01,3.098617171824716299e-01,-2.030931779777564472e+01,1.621959522182937707e+00,2.580273072807166201e+01,-2.028514755133626224e+01,1.605982397465383515e+00,2.580773546038841459e+01,-2.860741321514136039e-04,1.670795605107258013e-03,4.347433463642640062e-04,-6.449188619445238605e-04,-2.746904706981770728e-06,-9.653132921312757454e-04,5.801290993670766752e-06,-4.212232932196622619e-07,-3.780078750479824070e-06,-7.764750307974013221e-01,1.673438910230739263e-01,2.755508342364237251e+00,9.736447878949694434e-01,9.999997615814208984e-01,8.690756969532372755e-01,9.567530733983878877e-01,9.419043926388110943e-01,1.201613515582244940e-02,-6.002011148413821662e-02,6.818676155690372997e-02
2.299999999995634425e-01,8.500000000000000000e+01,3.459406891987356625e-01,1.453393217682504845e-01,9.346208936963387259e+01,nan,nan,nan,9.504796587016275389e-01,9.999997615814208984e-01,8.720694981587004957e-01,9.465194525775966206e-01,1.048309820863735364e-03,2.404601451948084126e-02,9.131324176747275534e-02,2.679385652870079904e-01,2.769752526046316832e-01,8.824839490808836229e-02,-1.944855427625642008e+01,1.627073769877881437e+00,2.560274778189805289e+01,-1.943958800139839838e+01,1.604729409897413417e+00,2.561027971025978900e+01,-3.370963788605314338e-04,2.336234042682418764e-03,3.152360879367855002e-04,-1.294340055236604690e-05,-4.011979331072109998e-06,-1.119336012840949730e-03,6.827593836639480811e-06,-8.394088324084844796e-09,-7.617284380080831070e-08,-7.441057159350221717e-01,1.674885909993988342e-01,2.734384391352673305e+00,9.721507988711587389e-01,9.999997615814208984e-01,8.692687762191935175e-01,9.560930763376118691e-01,9.422670927548363329e-01,1.246492576955138265e-02,-6.198502864934474221e-02,6.594523477337566053e-02
2.399999999997817213e-01,8.500000000000000000e+01,3.510529704471719303e-01,1.389990667759378462e-01,9.352307290461577338e+01,nan,nan,nan,9.489635321500120568e-01,9.999997615814208984e-01,8.723461077770473526e-01,9.492097699750982054e-01,-9.153746942317680935e-02,2.610535558923349209e-02,9.268205469590208578e-02,7.236985457775652053e-01,2.825639693632015503e-01,-2.765486990038844017e-01,-1.864948286891467077e+01,1.629580495600639445e+00,2.536655784425849092e+01,-1.867018553183333651e+01,1.601434030479152559e+00,2.537676795160070853e+01,-3.452147874634885053e-04,2.941264494177288791e-03,3.980282073260868860e-05,1.130689739108797429e-03,-4.177635248632700994e-06,-1.136618413195370761e-03,6.984157636461224726e-06,7.270124531043785474e-07,6.693131691172495083e-06,-7.146538968885174370e-01,1.677322569287963416e-01,2.709292970875910811e+00,9.706553821314358732e-01,9.999997615814208984e-01,8.694672426094168793e-01,9.556491511573423914e-01,9.426297928708945451e-01,1.291371638332100558e-02,-6.394994581472984718e-02,6.370370798964369863e-02
2.500000000000000000e-01,8.500000000000000000e+01,3.561587086969016935e-01,1.326534518303330856e-01,9.358408872662015199e+01,nan,nan,nan,9.474474055983965748e-01,9.999997615814208984e-01,8.726227173953940985e-01,9.519000873725999012e-01,-6.807012322239004709e-02,1.579693906561317057e-02,8.217997870699961238e-02,6.984998966631879025e-01,3.475888350415146655e-01,-4.862847548607233672e-01,-1.795781274356964730e+01,1.640551705292878859e+00,2.509852609053842443e+01,-1.797195927371634738e+01,1.606550141041563018e+00,2.510625767507438866e+01,-3.058098359088151879e-04,3.551380754896394775e-03,1.775477672141425982e-04,8.411318769625015937e-04,-2.970826680086301442e-06,-1.008057446508217256e-03,6.180601554244485136e-06,5.354429002291553078e-07,5.016501062718931068e-06,-6.879297885247079858e-01,1.680683255628378781e-01,2.680497745738783522e+00,9.691586297535046413e-01,9.999997615814208984e-01,8.696707486920212116e-01,9.554073627305555982e-01,9.429924929869528683e-01,1.336250699709073952e-02,-6.591486298011506317e-02,6.146218120591179224e-02
2.600000000002182787e-01,8.500000000000000000e+01,3.595863984691828885e-01,1.257471445416826206e-01,9.362078079026338173e+01,nan,nan,nan,9.459312790467810927e-01,9.999997615814208984e-01,8.728993270137408444e-01,9.545904047701014861e-01,6.063139979458231910e-03,8.906623856924297811e-05,6.649536695864194380e-02,2.114675165100484977e-01,5.703043221843178134e-01,-3.853404926434159661e-01,-1.734862009766878188e+01,1.654207323445090028e+00,2.480052953598923438e+01,-1.734039055910364624e+01,1.614532275477063683e+00,2.480349363095365689e+01,-2.450126134958520116e-04,4.142347607373015814e-03,4.996766964680476267e-04,-7.494572198950725053e-05,-1.179849279891101158e-06,-8.156989952482645613e-04,4.947033473303407209e-06,-4.716745724005557423e-08,-4.510142100931305168e-07,-6.637576150295361188e-01,1.684907171083959154e-01,2.648243056696141906e+00,9.676606278767000413e-01,9.999997615814208984e-01,8.698789694420505647e-01,9.553546746485835905e-01,9.433551931030110804e-01,1.381129761086041796e-02,-6.787978014550022365e-02,5.922065442217983033e-02
2.700000000004365575e-01,8.500000000000000000e+01,3.628407220796694976e-01,1.187825583513385796e-01,9.365501935698208058e+01,nan,nan,nan,9.444151524951656107e-01,9.999997615814208984e-01,8.731759366320875904e-01,9.572807221676031819e-01,3.938612818479736433e-03,-5.614201018639213524e-03,7.119627706268341627e-02,-3.008957367135399741e-01,6.549811014313517976e-01,-5.110739514851494331e-03,-1.677930079886156989e+01,1.663978412539421470e+00,2.446800720918393068e+01,-1.677128925388036507e+01,1.619271592904065749e+00,2.447113049734439727e+01,-2.632781338827803867e-04,4.667042197927188246e-03,5.403378906314179001e-04,-4.869836198691322292e-05,-6.954288916021438916e-07,-8.735119796503495494e-04,5.309579409838456853e-06,-3.025990331849954856e-08,-2.961146786621863218e-07,-6.419744550808550443e-01,1.689937955096198485e-01,2.612755495976038844e+00,9.661614570849715866e-01,9.999997615814208984e-01,8.700916007963879206e-01,9.554788912600574724e-01,9.437178932190692926e-01,1.426008822463015191e-02,-6.984469731088543965e-02,5.697912763844781292e-02
2.799999999997453415e-01,8.500000000000000000e+01,3.660909489581165022e-01,1.118160509841343159e-01,9.368926824913293672e+01,nan,nan,nan,9.428990259436880184e-01,9.999997615814208984e-01,8.734525462504091342e-01,9.599710395648600736e-01,-3.698212269799878993e-02,-6.227617646860285350e-03,8.626833678212392220e-02,-3.105318821364588255e-01,3.626214828738746898e-01,3.063072185350935173e-01,-1.625700175496843158e+01,1.671806604261487417e+00,2.410443614796542278e+01,-1.626066890318749714e+01,1.622536894108595362e+00,2.411028736541593531e+01,-3.235128009556139284e-04,5.143154261929069188e-03,4.311543421560768536e-04,4.573684165109103317e-04,-8.619675543057739207e-07,-1.058696225774665269e-03,6.515940640337587296e-06,2.802205527708002942e-07,2.813528482950713612e-06,-6.224291948347557835e-01,1.695723324235424989e-01,2.574245337531419153e+00,9.646611927651758123e-01,9.999997615814208984e-01,8.703083583018620395e-01,9.557686034479192516e-01,9.440805933350945311e-01,1.470887883835902965e-02,-7.180961447609190973e-02,5.473760085491991001e-02
2.899999999999636202e-01,8.500000000000000000e+01,3.693370792620342402e-01,1.048476223372215577e-01,9.372352745995503653e+01,nan,nan,nan,9.413828993920725363e-01,9.999997615814208984e-01,8.737291558687558801e-01,9.626613569623617694e-01,-3.002518835071224176e-02,-2.058292088634244496e-02,8.347296297197659420e-02,-9.366622045770452154e-02,-1.288009343334194923e-01,4.097382096731195245e-01,-1.580307098261884668e+01,1.679488850092228924e+00,2.371753933850146723e+01,-1.580478337068622707e+01,1.629205061810491628e+00,2.372287955084095756e+01,-3.121359504893000654e-04,5.247629824848628818e-03,4.518743873825421722e-04,3.714035819892533611e-04,5.639775826556065867e-07,-1.024357202526012065e-03,6.279372185122062289e-06,2.240746306031490611e-07,2.313940180147900897e-06,-6.049815774847284722e-01,1.702214745055600775e-01,2.532907837002248641e+00,9.631599054422259609e-01,9.999997615814208984e-01,8.705289758505475595e-01,9.562131379034995993e-01,9.444432934511527433e-01,1.515766945212876360e-02,-7.377453164147712572e-02,5.249607407118789260e-02
3.000000000001818989e-01,8.500000000000000000e+01,3.725791131477634299e-01,9.787727230948298218e-02,9.375779698264457807e+01,nan,nan,nan,9.409626113076370313e-01,9.999997615814208984e-01,8.731625579231677703e-01,9.620512249204917765e-01,1.735667640008986545e-02,-4.654101957114389204e-02,6.559143816539284022e-02,1.138203272452009522e-02,-6.538152536259650427e-01,4.772799309472441354e-01,-1.537881973858162787e+01,1.683259260794936596e+00,2.336729167607297342e+01,-1.536712851768468546e+01,1.637428014831566303e+00,2.336963463256532947e+01,-2.375488772881605430e-04,4.780487210991129880e-03,5.558097678611949744e-04,-2.147436095065757312e-04,3.320080714973728652e-06,-8.046107373613581521e-04,4.774477405980611603e-06,-1.277229665300672832e-07,-1.354039778425927721e-06,-5.882321641693314396e-01,1.708301216773113196e-01,2.495098004775353928e+00,9.617283350193462921e-01,9.999997615814208984e-01,8.706988234985775232e-01,9.565896537368732133e-01,9.440440389331793414e-01,1.492575836177006954e-02,-7.396290863555393669e-02,5.287429502269924697e-02
3.100000000004001777e-01,8.500000000000000000e+01,3.798687369186103391e-01,8.851419696989136499e-02,9.380489086511205699e+01,nan,nan,nan,9.412199731315001872e-01,9.999997615814208984e-01,8.720745331929842248e-01,9.594001449406551751e-01,5.350901898314740224e-02,-3.720218882076059552e-02,4.855990102848215667e-02,4.075447754351244067e-01,-1.065528909209738417e+00,6.967594784314888878e-01,-1.494793254651176717e+01,1.682704278690017707e+00,2.308285208324983628e+01,-1.492609711852100141e+01,1.643223250056784712e+00,2.308288485908000709e+01,-1.771677347269047704e-04,4.118525299455520761e-03,5.965297797956194007e-04,-6.622092304126210322e-04,2.733633550952674805e-06,-5.958106496938501539e-04,3.557733365927508336e-06,-3.892936219334000992e-07,-4.218571140087839502e-06,-5.713473272855545959e-01,1.713350121008609950e-01,2.464403847822669746e+00,9.604056889291363586e-01,9.999997615814208984e-01,8.707875471644910270e-01,9.567709107881472441e-01,9.431736032116401214e-01,1.427291164887511954e-02,-7.305270009879583082e-02,5.487252828964078732e-02
3.199999999997089617e-01,8.500000000000000000e+01,3.876334501931493204e-01,7.885983978522294324e-02,9.385353222081789681e+01,nan,nan,nan,9.414773349553400283e-01,9.999997615814208984e-01,8.709865084628997112e-01,9.567490649610598252e-01,8.656934034719412918e-02,-1.814443565999987462e-02,3.176240590029343058e-02,8.310354549636770338e-01,-1.298783050127356731e+00,1.093428394930453296e+00,-1.451266974481757899e+01,1.680756783227000062e+00,2.285967886026025653e+01,-1.448161598035447462e+01,1.647230368867206085e+00,2.285745572322803909e+01,-1.193920103790228210e-04,3.498757849845278260e-03,6.341849936294586447e-04,-1.071683764381798449e-03,1.217577627951095441e-06,-3.899362372881486180e-04,2.395911549268758974e-06,-6.242748943809909555e-07,-6.886745251361719909e-06,-5.543304789931167154e-01,1.717428991339576827e-01,2.440362769764156781e+00,9.591849423129774621e-01,9.999997615814208984e-01,8.708003787784873717e-01,9.567695018848939581e-01,9.423031674901801713e-01,1.362006493603962198e-02,-7.214249156212049208e-02,5.687076155640063968e-02
3.299999999999272404e-01,8.500000000000000000e+01,3.953901053270805210e-01,6.919892345665015765e-02,9.390219422104038927e+01,nan,nan,nan,9.417346967792031842e-01,9.999997615814208984e-01,8.698984837327161657e-01,9.540979849812232239e-01,5.255842229439224716e-02,2.477101257677982032e-02,4.294189827338118493e-02,6.720970643681812851e-01,-1.283574623319065466e+00,1.502251320155420844e+00,-1.405546384944055127e+01,1.677656442959663430e+00,2.268762500302742779e+01,-1.403384002085644688e+01,1.649946366848906942e+00,2.268875458460114558e+01,-1.804643462547077931e-04,2.895618236690126676e-03,4.117274781847695287e-04,-6.508749488667018614e-04,-2.976276220138920940e-06,-5.281186676134784442e-04,3.619691786298858108e-06,-3.766040974718865115e-07,-4.213051400129685237e-06,-5.371865304611079805e-01,1.720601288774201987e-01,2.422540603688283056e+00,9.580595233665657462e-01,9.999997615814208984e-01,8.707422128478005119e-01,9.565972077052371514e-01,9.414327317686408403e-01,1.296721822314467198e-02,-7.123228302536238621e-02,5.886899482334229106e-02
3.400000000001455192e-01,8.500000000000000000e+01,4.031387031250562858e-01,5.953144771466850615e-02,9.395087684517118021e+01,nan,nan,nan,9.419920586030664511e-01,9.999997615814208984e-01,8.688104590025327312e-01,9.514469050013867335e-01,-1.819063479683137585e-02,8.075446621135309866e-02,6.944573034325315919e-02,4.279259026195694204e-01,-1.013050671081814791e+00,1.739446214324432249e+00,-1.358508336513726533e+01,1.671988040139515075e+00,2.257040575442145780e+01,-1.358308389433308605e+01,1.649864264191864605e+00,2.257797837936251639e+01,-3.080723245296981458e-04,2.317681096439376705e-03,4.500492017521304916e-05,2.253579802382272082e-04,-8.620914126212902274e-06,-8.549935477753973796e-04,6.178351857075723222e-06,1.298202613333402088e-07,1.467398728003981229e-06,-5.199215566799147981e-01,1.722926621392215640e-01,2.410529993877005950e+00,9.570232841210694064e-01,9.999997615814208984e-01,8.706176282181424808e-01,9.562650491558659649e-01,9.405622960471016203e-01,1.231437151024977750e-02,-7.032207448860422483e-02,6.086722809028388692e-02
3.500000000003637979e-01,8.500000000000000000e+01,4.108792443919512261e-01,4.985741228777890860e-02,9.399958007246955560e+01,nan,nan,nan,9.422494204269296070e-01,9.999997615814208984e-01,8.677224342723491857e-01,9.487958250215502432e-01,-1.052316816564173585e-02,6.753279007430990077e-02,9.362680159040882855e-02,4.180907896729672002e-01,-7.805506704566104181e-01,1.851886227008340047e+00,-1.313600528738238182e+01,1.668721519972334200e+00,2.250505939426827950e+01,-1.312910836384238067e+01,1.651516701039898116e+00,2.251586983253093521e+01,-4.024979261306103851e-04,1.803397910709086688e-03,-2.507206836060873849e-06,1.304239879104781218e-04,-7.703656375557624099e-06,-1.152565207662260794e-03,8.072640089226170140e-06,7.496557243124388270e-08,8.532504964049998502e-07,-5.025425142058522754e-01,1.724460955685866714e-01,2.403948852461891050e+00,9.560704731087024122e-01,9.999997615814208984e-01,8.704309084316601552e-01,9.557833363719693276e-01,9.396918603255625113e-01,1.166152479735488301e-02,-6.941186595184617447e-02,6.286546135722548279e-02
3.599999999996725819e-01,8.500000000000000000e+01,4.177482427156677947e-01,2.060461769258955730e-02,9.408966880521597886e+01,nan,nan,nan,9.425067822507694482e-01,9.999997615814208984e-01,8.666344095422646721e-01,9.461447450419547822e-01,4.321820769092228620e-02,1.364939220284208665e-02,1.164431263990332310e-01,2.393446239498022987e-01,-6.888126491294289666e-01,2.036045340458286113e+00,-1.269823269549444689e+01,1.669023880369610913e+00,2.248880016068076060e+01,-1.267201080982185779e+01,1.656227983608668630e+00,2.250092235320366996e+01,-4.774079644332572189e-04,1.338812184448478831e-03,1.423305252048712123e-04,-5.358936213634835207e-04,-2.920402858003933637e-06,-1.433085893182154714e-03,9.576980637275698974e-06,-3.079759932479901825e-07,-3.518423678430376359e-06,-4.850570044168311945e-01,1.725256819372455452e-01,2.402438890016885153e+00,9.551957097911751848e-01,9.999997615814208984e-01,8.701860607719589247e-01,9.551617145570485690e-01,9.388214246041024502e-01,1.100867808451932994e-02,-6.850165741517078022e-02,6.486369462398539065e-02
3.699999999998908606e-01,8.500000000000000000e+01,4.244231886890860173e-01,-1.189831006065049900e-02,9.418668684403149882e+01,nan,nan,nan,9.427641440746327151e-01,9.999997615814208984e-01,8.655463848120811265e-01,9.434936650621182919e-01,4.972644959599056835e-02,-4.645822335143341003e-02,1.422181827265452392e-01,-1.465626109931694732e-02,-5.424684830542938485e-01,2.310351433745422955e+00,-1.224263373258230914e+01,1.666202561587778019e+00,2.251743990900887837e+01,-1.221212560705540184e+01,1.657668521890194535e+00,2.253292621943103669e+01,-5.621757700393133911e-04,8.886749311900302454e-04,1.009027518689642954e-04,-6.168991946740846498e-04,2.428684302570880462e-06,-1.750299426385616784e-03,1.128113664947633548e-05,-3.551646917620733540e-07,-4.060459657767145039e-06,-4.674730758414546994e-01,1.725363495561322846e-01,2.405664218672161070e+00,9.543939606373377238e-01,9.999997615814208984e-01,8.698868340808301181e-01,9.544092068663202477e-01,9.379509888825632302e-01,1.035583137162449097e-02,-6.759144887841267435e-02,6.686192789092709754e-02
3.800000000001091394e-01,8.500000000000000000e+01,4.310437035646332848e-01,-4.441249170750470598e-02,9.428379292404555656e+01,nan,nan,nan,9.430215058984958709e-01,9.999997615814208984e-01,8.644583600818976921e-01,9.408425850822816905e-01,6.994921139982263059e-03,-1.130544841313360360e-01,1.710776683147211263e-01,-2.420817271916467922e-02,-4.234218594433220573e-01,2.583516349985375715e+00,-1.176868744693326896e+01,1.657692089705401939e+00,2.258258544135091128e+01,-1.174960325565072949e+01,1.653299364015143436e+00,2.260359637643573194e+01,-6.568708600289982578e-04,4.501739369305757677e-04,-1.369056564410846136e-04,-8.682357472092088380e-05,8.371121261690232042e-06,-2.105837513159501163e-03,1.318738430250540779e-05,-5.016690433551590893e-08,-5.723500191074174123e-07,-4.497990599840399062e-01,1.724827208251867305e-01,2.413310025989989782e+00,9.536605167436382757e-01,9.999997615814208984e-01,8.695367354259614379e-01,9.535342545245318879e-01,9.370805531610240102e-01,9.702984658729485457e-03,-6.668124034165451297e-02,6.886016115786874892e-02
3.900000000003274181e-01,8.500000000000000000e+01,4.376097937822951978e-01,-7.693793772803753095e-02,9.438098691651663330e+01,nan,nan,nan,9.432788677223591378e-01,9.999997615814208984e-01,8.633703353517141466e-01,9.381915051024452001e-01,2.477935188824201967e-02,-1.564528185228711565e-01,2.219454716781003867e-01,-7.603267847127534451e-02,-5.995068349491179394e-01,2.838309255182794200e+00,-1.131455511066370789e+01,1.656032337974381763e+00,2.268942424439719119e+01,-1.128478331518551947e+01,1.655034672406997975e+00,2.271575696933423671e+01,-8.489203560805077143e-04,9.244709853262778076e-05,-7.607071471355818823e-05,-3.077409181253800080e-04,1.186394224342079756e-05,-2.733416846112825434e-03,1.705277944121848610e-05,-1.787552400246184951e-07,-2.029884097962290892e-06,-4.320434358129423558e-01,1.723691299213881423e-01,2.425081317591235575e+00,9.529909728979124584e-01,9.999997615814208984e-01,8.691390456936719522e-01,9.525447543563970720e-01,9.362101174394847902e-01,9.050137945834646480e-03,-6.577103180489640710e-02,7.085839442481034478e-02
3.999999999996362021e-01,8.500000000000000000e+01,4.441214656805728689e-01,-1.094746586211450406e-01,9.447826869043710474e+01,nan,nan,nan,9.431935913292627260e-01,9.999997615814208984e-01,8.648524731622101447e-01,9.380840247176218671e-01,6.492369195529430759e-02,-1.912798018604892347e-01,2.809450802039372697e-01,-9.050863402720171758e-02,-1.085092345120207913e+00,2.991824200842800874e+00,-1.086309623428065763e+01,1.660413054379547670e+00,2.277729727934812942e+01,-1.081446352561984270e+01,1.662085715617587001e+00,2.280841588406259035e+01,-1.076502122027324241e-03,-1.886005711583538518e-04,1.447159667544274740e-04,-8.067001921712954084e-04,1.448549334271612341e-05,-3.461897152535061209e-03,2.163343589948272592e-05,-4.705181384246459153e-07,-5.319627392931699090e-06,-4.140859796822985439e-01,1.722324936819642494e-01,2.434409819017517407e+00,9.523591102217545679e-01,9.999997615814208984e-01,8.688625917072373417e-01,9.516121383033497860e-01,9.365324626976290201e-01,8.212690651626775029e-03,-6.501886090378494742e-02,7.012842751542580633e-02
4.099999999998544808e-01,8.500000000000000000e+01,4.660854476572998117e-01,-1.786383614328649339e-01,9.466399394538758827e+01,nan,nan,nan,9.429663848927047898e-01,9.999997615814208984e-01,8.673992420123377567e-01,9.390301722796167150e-01,7.469844411222829883e-02,-1.779065798310480451e-01,3.184056615083305508e-01,6.414900281313662411e-02,-1.654790462012424745e+00,3.106535607942161104e+00,-1.039460870828113492e+01,1.660161311681185969e+00,2.281613694541181658e+01,-1.033879199761021006e+01,1.664338436506777708e+00,2.285054812606531272e+01,-1.232813800381896314e-03,-4.483192195778423197e-04,2.576888772208814414e-04,-9.285239579982971191e-04,1.287049152571806998e-05,-3.925618255278135078e-03,2.477875652173535840e-05,-5.426194279127784373e-07,-6.116317519461731971e-06,-3.958851229928257442e-01,1.720878819347250455e-01,2.438850679415594414e+00,9.517533450465143208e-01,9.999997615814208984e-01,8.687682158734602034e-01,9.508006893802495307e-01,9.373488901915200122e-01,7.298776789281424815e-03,-6.433215347799753348e-02,6.826836609108560827e-02
4.200000000000727596e-01,8.500000000000000000e+01,4.912789587869603736e-01,-2.561153663633652933e-01,9.486994617605520830e+01,nan,nan,nan,9.427391784561468535e-01,9.999997615814208984e-01,8.699460108624652577e-01,9.399763198416114518e-01,6.368107947158049842e-02,-1.315337562735663934e-01,3.411198468103245340e-01,-1.236221201999554847e-01,-1.913394418514101192e+00,3.340211964385118915e+00,-9.913003117738073300e+00,1.654910057268008439e+00,2.280949476294286171e+01,-9.858012549915510903e+00,1.661527843566665830e+00,2.284632082348123916e+01,-1.340048590785799772e-03,-6.986217039474496666e-04,2.810668270699427608e-04,-7.918194224329010806e-04,8.346689849844136921e-06,-4.207740540698115365e-03,2.693221018865805602e-05,-4.626789704555376348e-07,-5.206176471137815761e-06,-3.774536033243816036e-01,1.719357193630262348e-01,2.438724082135884430e+00,9.511719942656742255e-01,9.999997615814208984e-01,8.688441754233158232e-01,9.501025931535708180e-01,9.381653176854111154e-01,6.384862926936074601e-03,-6.364544605221011953e-02,6.640830466674546573e-02
4.300000000002910383e-01,8.500000000000000000e+01,5.161968444194662275e-01,-3.336841809589946584e-01,9.507629573052062710e+01,nan,nan,nan,9.425119720195889172e-01,9.999997615814208984e-01,8.724927797125928697e-01,9.409224674036062996e-01,2.870264755079062619e-02,-1.144732635289162220e-01,3.719106351369848573e-01,-6.582388293739804830e-01,-1.799605473142832590e+00,3.593763873030875633e+00,-9.417827584278073871e+00,1.643789701832640393e+00,2.276088375611443482e+01,-9.370910995386775966e+00,1.652751715577436276e+00,2.280198711206347184e+01,-1.468409413174277724e-03,-9.417298648786296333e-04,2.027560327114120379e-04,-3.569734432574508303e-04,6.519385500782003815e-06,-4.588977205088050869e-03,2.950382437677061853e-05,-2.081666700173745858e-07,-2.341066127998779712e-06,-3.588027775269523323e-01,1.717763935028483457e-01,2.434327090888725564e+00,9.506134833213309987e-01,9.999997615814208984e-01,8.690794849143579359e-01,9.495105391661667893e-01,9.389817451793023295e-01,5.470949064590724387e-03,-6.295873862642270558e-02,6.454824324240526767e-02
4.399999999995998223e-01,8.500000000000000000e+01,5.408392411096750729e-01,-4.113449493066938523e-01,9.528304138968701409e+01,nan,nan,nan,9.422847655830516311e-01,9.999997615814208984e-01,8.750395485624887781e-01,9.418686149655151052e-01,-2.390657141456090096e-02,-1.189810697431152170e-01,4.086442667546015262e-01,-9.287429258103654384e-01,-1.597736001586245846e+00,3.751770217388891826e+00,-8.911314491379785707e+00,1.626540858306284587e+00,2.267284441917463766e+01,-8.877823902189623695e+00,1.637744729791885456e+00,2.271959624640304298e+01,-1.611693623998647221e-03,-1.176281217323946757e-03,4.952176943032604182e-05,2.973690991618687849e-04,6.693805275425203706e-06,-5.043109237502174658e-03,3.236758126760495499e-05,1.727476667467630255e-07,1.943870647163101772e-06,-3.399427991465587828e-01,1.716102587397154156e-01,2.425935491754749762e+00,9.500763392035687094e-01,9.999997615814208984e-01,8.694638673884292901e-01,9.490176884343068942e-01,9.397981726731190477e-01,4.557035202328529877e-03,-6.227203120069779718e-02,6.268818181823421209e-02
4.499999999998181011e-01,8.500000000000000000e+01,5.652062826850183797e-01,-4.890978165330502336e-01,9.549018188863517764e+01,nan,nan,nan,9.420575591464936949e-01,9.999997615814208984e-01,8.775863174126163901e-01,9.428147625275098420e-01,6.841181134143448084e-03,-1.108834156306593294e-01,4.335255645063947894e-01,-8.169706904743494480e-01,-1.434671500544921319e+00,3.829874266130675498e+00,-8.425923533625743644e+00,1.631407189339086683e+00,2.256025127855297896e+01,-8.379923058785511358e+00,1.644447608783049741e+00,2.260821675778004902e+01,-1.710029496798203333e-03,-1.366897589837245399e-03,2.301290020502835593e-04,-8.510259430809623813e-05,5.840664000334806397e-06,-5.350798792058757483e-03,3.432018678077566404e-05,-4.916566534374646496e-08,-5.541594104226047065e-07,-3.208827721783436004e-01,1.714376398232587695e-01,2.413805469839278572e+00,9.495591839013195479e-01,9.999997615814208984e-01,8.699877086794191028e-01,9.486176430409520854e-01,9.406146001670101509e-01,3.643121339983124152e-03,-6.158532377491032772e-02,6.082812039389418057e-02
4.600000000000363798e-01,8.500000000000000000e+01,5.740142692827673310e-01,-5.852864047518109292e-01,9.576972456607546746e+01,nan,nan,nan,9.418303527099356476e-01,9.999997615814208984e-01,8.801330862627440021e-01,9.437609100895046899e-01,5.676206243334441792e-02,-9.988635059424172402e-02,4.556806796830929485e-01,-8.249942565699025510e-01,-1.392007980030395720e+00,3.801685560255813723e+00,-7.941584898826701711e+00,1.643069486591088202e+00,2.241666806413604007e+01,-7.877135235152452175e+00,1.657761061021294946e+00,2.246486315245217469e+01,-1.796935139055468901e-03,-1.537810614910661150e-03,4.833597201613715547e-04,-7.061121754292795606e-04,4.768698821483864643e-06,-5.624521283209512647e-03,3.603506251245994007e-05,-4.050360309478979790e-07,-4.577508180866765673e-06,-3.016308842786628031e-01,1.712588349601777415e-01,2.398175137227912757e+00,9.490607282756055030e-01,9.999997615814208984e-01,8.706420146677603666e-01,9.483044176900169431e-01,9.414310276609013650e-01,2.729207477637718426e-03,-6.089861634912296928e-02,5.896805896955387150e-02
4.700000000002546585e-01,8.500000000000000000e+01,5.783472435226121311e-01,-6.862884378159613830e-01,9.606884599058535912e+01,nan,nan,nan,9.416031462733777113e-01,9.999997615814208984e-01,8.826798551128715031e-01,9.447070576514995377e-01,6.050649335561450459e-02,-1.353123243712542056e-01,4.761344038005210222e-01,-1.127745500369089937e+00,-1.455695470449817064e+00,3.667831784876618428e+00,-7.435444196165279074e+00,1.641583580364697204e+00,2.223935315159778980e+01,-7.368186181107182264e+00,1.657923073069360820e+00,2.228931766566909545e+01,-1.859105110207866056e-03,-1.713147272448001593e-03,5.466063126989179110e-04,-7.526515335209085647e-04,8.125294712177140246e-06,-5.876410318939792425e-03,3.724596776452545184e-05,-4.280001534688361180e-07,-4.854798515322675820e-06,-2.821945221582621288e-01,1.710741185385961649e-01,2.379265927059272201e+00,9.485797663279078584e-01,9.999997615814208984e-01,8.714183712917739077e-01,9.480724130952061790e-01,9.422474551547923571e-01,1.815293615292423723e-03,-6.021190892333561084e-02,5.710799754521367344e-02
4.799999999995634425e-01,8.500000000000000000e+01,5.821597584751609933e-01,-7.873212099416270204e-01,9.636884167830365300e+01,nan,nan,nan,9.413759398368404252e-01,9.999997615814208984e-01,8.852266239627675226e-01,9.456532052134082322e-01,5.146867907781137175e-02,-1.835888022480282877e-01,4.961171606259939248e-01,-1.401320129730563302e+00,-1.683682771840210979e+00,3.579175523956469096e+00,-6.919825215235741567e+00,1.636041352506145241e+00,2.203203978802280361e+01,-6.854108341954027850e+00,1.653950281665452771e+00,2.208421442568457493e+01,-1.913659288854281486e-03,-1.881624768713301924e-03,5.554880059323066529e-04,-6.401560808967059072e-04,1.272372654520215784e-05,-6.122013027818960611e-03,3.829671061993411313e-05,-3.603474492334335765e-07,-4.106362421853209650e-06,-2.625803715259127369e-01,1.708837435301023555e-01,2.357283866918205462e+00,9.481151698381898862e-01,9.999997615814208984e-01,8.723089071379714898e-01,9.479163910850738617e-01,9.430638826486092974e-01,9.013797530301181915e-04,-5.952520149761059143e-02,5.524793612104278440e-02
4.899999999997817213e-01,8.500000000000000000e+01,5.854518143700487842e-01,-8.883850374034581998e-01,9.666970751005571572e+01,nan,nan,nan,9.411487334002824889e-01,9.999997615814208984e-01,8.877733928128950236e-01,9.465993527754030801e-01,2.143809263690461819e-03,-2.073228575675662155e-01,5.482311503732888447e-01,-1.569555490907126094e+00,-2.128248394719209013e+00,3.599457148970519160e+00,-6.390338635604104311e+00,1.616558405074355331e+00,2.178618165247750937e+01,-6.335799240980152902e+00,1.636090025206843768e+00,2.184577142914298165e+01,-2.103040913497464335e-03,-2.053358625209622274e-03,4.018464568863537026e-04,-2.665974969062812611e-05,1.474216710017804182e-05,-6.764014478054996247e-03,4.203492403859559697e-05,-1.483388820968928908e-08,-1.699835253459851850e-07,-2.427945036409241419e-01,1.706879436098572844e-01,2.332420743316468759e+00,9.476658833487235922e-01,9.999997615814208984e-01,8.733062584440827170e-01,9.478314513136543162e-01,9.438803101425002895e-01,-1.253410931517651150e-05,-5.883849407182323299e-02,5.338787469670258634e-02
5.000000000000000000e-01,8.500000000000000000e+01,5.882234017185382635e-01,-9.894802370518736012e-01,9.697143915139287174e+01,nan,nan,nan,9.409215269637245527e-01,9.999997615814208984e-01,8.903201616630226356e-01,9.475455003373979279e-01,-6.794424828615018563e-02,-2.184082117010011370e-01,6.169049708759088979e-01,-1.697320616618978040e+00,-2.512098950860657265e+00,3.621909393258784693e+00,-5.851581898625967781e+00,1.584136850750995862e+00,2.150871146631741837e+01,-5.813242577508147768e+00,1.605888535647518989e+00,2.157812978902858703e+01,-2.359401562117248267e-03,-2.286298848386353767e-03,1.928034422047748223e-04,8.447486528239949322e-04,1.548223491191300991e-05,-7.609876252091505450e-03,4.709560118973323169e-05,4.639656690143033729e-07,5.351244175895702987e-06,-2.228424502655693695e-01,1.704869350300429742e-01,2.304855167768241841e+00,9.472309194714337854e-01,9.999997615814208984e-01,8.744035363590524357e-01,9.478130094730624622e-01,9.446967376363915037e-01,-9.264479716605267257e-04,-5.815178664603581904e-02,5.152781327236249931e-02
5.100000000002182787e-01,8.500000000000000000e+01,5.239980163942585811e-01,-1.129699319106542754e+00,9.738150478531622412e+01,nan,nan,nan,9.402550953619669416e-01,9.992386837188245163e-01,8.939713575654474331e-01,9.492787325420619648e-01,-9.683236100076342279e-02,-2.402912479646967525e-01,6.712941190227960098e-01,-1.311451689909338691e+00,-2.557629599263721243e+00,3.809018493638355540e+00,-5.323029301997266316e+00,1.563958424126070224e+00,2.118116776033195947e+01,-5.289140101374155023e+00,1.588640218364051337e+00,2.125687354002678475e+01,-2.551645048054202933e-03,-2.594264971171934310e-03,1.879603182079133436e-04,1.203573300341879071e-03,1.742881789912119233e-05,-8.278555894460359887e-03,5.085670607405225543e-05,6.505765064923116136e-07,7.568817629313035171e-06,-2.028443702203747145e-01,1.702679315770989632e-01,2.271112072748245225e+00,9.467810275427250843e-01,9.999506773754363032e-01,8.756655241450150839e-01,9.479075383728909898e-01,9.456859672970752140e-01,-1.838106690121521503e-03,-5.714548166673605323e-02,4.812184448664102998e-02
5.200000000004365575e-01,8.500000000000000000e+01,4.373243927568258305e-01,-1.281912148068844681e+00,9.782819930669153052e+01,nan,nan,nan,9.393253534724338438e-01,9.980213486858798833e-01,8.982846444134925390e-01,9.514838126739063595e-01,-8.884585945543335694e-02,-2.718383836597684233e-01,7.128982553194500582e-01,-6.508291513842224818e-01,-2.407532170703648777e+00,4.275128817270323900e+00,-4.805036120897841379e+00,1.559727499996751643e+00,2.078649116637121352e+01,-4.765089652211377924e+00,1.587396212734413226e+00,2.086557483065428542e+01,-2.686447721049191936e-03,-2.908977123698642132e-03,3.379837764879452104e-04,1.103917350711443443e-03,2.044414261162237709e-05,-8.788548620063613495e-03,5.345446746525834973e-05,5.849658342626946212e-07,6.884887477198481979e-06,-1.828624435329192499e-01,1.700240544519702190e-01,2.229391933309344154e+00,9.463001886433103360e-01,9.998262491513818517e-01,8.771242994070617138e-01,9.481381830849174852e-01,9.467787898114281564e-01,-2.748413476516109455e-03,-5.594758173692992997e-02,4.378912253545746980e-02
5.299999999997453415e-01,8.500000000000000000e+01,3.494715252816497086e-01,-1.433481896951613210e+00,9.827716372271929401e+01,nan,nan,nan,9.383956115829853450e-01,9.968040136530459394e-01,9.025979312611454031e-01,9.536888928055501369e-01,-9.952397695089867935e-02,-3.180757739864774059e-01,7.493598755610190176e-01,-4.305692969092810851e-01,-2.288734594192260552e+00,4.516141005125233754e+00,-4.279589917718546133e+00,1.546955695600781278e+00,2.031751043437660442e+01,-4.240370913276341192e+00,1.577457517340634441e+00,2.040010284261128959e+01,-2.792780275545589733e-03,-3.209225929331571345e-03,4.081990932978735902e-04,1.236080562509393960e-03,2.492987258568900194e-05,-9.234142508387591444e-03,5.546977709580654733e-05,6.396145254682731100e-07,7.638544428483688445e-06,-1.628838270018356793e-01,1.697566139761151893e-01,2.180190004818740590e+00,9.457903986366400506e-01,9.996313360721497121e-01,8.787671707275261923e-01,9.484961650900154417e-01,9.478716123256816228e-01,-3.658720262827930281e-03,-5.474968180723266409e-02,3.945640058466787226e-02
5.399999999999636202e-01,8.500000000000000000e+01,2.604372134384765336e-01,-1.584409505646487748e+00,9.872838133947649908e+01,nan,nan,nan,9.374658696934522473e-01,9.955866786201011953e-01,9.069112181091905089e-01,9.558939729373945315e-01,-1.162000269918478240e-01,-3.690339226768485359e-01,7.841689325085466900e-01,-3.689040578808006621e-01,-2.032286294819428907e+00,4.325919601301372985e+00,-3.751266683615445352e+00,1.530665485994480379e+00,1.978040188774854613e+01,-3.715002313395015410e+00,1.563827009899085407e+00,1.986657159856104116e+01,-2.887891961085598327e-03,-3.491905215171673457e-03,4.493859949466066104e-04,1.442511966533825034e-03,2.991380071260126786e-05,-9.658460527528967346e-03,5.724791528999165560e-05,7.260476498605067679e-07,8.824814688927958164e-06,-1.428958216065348008e-01,1.694668357339944031e-01,2.123967419774153598e+00,9.452535246669022673e-01,9.993704839185527655e-01,8.805822651965826697e-01,9.489732720222496809e-01,9.489644348400345653e-01,-4.569027049222462722e-03,-5.355178187742648532e-02,3.512367863348420105e-02
5.500000000001818989e-01,8.500000000000000000e+01,1.702192255912510777e-01,-1.734695887870129294e+00,9.918183418201492429e+01,nan,nan,nan,9.365361278039191495e-01,9.943693435871565622e-01,9.112245049572357258e-01,9.580990530692389262e-01,-1.324205792753427868e-01,-4.154073388414569190e-01,8.190711548364766337e-01,-9.542283140211935133e-02,-1.512541558542450204e+00,4.096570171919359460e+00,-3.222500915777511743e+00,1.513820488905973649e+00,1.918096826697040669e+01,-3.189073800178348073e+00,1.549468358159329817e+00,1.927075012610875149e+01,-2.981517024580370660e-03,-3.756086219575237393e-03,4.872033096132247785e-04,1.643006444148043020e-03,3.450504741371370480e-05,-1.008306056806293136e-02,5.898328688371994651e-05,8.011621074388941735e-07,9.942249324313606388e-06,-1.228859805971312946e-01,1.691558664955728486e-01,2.061153735903317852e+00,9.446913134605325890e-01,9.990479453003010546e-01,8.825584756241312556e-01,9.495618211559113675e-01,9.500572573543876187e-01,-5.479333835617106185e-03,-5.235388194762030656e-02,3.079095668230041882e-02
5.600000000004001777e-01,8.500000000000000000e+01,6.844313448041201842e-02,-1.969671179241913039e+00,9.970412874247942625e+01,nan,nan,nan,9.356063859143861627e-01,9.931520085542119292e-01,9.155377918052808317e-01,9.603041332010833209e-01,-1.483533235763035418e-01,-4.588838744021436766e-01,8.540322440627321487e-01,5.091997184820030720e-01,-9.140569315985757060e-01,3.910503609493819255e+00,-2.692842081248665753e+00,1.496358883906107051e+00,1.852293686030719755e+01,-2.662209068018059011e+00,1.534329527591140385e+00,1.861636268411986705e+01,-3.072863211365272403e-03,-4.002950265290330413e-03,5.215005143189376359e-04,1.839627894730635430e-03,3.886301753413240044e-05,-1.050748022101955122e-02,6.066102149630374769e-05,8.654633613802880261e-07,1.100240815994688495e-05,-1.028421938963828275e-01,1.688247796720803162e-01,1.992149271722649218e+00,9.441053990923122807e-01,9.986676985634829196e-01,8.846854111562492129e-01,9.502546252474356470e-01,9.511500798687405611e-01,-6.389640622011638627e-03,-5.115598201781412779e-02,2.645823473111685864e-02
5.699999999997089617e-01,8.500000000000000000e+01,-3.970667641918899926e-02,-2.236417525889977220e+00,1.002556863441650989e+02,nan,nan,nan,9.346766440249376640e-01,9.919346735213779853e-01,9.198510786529336958e-01,9.625092133327270982e-01,-1.841338001120254586e-01,-4.890309801182334826e-01,8.853304089470788174e-01,1.377458876678165689e+00,-4.844641161301241339e-01,3.733649701540716404e+00,-2.155896308824855723e+00,1.466938025575593940e+00,1.780462125569959753e+01,-2.134814368479596158e+00,1.507140923470069005e+00,1.790197706911632380e+01,-3.150935684055670288e-03,-4.239269149797158555e-03,4.779142539937658715e-04,2.281892922403117637e-03,4.202246493689803478e-05,-1.088597066554728918e-02,6.206562380466837121e-05,1.031259784763179857e-06,1.347824160357006526e-05,-8.275275256179548400e-02,1.684745803475177772e-01,1.917327249596734617e+00,9.434973102506188924e-01,9.982334654786599870e-01,8.869533510764860962e-01,9.510449605802516748e-01,9.522429023829941386e-01,-7.299947408323459452e-03,-4.995808208811686191e-02,2.212551278032748314e-02
5.799999999999272404e-01,8.500000000000000000e+01,-1.504613673159715115e-01,-2.502221703967373312e+00,1.008112202821749008e+02,nan,nan,nan,9.337469021354045662e-01,9.907173384884332412e-01,9.241643655009789127e-01,9.647142934645714929e-01,-2.326786578512967663e-01,-5.106057249424462707e-01,9.142728909778661261e-01,2.165962386602498402e+00,-2.766924975046333723e-01,3.796403582579616298e+00,-1.613549105431804520e+00,1.428665557192718039e+00,1.703070491657972596e+01,-1.606381250709589592e+00,1.470990609103763225e+00,1.713216101336239561e+01,-3.219209643260777763e-03,-4.463383696055285045e-03,3.854747901739868053e-04,2.881569714017125430e-03,4.442119144781177351e-05,-1.123463278547410030e-02,6.326789358123670402e-05,1.245250432693364590e-06,1.679686745065368957e-05,-6.260639652723154480e-02,1.681062099239552798e-01,1.837035764226868650e+00,9.428684770340964860e-01,9.977487277881751382e-01,8.893532015867535723e-01,9.519265370705679574e-01,9.533357248973470810e-01,-8.210254194718047405e-03,-4.876018215831062763e-02,1.779279082914358989e-02
5.900000000001455192e-01,8.500000000000000000e+01,-2.638297668316024192e-01,-2.767088893192901633e+00,1.013707040884716406e+02,nan,nan,nan,9.328171602458714684e-01,9.895000034554886081e-01,9.284776523490240185e-01,9.669193735964157765e-01,-1.559607729852751645e-01,-4.901374881087014468e-01,1.008987559005227075e+00,2.629200253735684445e+00,-7.572796270714282629e-02,3.835326749514550659e+00,-1.116642416966255880e+00,1.459591173605962799e+00,1.624924511795867232e+01,-1.076565388208369889e+00,1.503628688178441530e+00,1.635819117548149393e+01,-3.533470256100462812e-03,-4.639931155913132148e-03,7.471889010929773367e-04,1.930110498947419043e-03,4.268037347998098922e-05,-1.239034049100865703e-02,6.928625960812778782e-05,7.936211592548888410e-07,1.109520329297852016e-05,-4.239234838816474671e-02,1.677205504148270021e-01,1.751599592647409054e+00,9.422202373100215800e-01,9.972167426863172146e-01,8.918764553753943947e-01,9.528934703010478735e-01,9.544285474117000234e-01,-9.120560981112690868e-03,-4.756228222850444887e-02,1.346006887796014073e-02
6.000000000003637979e-01,8.500000000000000000e+01,-3.798209757526591623e-01,-3.031024157737619351e+00,1.019341079318929815e+02,nan,nan,nan,9.318874183563383706e-01,9.882826684225439751e-01,9.327909391970691244e-01,9.691244537282601712e-01,-5.635336271040905509e-02,-4.619866484761676051e-01,1.115720917436866522e+00,2.958903799593239903e+00,2.636013324119290679e-01,3.619367485746293411e+00,-6.263586504060375537e-01,1.512261824421570644e+00,1.542720312811420058e+01,-5.451381000984368841e-01,1.561778383156664285e+00,1.554385432498403574e+01,-3.881804465885421371e-03,-5.208910304909521866e-03,1.232769299149033765e-03,6.968923655212787803e-04,4.030155892136870672e-05,-1.369144332787121214e-02,7.594176137944832268e-05,2.711772326391542683e-07,3.947988978151103666e-06,-2.210033559631552347e-02,1.673184284168965363e-01,1.661321860135355877e+00,9.415538426625761348e-01,9.966405573010951313e-01,8.945151537929293406e-01,9.539402553581706190e-01,9.555213699260529658e-01,-1.003086776750727882e-02,-4.636438229869832561e-02,9.127346926776580549e-03
6.099999999996725819e-01,8.500000000000000000e+01,-4.070704413918271869e-01,-3.255026832190599073e+00,1.025419331644584560e+02,nan,nan,nan,9.293737471598187971e-01,9.811546399632535831e-01,9.362459369189468639e-01,9.707418838591813648e-01,-9.214182794887431499e-03,-4.354034960064114279e-01,1.128327628290191287e+00,3.298399062204485865e+00,7.226554918902030611e-01,3.515246005398358520e+00,-2.220268608317663150e-01,1.531433596504088168e+00,1.448512814066023680e+01,-1.257240705701554995e-01,1.590759600731962653e+00,1.459994795037290594e+01,-3.875845961934526983e-03,-6.230578315041147321e-03,1.577964308711227214e-03,1.138756026652529106e-04,3.832910414671886917e-05,-1.383778909956438763e-02,7.568016114938006162e-05,4.150729719994658182e-08,6.340385922940174241e-07,-5.988113251616189459e-03,1.667491081357256877e-01,1.559086318976476093e+00,9.407683115810004937e-01,9.956418238024264955e-01,8.972064978137178626e-01,9.550238430365795006e-01,9.543790519753001522e-01,-8.642472931600142516e-03,-4.313841987183464344e-02,1.770283172472131294e-03
6.199999999998908606e-01,8.500000000000000000e+01,-3.949203721952821433e-01,-3.461347258488757905e+00,1.031722474675481322e+02,nan,nan,nan,9.265996534920337702e-01,9.730548021045072327e-01,9.395598186367813964e-01,9.722626952430556413e-01,1.581152121960624490e-02,-4.094810674049130239e-01,1.101263335583834602e+00,3.581989359069395640e+00,1.238210766516550265e+00,3.609893603761409775e+00,7.246566740900800552e-02,1.532620325154115948e+00,1.342360972967712840e+01,1.728293925777250328e-01,1.601819331497461141e+00,1.353283693577713720e+01,-3.718930128421918131e-03,-7.259065958898832174e-03,1.838386338157461898e-03,-1.953135087791818894e-04,3.642019893493201113e-05,-1.349939512567388360e-02,7.250846700301017398e-05,-6.586097493698032379e-08,-1.065538049820428768e-06,5.536466525961403207e-03,1.659987983626841079e-01,1.444458865705303907e+00,9.398545321027869104e-01,9.941851186739714130e-01,8.999379911675203791e-01,9.561356285899694774e-01,9.528692423690945379e-01,-6.876136003099608818e-03,-3.957901260937385368e-02,-6.084029141648072958e-03
6.300000000001091394e-01,8.500000000000000000e+01,-3.850874470250448267e-01,-3.668016410016137652e+00,1.038064950002832063e+02,nan,nan,nan,9.238255598242486322e-01,9.649549642457609933e-01,9.428737003546160400e-01,9.737835066269299178e-01,6.753680179318394261e-02,-3.631825267771043864e-01,1.099959280418488339e+00,4.003201509783989920e+00,1.678988970843403594e+00,3.719762562619472579e+00,2.442340423158521068e-01,1.551923319662088741e+00,1.225615808469046009e+01,3.594079681576370922e-01,1.630335876225205816e+00,1.236207852489490300e+01,-3.645699838791728858e-03,-8.216591812470619080e-03,2.174047232467402231e-03,-8.339457848424783326e-04,3.246355834596367226e-05,-1.347861739603936973e-02,7.100374777359022484e-05,-2.563699244590549595e-07,-4.444232803829818944e-06,1.280148984621365393e-02,1.650798181242562612e-01,1.318264909052512479e+00,9.388207753536993438e-01,9.922999778869047161e-01,9.027070445028019252e-01,9.572737934523674053e-01,9.513594327628889236e-01,-5.109799074599241653e-03,-3.601960534691311944e-02,-1.393834145576811068e-02
6.400000000003274181e-01,8.500000000000000000e+01,-3.775728371704372699e-01,-3.875037211832827122e+00,1.044446218529395196e+02,nan,nan,nan,9.210514661564636052e-01,9.568551263870146428e-01,9.461875820724505726e-01,9.753043180108041943e-01,1.388356020929188417e-01,-3.019462125180627510e-01,1.117540113428939996e+00,4.788036572465209417e+00,1.947144814690473735e+00,3.790695519030915950e+00,3.045752781554695865e-01,1.586061508172254664e+00,1.098551842708471504e+01,4.422329344399446027e-01,1.673092111456984110e+00,1.108990387921407361e+01,-3.625934206510206866e-03,-9.110439275160447936e-03,2.554536731035034636e-03,-1.713910970236970756e-03,2.700969945003302354e-05,-1.369076765858770299e-02,7.056826712578566287e-05,-4.718115872619243725e-07,-8.894400708677808838e-06,1.612035793136656903e-02,1.640039186470919896e-01,1.181286535960083484e+00,9.376747790296642293e-01,9.900140325485702331e-01,9.055112354631145166e-01,9.584366363426024549e-01,9.498496231566831982e-01,-3.343462146098707954e-03,-3.246019808445232968e-02,-2.179265376988831493e-02
6.499999999996362021e-01,8.500000000000000000e+01,-3.426696500342640839e-01,-4.069689200437081489e+00,1.051012058745473610e+02,nan,nan,nan,9.182773724889309319e-01,9.487552885290050364e-01,9.495014637899837906e-01,9.768251293945402480e-01,2.086016218880711037e-01,-2.691240915895419250e-01,1.167690918282472623e+00,5.660078282859401178e+00,2.175493888300725320e+00,3.793137758908478929e+00,2.703880492682776415e-01,1.624316646526287267e+00,9.614821217137260234e+00,4.321987501424520706e-01,1.719413748835408207e+00,9.721688700062911082e+00,-3.690808968510905438e-03,-9.949354730699159696e-03,2.906105575903107294e-03,-2.574804434645446352e-03,2.412527381788075360e-05,-1.430326448970954505e-02,7.180324497701408759e-05,-6.203820268728194272e-07,-1.297024141519314884e-05,1.579174586742393416e-02,1.627822856435059973e-01,1.034263800992128779e+00,9.364237817992848711e-01,9.873531317529398166e-01,9.083482979170618421e-01,9.596225657002470655e-01,9.483398135506150295e-01,-1.577125217758823528e-03,-2.890079082231528096e-02,-2.964696608329403515e-02
6.599999999998544808e-01,8.500000000000000000e+01,-1.619032116821496614e-01,-4.202743829036997170e+00,1.058352613503566459e+02,nan,nan,nan,9.155032788211459049e-01,9.406554506702586860e-01,9.528153455078183232e-01,9.783459407784145245e-01,2.764104848057648001e-01,-2.725831173275460317e-01,1.259429246390117108e+00,5.939649752322090137e+00,2.354303026934513099e+00,3.498667169690454770e+00,1.495816977689492511e-01,1.672368605387914542e+00,8.154617160640629692e+00,3.375613806746777801e-01,1.775011826106872359e+00,8.269035615243380377e+00,-3.858905005981825426e-03,-1.073733789408899339e-02,3.226837895255004873e-03,-3.411671608033055997e-03,2.455259774305916965e-05,-1.542655021601170920e-02,7.506690283569824034e-05,-6.977762141987946320e-07,-1.662616703666714815e-05,1.209969900157292777e-02,1.614255461245686363e-01,8.778961376302554243e-01,9.350745554875696808e-01,9.843414575078857087e-01,9.112161118829322781e-01,9.608300926094219818e-01,9.468300039444093041e-01,1.892117107417101707e-04,-2.534138355985449120e-02,-3.750127839741412838e-02
6.700000000000727596e-01,8.500000000000000000e+01,1.709044762430376313e-02,-4.338511091820246968e+00,1.065744582782495371e+02,nan,nan,nan,9.127291851533607669e-01,9.325556128115124466e-01,9.561292272256528557e-01,9.798667521622888010e-01,3.266713708587438147e-01,-2.622649031090620309e-01,1.275361152806494092e+00,5.410469086405617745e+00,2.432294192725629411e+00,2.965510402761202258e+00,-4.227625226800548613e-02,1.696004305933091594e+00,6.615546185367630727e+00,1.597324781493505708e-01,1.805767614904553842e+00,6.729547652177865658e+00,-3.773615644313545354e-03,-1.147966376019522901e-02,3.469981383244151712e-03,-4.032320237144305757e-03,2.368472784525588664e-05,-1.562285478937361360e-02,7.342054260594429158e-05,-6.699739564860156602e-07,-1.894373205887178878e-05,5.313840512461198706e-03,1.599437788403043348e-01,7.128438569020225657e-01,9.336334351841314438e-01,9.810016322507322251e-01,9.141126941030069952e-01,9.620578241789130569e-01,9.453201943382036898e-01,1.955548639242132847e-03,-2.178197629739381247e-02,-4.535559071153422162e-02
6.800000000002910383e-01,8.500000000000000000e+01,1.943169268956720375e-01,-4.476993192160590773e+00,1.073186791032018874e+02,nan,nan,nan,9.099550914855757400e-01,9.244557749527660961e-01,9.594431089434874993e-01,9.813875635461631886e-01,3.726299326128961198e-01,-2.485688548136051612e-01,1.272707223797862941e+00,4.630358895870712921e+00,2.537271640609122247e+00,2.762081340765457860e+00,-3.058038020109982158e-01,1.711818056688336975e+00,5.000677135817581664e+00,-9.282825409906987624e-02,1.828277793021031661e+00,5.112459675987016006e+00,-3.622403633676052337e-03,-1.217745225353789561e-02,3.678890297479769748e-03,-4.600407315738272267e-03,2.243663613327993606e-05,-1.559303858184629167e-02,7.050640481884359997e-05,-5.793171246930702816e-07,-2.075638181093385456e-05,-4.310332373959835373e-03,1.583465275817957929e-01,5.397297043911493120e-01,9.321063474095540036e-01,9.773548194296144409e-01,9.170361892258370728e-01,9.633044573492600682e-01,9.438103847319981865e-01,3.721885567742666545e-03,-1.822256903493302271e-02,-5.320990302565442587e-02
6.899999999995998223e-01,8.500000000000000000e+01,3.697818379553270973e-01,-4.618192457517996452e+00,1.080677979678604430e+02,nan,nan,nan,9.071809978180430667e-01,9.163559370947564897e-01,9.627569906610207173e-01,9.829083749298991313e-01,4.011657821057033058e-01,-2.217441942826599288e-01,1.315395385891210411e+00,4.109210826161990404e+00,2.592348531213360285e+00,3.006918986349920608e+00,-6.349551747625173936e-01,1.725310210059114002e+00,3.303292279426893963e+00,-4.136327786648941740e-01,1.847023793633963296e+00,3.418786589589895009e+00,-3.587643635897467664e-03,-1.272340240907977177e-02,3.810557569300061093e-03,-4.954032559692036347e-03,1.984813164136643119e-05,-1.612038515968910665e-02,6.986995671770515810e-05,-4.159233810750517419e-07,-2.137886807951402398e-05,-1.653108263033686853e-02,1.566428166974651315e-01,3.591404515480753901e-01,9.304988364652564403e-01,9.734208175981379219e-01,9.199848615571627475e-01,9.645687730992271725e-01,9.423005751259297957e-01,5.488222496082495461e-03,-1.466316177279591848e-02,-6.106421533906020160e-02
6.999999999998181011e-01,8.500000000000000000e+01,5.434908006400925862e-01,-4.762111344462962137e+00,1.088216807016558789e+02,nan,nan,nan,9.042594791708237212e-01,9.090433037328824462e-01,9.658345874129546926e-01,9.843578841701903226e-01,4.248104193479249613e-01,-1.912338372806804410e-01,1.370812782582236045e+00,3.736047120737354454e+00,2.467279365334747343e+00,3.278445032022872407e+00,-1.006945853344452191e+00,1.752560041362717369e+00,1.546284892443447356e+00,-7.784331956047390033e-01,1.865906085071760812e+00,1.668209337901193079e+00,-3.568692752918927770e-03,-1.184722496517118077e-02,3.809372311605520138e-03,-5.247892078152459859e-03,1.683763259795944685e-05,-1.680553489729178993e-02,6.954886166788826478e-05,-2.129945871168871253e-07,-2.158267944276765730e-05,-3.042427973120009899e-02,1.548710654201707060e-01,1.727432996916533625e-01,9.288065812025058099e-01,9.692689176327987655e-01,9.229418486130764876e-01,9.658450325357377242e-01,9.408738136217127401e-01,6.869736097588452495e-03,-1.165356065964717747e-02,-6.844484433971947945e-02
7.100000000000363798e-01,8.500000000000000000e+01,7.958311265720016126e-01,-4.853544209881491156e+00,1.096225472135112966e+02,nan,nan,nan,8.996379546830930440e-01,9.108081838798788299e-01,9.661875046458725524e-01,9.849851849828626937e-01,4.953761307356258081e-01,-1.793606847098990764e-01,1.418219385102814645e+00,3.281628472169952460e+00,2.215569746349579816e+00,3.383185252995809300e+00,-1.223681184816625356e+00,1.837246923974239499e+00,-1.302562752456321304e-01,-9.729516403075194608e-01,1.930513120822821893e+00,-3.026845059487523210e-03,-3.544599373083165764e-03,-9.750481740093120547e-03,3.833424461795568138e-03,-6.121981800884020858e-03,1.572726683254583240e-05,-1.739343350331248525e-02,6.912444615914635493e-05,7.120435217974289768e-09,-2.414388345773643311e-05,-3.785148015784189912e-02,1.533807596858173250e-01,-6.196030577569899833e-03,9.269254085357820916e-01,9.654986086558090541e-01,9.257308913549170404e-01,9.670794386740072524e-01,9.404047070479268911e-01,3.813725570102177720e-03,-1.498395476688796357e-02,-7.036327553288163061e-02
7.200000000002546585e-01,8.500000000000000000e+01,1.094621489928710556e+00,-4.916946082185903677e+00,1.104550061207838780e+02,nan,nan,nan,8.950164301953622559e-01,9.125730640268752136e-01,9.665404218787905233e-01,9.856124857955351759e-01,6.085477173156079722e-01,-1.844107254033359455e-01,1.458351923616271195e+00,2.785674124358270998e+00,2.086613701319688818e+00,3.294432670019044274e+00,-1.296742277165809254e+00,1.965575270838159749e+00,-1.730048122537740873e+00,-1.009967474056675973e+00,2.040087626131461551e+00,-1.599315394047833516e+00,-3.522265605201527032e-03,-7.793975287768477311e-03,3.963444028576448494e-03,-7.523672193444558461e-03,1.636645247417409417e-05,-1.789299727633059459e-02,6.873617346777448768e-05,3.114011352403308654e-07,-2.864316566881966279e-05,-3.930322607228564635e-02,1.521520562277431377e-01,-1.781749060449371314e-01,9.248675023180475963e-01,9.620852807138454699e-01,9.283628210178458406e-01,9.682746907594257380e-01,9.399356004741408199e-01,7.577150426158474339e-04,-1.831434887412880519e-02,-7.228170672604411484e-02
7.299999999995634425e-01,8.500000000000000000e+01,1.392568611881932705e+00,-4.985345270321685618e+00,1.112943072515946028e+02,nan,nan,nan,8.903949057080519092e-01,9.143379441737109481e-01,9.668933391116762976e-01,9.862397866081504816e-01,6.726633095788899785e-01,-1.625778131671262172e-01,1.479192703981217605e+00,2.405716432346715283e+00,2.081498473552897188e+00,2.943131665043059009e+00,-1.211740839772700085e+00,2.044177324909261184e+00,-3.284015456559012058e+00,-9.053759916381823869e-01,2.101201005835154678e+00,-3.150938505500460174e+00,-3.474982053269348291e-03,-5.967217938353650344e-03,3.978919729742041132e-03,-8.319957391115137893e-03,1.465025618853040869e-05,-1.815661682891395873e-02,6.786763619664720867e-05,6.671469376942077108e-07,-3.078950116814512357e-05,-3.523157485219646778e-02,1.511665572777982636e-01,-3.436508681969030476e-01,9.226442606288800530e-01,9.590059110236621720e-01,9.308477702980106905e-01,9.694333139549059508e-01,9.394664939003973814e-01,-2.298295484592427496e-03,-2.164474298106661143e-02,-7.420013791903201650e-02
7.399999999997817213e-01,8.500000000000000000e+01,1.689687888833137253e+00,-5.058743423260922967e+00,1.121402175007795705e+02,nan,nan,nan,8.857733812203212320e-01,9.161028243207073318e-01,9.672462563445941575e-01,9.868670874208229638e-01,7.205921852811648654e-01,-1.318744918036676150e-01,1.493667896909012249e+00,2.223313966855902990e+00,1.964011908601657863e+00,2.700849859247017370e+00,-9.892561960128282150e-01,2.106598480684669816e+00,-4.787641429631446677e+00,-6.683205433744268120e-01,2.147291855554712026e+00,-4.652702409025040176e+00,-3.435151561727408515e-03,-4.260712663992777260e-03,3.967678729643099936e-03,-8.916818566178600497e-03,1.225422913873255301e-05,-1.834267136388527050e-02,6.715525043143686236e-05,1.049012372626294913e-06,-3.230518027990836874e-05,-2.605342376333197318e-02,1.504071965459348181e-01,-5.030452858347906897e-01,9.202663464512863545e-01,9.562389616107387358e-01,9.331952184034394415e-01,9.705576705679986871e-01,9.389973873266115323e-01,-5.354306012078646759e-03,-2.497513708830745305e-02,-7.611856911219422317e-02
7.500000000000000000e-01,8.500000000000000000e+01,1.985994821852766989e+00,-5.137142350855494755e+00,1.129924885768429874e+02,nan,nan,nan,8.811518567325904439e-01,9.178677044677037156e-01,9.675991735775120173e-01,9.874943882334953349e-01,6.902344049448362329e-01,-9.056138696351259676e-02,1.520693700361442025e+00,1.903784521526237450e+00,1.994935287754485920e+00,2.759707167655911064e+00,-6.203686433755282170e-01,2.099136216638586738e+00,-6.252152106036779067e+00,-3.088960124316477707e-01,2.124517428780906769e+00,-6.112403801109536516e+00,-3.444817003648255934e-03,-2.659514423395735981e-03,3.793165357925707120e-03,-8.545197069205793042e-03,9.011758388133717795e-06,-1.868341946331116346e-02,6.742591822256685519e-05,1.314684124384396781e-06,-3.052595595908371952e-05,-1.215351581333184994e-02,1.498581351559687691e-01,-6.567466292450596654e-01,9.177437350803778759e-01,9.537642835494573035e-01,9.354140331994523772e-01,9.716499705539148879e-01,9.385282807528253501e-01,-8.410316539564977045e-03,-2.830553119554829467e-02,-7.803700030535659637e-02
7.600000000002182787e-01,8.500000000000000000e+01,2.260625249781833546e+00,-5.204506955815189073e+00,1.138810556835614989e+02,nan,nan,nan,8.765303322448597667e-01,9.196325846147000993e-01,9.679520908104299881e-01,9.881216890461678171e-01,6.333057183110812893e-01,-4.564726533632977590e-02,1.551979247595253186e+00,1.299858212410380576e+00,2.344063131242593023e+00,2.712045383935398846e+00,-1.300378068490341821e-01,2.066304100934367671e+00,-7.668248579102270313e+00,1.641242632426047621e-01,2.077324906003270577e+00,-7.522810641634792184e+00,-3.484018007778501552e-03,-1.157379802642179763e-03,3.576707446178030436e-03,-7.844249691584027212e-03,5.591170748834532559e-06,-1.907713836830455742e-02,6.829534869921740498e-05,1.481697595591229418e-06,-2.782524282388576693e-05,6.112839674687897684e-03,1.495046665702225996e-01,-8.051134086581086535e-01,9.150857584744087614e-01,9.515630273791616522e-01,9.375125106359991634e-01,9.727122813411908098e-01,9.380591741790393900e-01,-1.146632706705125182e-02,-3.163592530278908077e-02,-7.995543149851896958e-02
7.700000000004365575e-01,8.500000000000000000e+01,2.520735314539085614e+00,-5.266224006347006714e+00,1.147971708512902893e+02,nan,nan,nan,8.719088077571290896e-01,9.213974647616963720e-01,9.683050080433478479e-01,9.887489898588402992e-01,6.060548679622348445e-01,-2.153273871098648068e-02,1.579687412183748974e+00,9.427028680038586073e-01,2.659665792063945933e+00,2.432407092195473020e+00,4.576903157574744307e-01,2.061363336293952742e+00,-9.025342302271432970e+00,7.445166268548023547e-01,2.058948459675714826e+00,-8.875372652099743576e+00,-3.538146951297202730e-03,2.460948587844933124e-04,3.442067727764253418e-03,-7.510508807482184357e-03,4.286511839459665108e-06,-1.942753561699343129e-02,6.948250441472514089e-05,1.673656396794623388e-06,-2.663449193071967293e-05,2.841730200317316157e-02,1.493331296385614904e-01,-9.484768146467672523e-01,9.123011467455101053e-01,9.496175592977438296e-01,9.394984116322051548e-01,9.737465370236630946e-01,9.375900676052534299e-01,-1.452233759453741557e-02,-3.496631941002986688e-02,-8.187386269168128727e-02
7.799999999997453415e-01,8.500000000000000000e+01,2.780172051011286172e+00,-5.332896385123729210e+00,1.157209893675475456e+02,nan,nan,nan,8.672872832698186318e-01,9.231623449085322175e-01,9.686579252762336223e-01,9.893762906714556049e-01,5.981075912717618293e-01,-1.094704587060667603e-02,1.605068713425435778e+00,9.576789171859479977e-01,2.858927085040642080e+00,2.076682626354550365e+00,1.137556088694769540e+00,2.075626517225370726e+00,-1.033187248050283991e+01,1.423745566622890868e+00,2.060649933953591972e+00,-1.017814914405932392e+01,-3.609963416226962506e-03,1.556884674163448723e-03,3.363527291140343441e-03,-7.415878861420067969e-03,4.413475725917326625e-06,-1.974994548180376841e-02,7.104580263743963398e-05,1.896869159307915149e-06,-2.646133988937391548e-05,5.445626312798040880e-02,1.493308289987256288e-01,-1.087143093663023308e+00,9.093980669745875822e-01,9.479113827601486353e-01,9.413789965821202088e-01,9.747545469596223811e-01,9.371209610315101024e-01,-1.757834812174585704e-02,-3.829671351696778414e-02,-8.379229388466918893e-02
7.899999999999636202e-01,8.500000000000000000e+01,3.038947260022499819e+00,-5.404525788106982809e+00,1.166521930704131478e+02,nan,nan,nan,8.626657587820879547e-01,9.249272250555286012e-01,9.690108425091514821e-01,9.900035914841280871e-01,5.927533542653266041e-01,1.048923048031353764e-02,1.627386256320735303e+00,4.871183808286793093e-01,3.097471268892725504e+00,1.762329554182959779e+00,1.905361086574832497e+00,2.091892989711195305e+00,-1.160043091653831304e+01,2.192060598807719529e+00,2.065177604719380611e+00,-1.144346394735343608e+01,-3.693776281860522946e-03,2.782656855227630573e-03,3.302565396542983707e-03,-7.353420302209196305e-03,3.670420154786545573e-06,-2.003520611464437370e-02,7.287695242824670106e-05,2.116256318564349369e-06,-2.655808093062861190e-05,8.394881729098419010e-02,1.494859621359159729e-01,-1.221395688000125546e+00,9.063841595228215864e-01,9.464290651332689652e-01,9.431610576350962782e-01,9.757380038163947500e-01,9.366518544577240313e-01,-2.063435864923202079e-02,-4.162710762420862576e-02,-8.571072507783150662e-02
8.000000000001818989e-01,8.500000000000000000e+01,3.296151590328788128e+00,-5.473637078445306337e+00,1.175915589959055296e+02,nan,nan,nan,8.580442342943572775e-01,9.266921052025249850e-01,9.693637597420694529e-01,9.906308922968004582e-01,5.903861070231445352e-01,4.442457580798845479e-02,1.646174576396390643e+00,-4.846664405121525188e-01,3.297477577480702138e+00,1.558595731414687879e+00,2.754051000761662760e+00,2.107415036817124943e+00,-1.283371636417362893e+01,3.042466544074746260e+00,2.072817867650215362e+00,-1.267438455904852113e+01,-3.786863369389823538e-03,3.606883708756557748e-03,3.292733531890253140e-03,-7.328067778494634817e-03,1.891315467042117964e-06,-2.027748909481678213e-02,7.492506485966434317e-05,2.337172295033458460e-06,-2.693429110405261314e-05,1.166349153671965566e-01,1.497875524812428694e-01,-1.351497166023587937e+00,9.032665720014917410e-01,9.451561690810251770e-01,9.448509488942933299e-01,9.766984910960839761e-01,9.361827478839379602e-01,-2.369036917671835107e-02,-4.495750173144935635e-02,-8.762915627099382432e-02
8.100000000004001777e-01,8.500000000000000000e+01,3.541517379199000004e+00,-5.450539385254189462e+00,1.185534555717765670e+02,nan,nan,nan,8.525515771325732350e-01,9.257997462115291620e-01,9.705498026049504956e-01,9.906865423757216238e-01,6.163409293747058593e-01,3.831775734079280460e-02,1.663885087789116701e+00,-1.178809182575039749e+00,3.305666230648596216e+00,1.523521966080054080e+00,3.665278234531480273e+00,2.149060909148225118e+00,-1.405667851667067048e+01,3.964973293306707003e+00,2.111286647748022993e+00,-1.389616163164656903e+01,-3.894110228584325619e-03,3.936020640679098459e-03,3.398777295081001695e-03,-7.654954976059805301e-03,4.021664576278790099e-06,-2.050830128890399062e-02,7.730042413313324549e-05,2.681892746912468199e-06,-2.869559906339873637e-05,1.519243109099213118e-01,1.501287908562664586e-01,-1.482117595152089962e+00,8.999958090782891329e-01,9.439078150111683829e-01,9.465083454513250061e-01,9.776006226966401647e-01,9.348969170811936014e-01,-2.655571465409234388e-02,-4.669245442486352760e-02,-9.144251081828486116e-02
8.199999999997089617e-01,8.500000000000000000e+01,3.787712313420746213e+00,-5.432539052770383847e+00,1.195241595587070549e+02,nan,nan,nan,8.467522096573109058e-01,9.239718206018858737e-01,9.720291741777582484e-01,9.905409244029886873e-01,6.537351163465735526e-01,1.603779480309661110e-02,1.681160269181599665e+00,-1.302398639020559745e+00,3.137800615838493457e+00,1.590055454963358317e+00,4.633965706345397173e+00,2.202447543214274273e+00,-1.529142540696745378e+01,4.948889543373946154e+00,2.162816719938987831e+00,-1.513013264408528435e+01,-4.009474915872637130e-03,4.125586626007936991e-03,3.545951631059144488e-03,-8.125110961348680841e-03,7.810891428570391004e-06,-2.073591447687697306e-02,7.989202630578895459e-05,3.107079140170215933e-06,-3.109641285736230613e-05,1.894987307467193016e-01,1.504723230319844340e-01,-1.614735405498844756e+00,8.965619688238615215e-01,9.426220826253209895e-01,9.481542606403843276e-01,9.784351817682831465e-01,9.333235322099858733e-01,-2.935393035967232001e-02,-4.786568058490270339e-02,-9.592303416077502254e-02
8.299999999999272404e-01,8.500000000000000000e+01,4.034746486588704606e+00,-5.419635621368383838e+00,1.205032889924909227e+02,nan,nan,nan,8.409528421815209986e-01,9.221438949920762740e-01,9.735085457507006712e-01,9.903953064302424281e-01,6.167015435829376058e-01,7.160903360058204492e-02,1.694820257719530598e+00,-8.787146499168942970e-01,2.957165675857843290e+00,1.297795320989802326e+00,5.674345095485514356e+00,2.172247657140721433e+00,-1.657340376576501484e+01,5.979752985684354982e+00,2.130794562864897657e+00,-1.641009948875966273e+01,-4.101659380038477805e-03,4.319166089845021331e-03,3.514647970288922209e-03,-7.670862370777281787e-03,4.355740851405727646e-06,-2.092047296944913454e-02,8.208049765874547135e-05,3.184022048248236416e-06,-3.000151438740739703e-05,2.291841554990315943e-01,1.508171999558202692e-01,-1.749170152333711314e+00,8.929755685869383841e-01,9.413013825637648324e-01,9.497894349295166183e-01,9.792065262671306725e-01,9.317501473386351485e-01,-3.215214606550675924e-02,-4.903890674504851610e-02,-1.004035575036729133e-01
8.400000000001455192e-01,8.500000000000000000e+01,4.282629934865457066e+00,-5.411828763154173494e+00,1.214904356197201025e+02,nan,nan,nan,8.351534747057312025e-01,9.203159693822667853e-01,9.749879173236430940e-01,9.902496884574962799e-01,5.470516348587759481e-01,1.612968566759308553e-01,1.706895967150162452e+00,-3.270363950720869828e-01,2.929942939080723896e+00,5.545647456374246387e-01,6.772782382330375661e+00,2.104199733200402544e+00,-1.787786355145087924e+01,7.057772457437423874e+00,2.060978146826740520e+00,-1.771193719818127121e+01,-4.182578023446242507e-03,4.510463943602141014e-03,3.398478066316074509e-03,-6.810411188064679003e-03,-2.223506468139631405e-06,-2.108701757990550860e-02,8.410362704672925537e-05,3.053448034367594330e-06,-2.724333476578069536e-05,2.708171286579125758e-01,1.511625291640562030e-01,-1.885252652419122654e+00,8.892464474207544267e-01,9.399479699973327662e-01,9.514145610317414903e-01,9.799187330915721805e-01,9.301767624672844237e-01,-3.495036177134114297e-02,-5.021213290519438432e-02,-1.048840808465706376e-01
8.500000000003637979e-01,8.500000000000000000e+01,4.531372635349542044e+00,-5.409118280384715760e+00,1.224851654334092501e+02,nan,nan,nan,8.293541072299414063e-01,9.184880437724571856e-01,9.764672888965854058e-01,9.901040704847500207e-01,5.617354269960097568e-01,2.236248493799127268e-01,1.709034328981926087e+00,-1.353617634339195352e-01,3.139312904159517359e+00,-1.210617304991708082e-01,7.894028880928347647e+00,2.126206733600620069e+00,-1.918910695152294110e+01,8.185605827950125146e+00,2.081517824737397326e+00,-1.902357771395214314e+01,-4.247078270984736871e-03,4.667269621886543061e-03,3.487858966649914558e-03,-6.999795819531130954e-03,-6.197814594112623596e-06,-2.113258108403884977e-02,8.585540264338613185e-05,3.375248088086807163e-06,-2.866110398045320704e-05,3.142442050595980474e-01,1.515074727601555260e-01,-2.022824379954244023e+00,8.853838098283368652e-01,9.385639546540914813e-01,9.530302869849276437e-01,9.805756162085284000e-01,9.286033775959334768e-01,-3.774857747717558221e-02,-5.138535906534019704e-02,-1.093646041894684728e-01
8.599999999996725819e-01,8.500000000000000000e+01,4.771039849957878332e+00,-5.342536937546834785e+00,1.234775435777227841e+02,nan,nan,nan,8.235547397546789661e-01,9.166601181628138972e-01,9.779466604693932696e-01,9.899584525120170841e-01,6.457547982433252676e-01,2.634587541417004464e-01,1.703002626609489756e+00,-4.636565032597687597e-01,3.553829473353564250e+00,-4.843565973137916592e-01,9.038635916770845213e+00,2.222333909059697632e+00,-2.051474856321928897e+01,9.359072498630164105e+00,2.176479694991282798e+00,-2.035219084216478080e+01,-4.298188465266317322e-03,4.789956810546247036e-03,3.756335955802821841e-03,-8.054916428626738775e-03,-8.040987336238331756e-06,-2.107867134831691025e-02,8.739350984895283281e-05,4.161063178788858624e-06,-3.378212455010356417e-05,3.593214156883337007e-01,1.518512452524499734e-01,-2.161736881360269535e+00,8.813962666865953199e-01,9.371513101993945716e-01,9.546372190330191243e-01,9.811807436106951830e-01,9.270299927247258598e-01,-4.054679318275555833e-02,-5.255858522537937283e-02,-1.138451275319586897e-01
8.699999999998908606e-01,8.500000000000000000e+01,5.004075872289053706e+00,-5.218232928354074041e+00,1.244698212392597441e+02,nan,nan,nan,8.177553722788891699e-01,9.148321925530044085e-01,9.794260320423355815e-01,9.898128345392708249e-01,6.043045640565123389e-01,3.020112164128821997e-01,1.702267548364484018e+00,-8.718128633015174156e-01,3.734183604435953097e+00,-6.041921654359134752e-01,1.026337604487411781e+01,2.180433351744789139e+00,-2.183532914869409680e+01,1.057218713503630525e+01,2.133142926694279851e+00,-2.167216654064495884e+01,-4.363958519579273082e-03,4.941462716472800124e-03,3.703363016684052024e-03,-7.546040303582863228e-03,-9.641703442797926150e-06,-2.109162758310803576e-02,8.928945801120539679e-05,4.161750605447412945e-06,-3.243610113704614506e-05,4.059137503545581227e-01,1.521931112984784840e-01,-2.301851210521508762e+00,8.772918735309579441e-01,9.357118830109447671e-01,9.562359243214774152e-01,9.817374531801601467e-01,9.254566078533749129e-01,-4.334500888858999756e-02,-5.373181138552524105e-02,-1.183256508748564140e-01
8.800000000001091394e-01,8.500000000000000000e+01,5.240019889312414136e+00,-5.098931831831457373e+00,1.254707580311812904e+02,nan,nan,nan,8.119560048030992627e-01,9.130042669431948088e-01,9.809054036152780043e-01,9.896672165665245657e-01,5.315065306843398396e-01,3.402435182608663511e-01,1.702855798657411102e+00,-1.169918618896283347e+00,3.662633777705215365e+00,-6.031262423019899677e-01,1.153454639826570549e+01,2.104038524762867457e+00,-2.315823608001410605e+01,1.182158714702574542e+01,2.055281926051220509e+00,-2.299348807335157474e+01,-4.434094820869271397e-03,5.096240077321178251e-03,3.561616835679917714e-03,-6.644625705258669530e-03,-1.112417189002663541e-05,-2.112230025007651515e-02,9.133900020623833397e-05,3.900118365112662751e-06,-2.928860162398736164e-05,4.538946593529428197e-01,1.525323833951275909e-01,-2.443037385604837297e+00,8.730781663711199014e-01,9.342474003879910338e-01,9.578269334188347361e-01,9.822488675289327009e-01,9.238832229820241881e-01,-4.614322459442443680e-02,-5.490503754567105377e-02,-1.228061742177541937e-01
8.900000000003274181e-01,8.500000000000000000e+01,5.478881951989695409e+00,-4.984630308983048153e+00,1.264798866712603740e+02,nan,nan,nan,8.061566373273094666e-01,9.111763413333853201e-01,9.823847751882203161e-01,9.895215985937784176e-01,5.081062094032030574e-01,3.570040459629187368e-01,1.727061392056834954e+00,-1.365590769854864162e+00,3.761775823748782166e+00,-8.722851200456096521e-01,1.282266738172508092e+01,2.090433052417280724e+00,-2.449301980110745092e+01,1.310592222528855011e+01,2.040424346888400464e+00,-2.432508419103673347e+01,-4.577647598748956458e-03,5.225912492577853598e-03,3.546364260423101253e-03,-6.359790563549908710e-03,-1.016816619594032578e-05,-2.144791284879573462e-02,9.497398694642035510e-05,3.961528632716137338e-06,-2.876050294319701346e-05,5.031455748477716705e-01,1.528684195468415774e-01,-2.585173868201788849e+00,8.687621951967903211e-01,9.327594782310458799e-01,9.594107426756589563e-01,9.827179078823589098e-01,9.223098381106733523e-01,-4.894144030025882053e-02,-5.607826370581697750e-02,-1.272866975606519735e-01
8.999999999996362021e-01,8.500000000000000000e+01,5.720671982005884004e+00,-4.875325264621659827e+00,1.274967118518602547e+02,nan,nan,nan,8.003572698520471373e-01,9.093484157237420318e-01,9.838641467610281799e-01,9.893759806210453700e-01,5.120007891166300507e-01,3.619002600214491494e-01,1.764316841702626704e+00,-1.059517704790977843e+00,3.777805307487501540e+00,-1.625290898006545248e+00,1.413193677845327656e+01,2.108931216681792176e+00,-2.583867339688558573e+01,1.442148766708310603e+01,2.060537535832258182e+00,-2.566658650773525352e+01,-4.766400846852631920e-03,5.054651371688896958e-03,3.594296150657923933e-03,-6.416704620820723459e-03,-7.745981360338886207e-06,-2.193804969282772688e-02,9.964049523081761875e-05,4.230738962835080132e-06,-2.978326595022098527e-05,5.535554524214965078e-01,1.532006209382173467e-01,-2.728147065191148357e+00,8.643505553226207283e-01,9.312496282263366121e-01,9.609878164313645499e-01,9.831473070671555847e-01,9.207364532394657353e-01,-5.173965600583885216e-02,-5.725148986585604227e-02,-1.317672209031422459e-01
9.099999999998544808e-01,8.500000000000000000e+01,5.942897261011681920e+00,-4.673356231406443406e+00,1.284297847059049502e+02,nan,nan,nan,7.969200178352257025e-01,9.051260163054017926e-01,9.838020902461968031e-01,9.896465984466662480e-01,5.479249391642191380e-01,3.890407904360614899e-01,1.697694702551009183e+00,-3.597178074406918169e-01,3.360318305341167378e+00,-2.299137732253733191e+00,1.531722652716887190e+01,2.123456989977056786e+00,-2.717995952462549170e+01,1.561570602828795451e+01,2.080648476384562962e+00,-2.701649461945514830e+01,-4.646968520753747868e-03,4.472602254633120146e-03,3.716671007233081272e-03,-6.876170722941079422e-03,-9.207799253611177365e-06,-2.113695311670022239e-02,9.790373051782823690e-05,4.784568254141691818e-06,-3.269450491894315209e-05,5.993204558152818162e-01,1.534588467602723272e-01,-2.870433065599247158e+00,8.600017566591200424e-01,9.295648377316915179e-01,9.624591777339973619e-01,9.835664659633782669e-01,9.188736807083726088e-01,-5.118074513485326715e-02,-5.702525333532276752e-02,-1.357013272761178335e-01
9.200000000000727596e-01,8.500000000000000000e+01,6.169181598735240080e+00,-4.475668122783734049e+00,1.293706951602395065e+02,nan,nan,nan,7.945282029545605029e-01,8.998438584271238883e-01,9.830578206077204007e-01,9.901014360399357228e-01,5.933247285874708732e-01,4.227620872408394126e-01,1.600341380919220402e+00,3.779437125978035023e-02,2.737788342471437986e+00,-2.502484774672334655e+00,1.632334944435510948e+01,2.131144057409231962e+00,-2.851130440584562109e+01,1.663109857778332668e+01,2.094843340240422513e+00,-2.836026961203673125e+01,-4.417382529502163549e-03,3.795708530346214495e-03,3.862132817595271325e-03,-7.456478469659741544e-03,-1.224638477659726158e-05,-1.995174049626668999e-02,9.380134611837731833e-05,5.459482042557599106e-06,-3.621897236519493153e-05,6.382262845752776359e-01,1.536176960774703892e-01,-3.011416605166285620e+00,8.557791697800187780e-01,9.276480421685271427e-01,9.637876463171807240e-01,9.839879258863436506e-01,9.168828295073351287e-01,-4.913602002017408710e-02,-5.617963545238935374e-02,-1.393935976329858661e-01
9.300000000002910383e-01,8.500000000000000000e+01,6.399587472249734788e+00,-4.282469641107998548e+00,1.303192410360366580e+02,nan,nan,nan,7.921363880738953034e-01,8.945617005488459839e-01,9.823135509692439982e-01,9.905562736332051976e-01,5.702292016163499344e-01,4.865519994254225988e-01,1.548096225540213089e+00,-2.579283145252013187e-01,2.287362524968490796e+00,-2.723292645830242886e+00,1.717852820984361983e+01,2.082134187524169455e+00,-2.983119593260231994e+01,1.747559191636883469e+01,2.051681595277847325e+00,-2.968551348798033374e+01,-4.285893478900044441e-03,3.190757259843327639e-03,3.808409243210005533e-03,-7.176887158389936433e-03,-1.775409609555433468e-05,-1.932724652014744179e-02,9.173908588456861893e-05,5.514903605574871704e-06,-3.552466065713158196e-05,6.707353672597183847e-01,1.536845781000984457e-01,-3.151152578680660454e+00,8.516746549068162642e-01,9.255142042432000782e-01,9.649824377632091332e-01,9.844115384358995691e-01,9.148919783062976485e-01,-4.709129490549468500e-02,-5.533401756945593997e-02,-1.430858679898538988e-01
9.399999999995998223e-01,8.500000000000000000e+01,6.634126459900024031e+00,-4.093755112141470143e+00,1.312749949296455156e+02,nan,nan,nan,7.897445731934475965e-01,8.892795426710484730e-01,9.815692813308353193e-01,9.910111112264333721e-01,4.815347929428078211e-01,5.791390271903533726e-01,1.539051765011820505e+00,-5.209635719148421051e-01,2.013142044060200142e+00,-3.241000262048210345e+00,1.789320465509317160e+01,1.983818230677010908e+00,-3.113113509215243369e+01,1.816047145250561101e+01,1.958549559569054077e+00,-3.098394349130190051e+01,-4.252250638611153495e-03,2.658048440621371515e-03,3.556917928371133159e-03,-6.069983554234859545e-03,-2.549074828441491822e-05,-1.924186276372416571e-02,9.176243903743531993e-05,4.883711829587497776e-06,-3.054813117317244840e-05,6.972817353547555719e-01,1.536664296061122925e-01,-3.289690106956401294e+00,8.476805972198828698e-01,9.231773216720530195e-01,9.660521733136943068e-01,9.848371647826643649e-01,9.129011271054411347e-01,-4.504656979100135628e-02,-5.448839968659946464e-02,-1.467781383463863110e-01
9.499999999998181011e-01,8.500000000000000000e+01,6.872810097954238806e+00,-3.909519244298729657e+00,1.322375068794062543e+02,nan,nan,nan,7.873527583127823970e-01,8.839973847927704576e-01,9.808250116923589168e-01,9.914659488197028470e-01,4.400608093552080269e-01,5.960298604287345148e-01,1.553251418074531376e+00,-7.258306120315589915e-02,1.850072936109280475e+00,-4.071589448060263905e+00,1.845129727451867652e+01,1.940151810815215150e+00,-3.241063705893787272e+01,1.870669451862615063e+01,1.919838349871403116e+00,-3.226040841693561134e+01,-4.313814449966690660e-03,2.141289321555459989e-03,3.438640188902607284e-03,-5.556124108577139425e-03,-2.572323024265283186e-05,-1.945002445553999787e-02,9.381104424560759839e-05,4.670573537349294205e-06,-2.837040084946070153e-05,7.182725912375964583e-01,1.535697423059247946e-01,-3.427073241570438356e+00,8.437898730022370675e-01,9.206504894164371233e-01,9.670049182003750410e-01,9.852646750507871864e-01,9.109102759044036546e-01,-4.300184467632206520e-02,-5.364278180366599535e-02,-1.504704087032544546e-01
9.600000000000363798e-01,8.500000000000000000e+01,7.090571800569132499e+00,-3.638534518484879410e+00,1.330880739280697185e+02,nan,nan,nan,7.849609434321173085e-01,8.787152269144925532e-01,9.800807420538825143e-01,9.919207864129724328e-01,4.156906413737573303e-01,5.855026060316111947e-01,1.575870373420378945e+00,5.767356261917130356e-01,1.867963149239712184e+00,-5.274713749463859180e+00,1.887014788602484572e+01,1.915189446914156601e+00,-3.367884059541643182e+01,1.912010713680022889e+01,1.899548691144057333e+00,-3.352499884196090818e+01,-4.407342677877616743e-03,1.651215424586405028e-03,3.367875973547568291e-03,-5.257189857597538776e-03,-2.330515472672269398e-05,-1.976621517757382734e-02,9.656120713038841537e-05,4.608380775930626664e-06,-2.718358679766963920e-05,7.340898134123399199e-01,1.534005889864513417e-01,-3.563341579205424381e+00,8.399958179668973735e-01,9.179459579041961970e-01,9.678482175038832791e-01,9.856939477404997874e-01,9.089194247033661744e-01,-4.095711956164271861e-02,-5.279716392073258158e-02,-1.541626790601225427e-01
9.700000000002546585e-01,8.500000000000000000e+01,7.312648808723293037e+00,-3.369278098788323739e+00,1.339427289612579841e+02,nan,nan,nan,7.825691285514521089e-01,8.734330690362146488e-01,9.793364724154061118e-01,9.923756240062419076e-01,4.447081733910628332e-01,5.973856932369128181e-01,1.507489447536654481e+00,1.015477579701923316e+00,1.890306319572593763e+00,-6.289375111557665043e+00,1.915421148012297792e+01,1.918303770041162704e+00,-3.495027719274843747e+01,1.940890201746774579e+01,1.907339981992718148e+00,-3.480497304085439225e+01,-4.208130156566920917e-03,1.164347862214108308e-03,3.455470053651604409e-03,-5.633861146499202950e-03,-2.513295741401913412e-05,-1.893999496624865220e-02,9.291519823626717808e-05,5.140824155038228750e-06,-2.944710688497602640e-05,7.450913979128768183e-01,1.531646484350595583e-01,-3.698530797267700621e+00,8.362921976268423707e-01,9.150751874961475796e-01,9.685891296998526689e-01,9.861248691879201944e-01,9.069285735023285833e-01,-3.891239444696331651e-02,-5.195154603779916780e-02,-1.578549494169906864e-01
9.799999999995634425e-01,8.500000000000000000e+01,7.539653090444781824e+00,-3.103871722514883746e+00,1.348039319072878470e+02,nan,nan,nan,7.801773136710044021e-01,8.681509111584171379e-01,9.785922027769973219e-01,9.928304615994700821e-01,5.078731751011549278e-01,6.236027274130161446e-01,1.380903809962512163e+00,1.255291410110692230e+00,1.720424464273440535e+00,-6.547931743809776606e+00,1.931589046144392441e+01,1.931135696820820202e+00,-3.622189633043161194e+01,1.958173606977692316e+01,1.924787287518104906e+00,-3.609295550441062517e+01,-3.815512877941891132e-03,6.863525493817652229e-04,3.645579430507875796e-03,-6.445493275728616210e-03,-2.984379342314369236e-05,-1.737845835936234484e-02,8.493485242395257457e-05,6.112458827196182322e-06,-3.399793586956251012e-05,7.516128355094091607e-01,1.528672291545274953e-01,-3.832673120943036693e+00,8.326731795759294563e-01,9.120488994399178484e-01,9.692342580415467257e-01,9.865573330596901780e-01,9.049377223014722915e-01,-3.686766933246998779e-02,-5.110592815494274799e-02,-1.615472197735229321e-01
9.899999999997817213e-01,8.500000000000000000e+01,7.771600622699722294e+00,-2.842306670583202965e+00,1.356713440817031824e+02,nan,nan,nan,7.777854987903392026e-01,8.628687532801392335e-01,9.778479331385209194e-01,9.932852991927395570e-01,5.479646611083510699e-01,6.173986544658468523e-01,1.331071095231060930e+00,1.185354195609150230e+00,1.388677974564687334e+00,-6.532822177184615775e+00,1.937010853146595579e+01,1.941955373205804802e+00,-3.747543134686423372e+01,1.964573386898295126e+01,1.939806417297210706e+00,-3.735317602981474749e+01,-3.665661559704534635e-03,2.474010869213315810e-04,3.765255036080323095e-03,-6.966978139631931424e-03,-2.995819446393760161e-05,-1.678129972802403988e-02,8.221870652531730031e-05,6.856409426727683681e-06,-3.702738628238748175e-05,7.539684249554354789e-01,1.525132918883704836e-01,-3.965797730557513390e+00,8.291333075574446321e-01,9.088771235374879520e-01,9.697897799185086765e-01,9.869912398802156428e-01,9.029468711004347004e-01,-3.482294421779069671e-02,-5.026031027200933421e-02,-1.652394901303910757e-01
1.000000000000000000e+00,8.500000000000000000e+01,8.008507577086932727e+00,-2.584574760421431971e+00,1.365446105517699209e+02,nan,nan,nan,7.753936839096740030e-01,8.575865954018612181e-01,9.771036635000445170e-01,9.937401367860091428e-01,5.721607121243686978e-01,5.888595543314280034e-01,1.334113768499327168e+00,9.828653343078964655e-01,8.695316982847438592e-01,-7.078710514705664814e+00,1.932390667061412870e+01,1.968621483996441990e+00,-3.871297294141094625e+01,1.960839439698412079e+01,1.958194521355846929e+00,-3.858987907237700909e+01,-3.684662291735967855e-03,1.107759486594556142e-03,3.748002128609292764e-03,-7.288213843866191317e-03,-2.686863214470653586e-05,-1.685163428994461768e-02,8.321951865184726337e-05,7.433215720343666357e-06,-3.897123347231640743e-05,7.524525230092844463e-01,1.521074709826337745e-01,-4.097931116960202402e+00,8.256674772051336708e-01,9.055692427387007637e-01,9.702614743218096471e-01,9.874264965893810864e-01,9.009560198993971092e-01,-3.277821910311135012e-02,-4.941469238907592043e-02,-1.689317604872592748e-01
1.010000000000218279e+00,8.500000000000000000e+01,8.292852576517818264e+00,-2.300606661207990289e+00,1.371791196031934135e+02,nan,nan,nan,7.708052221666749082e-01,8.572403199171335642e-01,9.700705480972091621e-01,9.933191127243334861e-01,5.579510187574059366e-01,5.844328066807322752e-01,1.260935393343015853e+00,1.362859696560840828e+00,9.247124179982670056e-02,-7.774288958950211992e+00,1.922759067999217564e+01,1.947919583168179480e+00,-3.981510880473497593e+01,1.950263507410214814e+01,1.917420788710092916e+00,-3.969848295495717849e+01,-3.486139632166562231e-03,3.203726779057364249e-03,3.544681273795375308e-03,-7.121313928393355891e-03,-2.788547162204001029e-05,-1.595814907376543954e-02,7.926999182714675532e-05,7.499159392513986577e-06,-3.855195732073240199e-05,7.482877781031644915e-01,1.519465555536923529e-01,-4.217011921659008067e+00,8.221292449697391591e-01,9.024523647957636285e-01,9.702491609139486384e-01,9.878065291699754669e-01,8.978588007263377246e-01,-3.159326656166716596e-02,-5.484183118879148999e-02,-1.676720593688670879e-01
1.020000000000436557e+00,8.500000000000000000e+01,8.583597311740623681e+00,-2.018201054939694039e+00,1.378034436494326940e+02,nan,nan,nan,7.662112550430071334e-01,8.569064150651087841e-01,9.630216711759921333e-01,9.928958935206412262e-01,5.358192719679789606e-01,5.849797770919104023e-01,1.172034703016494817e+00,2.181040733222022077e+00,-5.672437310412696831e-01,-8.189358829057756139e+00,1.906924355821673700e+01,1.917859573388595473e+00,-4.079950277409254511e+01,1.933142174344962427e+01,1.868501071029691651e+00,-4.069120646031439037e+01,-3.257062503338397242e-03,5.174228616300473663e-03,3.338099686587776838e-03,-6.853146002867244700e-03,-2.981568391809555902e-05,-1.486300852208728533e-02,7.451928308528990574e-05,7.427352880266444792e-06,-3.777509243426723434e-05,7.416112547280341305e-01,1.520144072398412205e-01,-4.323839541682131582e+00,8.185229252083925378e-01,8.995149691780353063e-01,9.697830383100948248e-01,9.881347576212224926e-01,8.947588087011872915e-01,-3.041046883872627893e-02,-6.028469118337537180e-02,-1.663999472942587765e-01
1.029999999999745341e+00,8.500000000000000000e+01,8.878103859590183333e+00,-1.739198465906483415e+00,1.384325358923006775e+02,nan,nan,nan,7.616172879197572465e-01,8.565725102131144242e-01,9.559727942554160363e-01,9.924726743169873799e-01,5.782169044119264134e-01,6.122968384146222354e-01,1.011611809587320998e+00,2.645433020845665784e+00,-8.821483399929725966e-01,-8.720382759160678177e+00,1.883407203640285488e+01,1.909499233572182542e+00,-4.169887166191869454e+01,1.909907304219918345e+01,1.842929086780030978e+00,-4.160950529336462722e+01,-2.796524234608892961e-03,6.976162313577524351e-03,3.354431248100014657e-03,-7.411630324662269072e-03,-3.608393169762637781e-05,-1.285417800117064774e-02,6.441305910065473048e-05,8.243541380164697623e-06,-4.180676180377015765e-05,7.325589414284404688e-01,1.522950518618146898e-01,-4.419201976217467021e+00,8.148529090909513162e-01,8.967454805292315312e-01,9.688923740335594337e-01,9.884145229476140049e-01,8.916588166763187440e-01,-2.922767111589297251e-02,-6.572755117746426068e-02,-1.651278352197658728e-01
1.039999999999963620e+00,8.500000000000000000e+01,9.176399946519859796e+00,-1.463590647950734125e+00,1.390662312057228007e+02,nan,nan,nan,7.570233207960895827e-01,8.562386053610896441e-01,9.489239173341990075e-01,9.920494551132950090e-01,6.344165235331303832e-01,6.453396705810764411e-01,8.358912562877670593e-01,2.515468386334423379e+00,-1.164686275154362738e+00,-9.171989304620373318e+00,1.853804295001984315e+01,1.894208750566966026e+00,-4.250443220132321187e+01,1.880907215534557153e+01,1.811665855674337466e+00,-4.243655177854849825e+01,-2.276705523481879767e-03,8.649581875868327455e-03,3.442052202892276896e-03,-8.150605960073806916e-03,-4.336938594534439292e-05,-1.064231903961491109e-02,5.282181111339532263e-05,9.280096904537853304e-06,-4.725476448699732581e-05,7.212668755305340351e-01,1.527734274766563705e-01,-4.503844777382001396e+00,8.111233045874354231e-01,8.941330700226901573e-01,9.676045480567520007e-01,9.886489506821843909e-01,8.885588246511684218e-01,-2.804487339295202997e-02,-7.117041117204803147e-02,-1.638557231451573948e-01
1.050000000000181899e+00,8.500000000000000000e+01,9.478513212642175390e+00,-1.191369854252321669e+00,1.397043575915427311e+02,nan,nan,nan,7.524293536724218079e-01,8.559047005090648641e-01,9.418750404129818676e-01,9.916262359096026380e-01,6.903337488972797198e-01,6.406565312750694963e-01,7.686744440043947746e-01,2.077341964726267420e+00,-1.511357168850462340e+00,-9.309140819664339261e+00,1.817544431411999639e+01,1.915737053261860945e+00,-4.321488959913183692e+01,1.846201843341287230e+01,1.818229764975555884e+00,-4.315585485807293509e+01,-2.129052665286997569e-03,1.021157494055685393e-02,3.558709092097091416e-03,-8.890082883233866792e-03,-4.449817025080641999e-05,-9.808610777529038274e-03,4.961572345203039063e-05,1.033850553425408802e-05,-5.317574922368618917e-05,7.078698924533532999e-01,1.534353448403023568e-01,-4.578472523190647792e+00,8.073379547325199024e-01,8.916676072154310351e-01,9.659451745351532725e-01,9.888409647829213833e-01,8.854588326260177666e-01,-2.686207567001108742e-02,-7.661327116663191328e-02,-1.625836110705489723e-01
1.060000000000400178e+00,8.500000000000000000e+01,9.881086298298907167e+00,-9.131907378477792658e-01,1.400552278266181361e+02,nan,nan,nan,7.478353865487541441e-01,8.555707956570400841e-01,9.348261634917647278e-01,9.912030167059102670e-01,7.461794024167771600e-01,6.264118584644732257e-01,7.289575771063078191e-01,1.840442563587963987e+00,-1.694065368302614560e+00,-9.722629524416896984e+00,1.775796413956039288e+01,1.946411610697170946e+00,-4.383599180330162426e+01,1.806274251339330306e+01,1.834923548731906884e+00,-4.378281732240817803e+01,-2.082092302798970590e-03,1.166932357859477680e-02,3.706444031319105006e-03,-9.632922400799588322e-03,-4.407086683073970488e-05,-9.324194974785810289e-03,4.867015628961732232e-05,1.141901668634554797e-05,-5.963265485572832658e-05,6.925006208666149021e-01,1.542674477169574954e-01,-4.643750367526317646e+00,8.035004547119871665e-01,8.893396150072847561e-01,9.639382156901308285e-01,9.889933006329467702e-01,8.823588406008673335e-01,-2.567927794707014488e-02,-8.205613116121573958e-02,-1.613114989959404388e-01
1.069999999999708962e+00,8.500000000000000000e+01,1.029543707717130729e+01,-6.365613251922498383e-01,1.403810986135931387e+02,nan,nan,nan,7.432414194255042572e-01,8.552368908050456131e-01,9.277772865711887418e-01,9.907797975022564207e-01,7.506765240176579423e-01,6.019944115818337549e-01,6.092318532085370109e-01,1.517556909399591314e+00,-1.693313089958895512e+00,-1.049706461308609384e+01,1.732007496016279902e+01,1.912455418373813609e+00,-4.434197755878535929e+01,1.761870648828953634e+01,1.787581414680189829e+00,-4.430291164955553285e+01,-1.756680948301972368e-03,1.306670373882367828e-02,3.702034512372018825e-03,-9.715624813978982269e-03,-4.458035200186570828e-05,-7.810653140596856073e-03,4.125094037323424428e-05,1.171864778760491423e-05,-6.240755930773510957e-05,6.752886866114151676e-01,1.552571734014522586e-01,-4.700305639765046450e+00,7.996141678472757919e-01,8.871402275048472230e-01,9.616060883471923004e-01,9.891085172022801020e-01,8.792588485759987860e-01,-2.449648022423683846e-02,-8.749899115530451743e-02,-1.600393869214477016e-01
1.079999999999927240e+00,8.500000000000000000e+01,1.071189562074211565e+01,-3.623637865722418305e-01,1.407109836838550905e+02,nan,nan,nan,7.386474523018364824e-01,8.549029859530208331e-01,9.207284096499716020e-01,9.903565782985641608e-01,7.077370064785317716e-01,5.681791845698513921e-01,4.155925988391970249e-01,9.281886469175295584e-01,-1.766001103838338526e+00,-1.095596326215213701e+01,1.686340556205333741e+01,1.829079674132003897e+00,-4.474305579920421394e+01,1.713237098098078093e+01,1.691366149700544108e+00,-4.472563167291889386e+01,-1.138594971552959545e-03,1.440870778338090331e-02,3.539210878335425324e-03,-9.183881715089868905e-03,-4.598150473818843874e-05,-5.338228046118006533e-03,2.698488695518910517e-05,1.125285533955635089e-05,-6.133853527695325625e-05,6.563600933780036062e-01,1.563927137516700761e-01,-4.748729471321844642e+00,7.956822405490305838e-01,8.850611506029059106e-01,9.589697636030997119e-01,9.891890084252441540e-01,8.761588565508482418e-01,-2.331368250129595143e-02,-9.294185114988845475e-02,-1.587672748468392236e-01
1.090000000000145519e+00,8.500000000000000000e+01,1.113051162607237998e+01,-9.059153737583458543e-02,1.410448204929789711e+02,nan,nan,nan,7.340534851781688186e-01,8.545690811009960530e-01,9.136795327287545732e-01,9.899333590948717898e-01,7.528848970488781767e-01,5.252532145858725965e-01,3.392687040277725941e-01,4.000664302024742880e-01,-1.760893356847264224e+00,-1.112778951792721926e+01,1.632011823434281084e+01,1.823327901950235530e+00,-4.511086623706439269e+01,1.659982879624287833e+01,1.678141547558098523e+00,-4.510409690530094906e+01,-9.329484564091559788e-04,1.518547020553597665e-02,3.713458173521854214e-03,-9.796058692370995455e-03,-4.368262220506752459e-05,-4.368072750124766743e-03,2.221142830501376443e-05,1.217523322736287935e-05,-6.813988154310132641e-05,6.358367525543635601e-01,1.576629769687361571e-01,-4.789578430348010230e+00,7.917076163064148409e-01,8.830946251081023268e-01,9.560488600653990199e-01,9.892370138441222149e-01,8.730588645256978086e-01,-2.213088477835500889e-02,-9.838471114447222554e-02,-1.574951627722307457e-01
1.100000000000363798e+00,8.500000000000000000e+01,1.155133437560951215e+01,1.787616741371211293e-01,1.413825439467258320e+02,nan,nan,nan,7.305049937581845620e-01,8.544220229897417918e-01,9.083541060279018975e-01,9.879608677603806122e-01,8.230229252157441611e-01,4.797425537208343527e-01,2.962268303412521897e-01,-2.877349388336009062e-01,-1.591518632541456535e+00,-1.112118048166129114e+01,1.578623081773961978e+01,1.818782419442916298e+00,-4.541036789712110533e+01,1.608824310156822435e+01,1.682923181551347680e+00,-4.541106017007157192e+01,-8.426573088626736294e-04,1.420722932515482151e-02,3.975424154788396482e-03,-1.073790969402364272e-02,-4.030870833559131397e-05,-3.823768440454116714e-03,2.010319322044481558e-05,1.351560884769934200e-05,-7.774245691258035074e-05,6.161678495010806111e-01,1.589585314102976432e-01,-4.822393298800367489e+00,7.877604746543076519e-01,8.812454425505005240e-01,9.529728815793453434e-01,9.891547113356417009e-01,8.703104976340522159e-01,-2.215513374953925751e-02,-1.017618954820179722e-01,-1.556939785201780779e-01
1.109999999999672582e+00,8.500000000000000000e+01,1.201714458472934766e+01,4.170966795768339397e-01,1.414473496111040731e+02,nan,nan,nan,7.301368783053963085e-01,8.548433596118660827e-01,9.082714789847969872e-01,9.812754329941186793e-01,8.263584317669209200e-01,4.371454107416195556e-01,2.167801334054542672e-01,-1.303846670920173256e+00,-1.500279136263082513e+00,-1.091589379893197709e+01,1.548651063940704198e+01,1.765664401686949159e+00,-4.558961170607845759e+01,1.578370149481147777e+01,1.650240353642193458e+00,-4.559950532737354933e+01,-5.796721623512496747e-04,1.207182561691542283e-02,3.940827000678264781e-03,-1.081020780409370878e-02,-3.807999499014385106e-05,-2.803512835178649520e-03,1.397139440694208191e-05,1.374836971112973355e-05,-8.098258830426357234e-05,6.043972633970471353e-01,1.599760788863236749e-01,-4.844734298899776803e+00,7.840441551924453023e-01,8.795426926203426810e-01,9.500899533527074059e-01,9.886465529196217794e-01,8.686317874740445699e-01,-2.585126364857404102e-02,-9.885521765789573312e-02,-1.522833370308266376e-01
1.119999999999890861e+00,8.500000000000000000e+01,1.249044855336570592e+01,6.505332266500988281e-01,1.414717039365999085e+02,nan,nan,nan,7.297687628525745263e-01,8.552646962340286763e-01,9.081888519416847494e-01,9.745899982272485662e-01,7.886808988982261237e-01,3.963370059805956247e-01,1.149828961654671966e-01,-2.494015119781834766e+00,-1.384229916669378335e+00,-1.112059313493154988e+01,1.539685109344057778e+01,1.696063426273657360e+00,-4.566694584852737648e+01,1.567206739420310591e+01,1.599464087059050854e+00,-4.568715140148746201e+01,-1.954921214851268268e-04,1.010597902881464963e-02,3.723781963247125952e-03,-1.034423564479021451e-02,-3.659707033216720281e-05,-1.486683697180885867e-03,4.963933288704570975e-06,1.326527576425956778e-05,-7.977255186649833546e-05,6.000064014401512713e-01,1.607344962680252176e-01,-4.857308192245168854e+00,7.805437715018552769e-01,8.779769314359977539e-01,9.473876249922146275e-01,9.877400033274427171e-01,8.669530773138840463e-01,-2.954739354794522210e-02,-9.594853983350898341e-02,-1.488726955411651121e-01
1.130000000000109139e+00,8.500000000000000000e+01,1.296439992331092483e+01,8.837670159139174864e-01,1.414995125706246029e+02,nan,nan,nan,7.294006473997527440e-01,8.556860328561912699e-01,9.081062248985724006e-01,9.679045634603785642e-01,7.871030390118717301e-01,3.712442640141946915e-01,-1.933188456560201718e-02,-3.833977151968593677e+00,-1.261127261643659514e+00,-1.175767922969496482e+01,1.547959700831453311e+01,1.613664195736416396e+00,-4.567117969750444928e+01,1.574061110020969423e+01,1.534926604498978220e+00,-4.570707299089412601e+01,3.670525281069102891e-04,8.242530095376695773e-03,3.652293376026750134e-03,-1.034987318613727475e-02,-3.757725775983848719e-05,2.617940942183129283e-04,-8.309255344988801710e-06,1.335758744415498035e-05,-8.179815107469957632e-05,6.025038975942346164e-01,1.612515826448079892e-01,-4.860782004524413225e+00,7.772453972336086370e-01,8.765393241802316160e-01,9.448542490679963102e-01,9.864607560071917414e-01,8.652743671537237447e-01,-3.324352344731612563e-02,-9.304186200912234472e-02,-1.454620540515034754e-01
1.140000000000327418e+00,8.500000000000000000e+01,1.343905328659900000e+01,1.116801879412998355e+00,1.415307712515566720e+02,nan,nan,nan,7.290325319469310728e-01,8.561073694783539745e-01,9.080235978554600518e-01,9.612191286935084511e-01,8.208675662740234635e-01,3.615375073738839595e-01,-1.854820675658944706e-01,-5.216773580865003090e+00,-1.328425174133359254e+00,-1.208349247422965611e+01,1.572296062181505505e+01,1.509565474742789126e+00,-4.560612459973517474e+01,1.597740888823989991e+01,1.447804408416172528e+00,-4.566309505778000499e+01,1.106892138829058438e-03,6.473415256850164994e-03,3.733995807285882609e-03,-1.082078959055165351e-02,-4.107590223062609528e-05,2.435977637431155363e-03,-2.590497666467557759e-05,1.403025458407932183e-05,-8.729734411234208369e-05,6.114247750196590836e-01,1.615441061080566398e-01,-4.855784662885005432e+00,7.741360041910062550e-01,8.752216058198100113e-01,9.424789293280508851e-01,9.848328473590239884e-01,8.635956569935633320e-01,-3.693965334668730671e-02,-9.013518418473565053e-02,-1.420514125618417833e-01
1.149999999999636202e+00,8.500000000000000000e+01,1.391446304117004651e+01,1.349641630158332273e+00,1.415654744812749470e+02,nan,nan,nan,7.286644164941427082e-01,8.565287061004782654e-01,9.079409708123552525e-01,9.545336939272465182e-01,7.545248797785737427e-01,3.367267744357222981e-01,-2.984524526295456726e-01,-6.353592560902636244e+00,-1.303814980414683911e+00,-1.199577332373389105e+01,1.614955566008957177e+01,1.447357756208970336e+00,-4.544861479714333541e+01,1.636888004252083562e+01,1.400748190488256162e+00,-4.551606018097758266e+01,1.613375764663012822e-03,4.893808276039448603e-03,3.359906309710066364e-03,-9.970551176180855735e-03,-4.185764686767730488e-05,3.922986429968361097e-03,-3.815061142254110201e-05,1.296679908681129192e-05,-8.181979022341751473e-05,6.263295387197931330e-01,1.616278506959276107e-01,-4.842908655831012155e+00,7.712034044050364301e-01,8.740160443584086281e-01,9.402514722525208146e-01,9.828787636032190189e-01,8.619169468335556861e-01,-4.063578324572220124e-02,-8.722850636061341145e-02,-1.386407710724903986e-01
1.159999999999854481e+00,8.500000000000000000e+01,1.418469762118297517e+01,1.618885981288256115e+00,1.413120671105483268e+02,nan,nan,nan,7.282963010413209259e-01,8.569500427226408590e-01,9.078583437692429037e-01,9.478482591603764051e-01,6.540434451784598036e-01,3.067652554249363783e-01,-3.932873641737527626e-01,-7.577616939334112622e+00,-9.768321274433352519e-01,-1.230435877678065992e+01,1.673069822501036441e+01,1.411393260441314190e+00,-4.521959977094089567e+01,1.690500608093908141e+01,1.378669890099957218e+00,-4.529381742583068160e+01,2.039904438582690500e-03,3.446052828214959517e-03,2.817790708058103607e-03,-8.663444293667089957e-03,-4.180386059741592769e-05,5.178434940523824609e-03,-4.863796053037792132e-05,1.128370734747333782e-05,-7.208441584365156960e-05,6.468032189521195630e-01,1.615176630699197979e-01,-4.822711697381786067e+00,7.684361959455503488e-01,8.729154064594626394e-01,9.381623417323760039e-01,9.806195407558367938e-01,8.602382366733952734e-01,-4.433191314509316028e-02,-8.432182853622671725e-02,-1.352301295828287064e-01
1.170000000000072760e+00,8.500000000000000000e+01,1.441127532329060479e+01,1.896887413025925895e+00,1.410004221344174766e+02,nan,nan,nan,7.279281855884992547e-01,8.573713793448034526e-01,9.077757167261305549e-01,9.411628243935064031e-01,5.597467746076674189e-01,3.343793212935269876e-01,-5.120793948449028354e-01,-9.108026123069175028e+00,-5.771092135962848646e-01,-1.312402282404769949e+01,1.745100250969929689e+01,1.376267553570301283e+00,-4.494847169091619321e+01,1.757829419875421806e+01,1.356592707382693552e+00,-4.503265856129885236e+01,2.622287425922877752e-03,2.092325992446493824e-03,2.294190220772647330e-03,-7.431798980498793145e-03,-4.842553717626756342e-05,6.756870407811478921e-03,-6.297557056948229891e-05,9.680191456569833377e-06,-6.251670537495887775e-05,6.724543825769687677e-01,1.612274985756371737e-01,-4.795718380568544603e+00,7.658237122272536501e-01,8.719129252860879919e-01,9.362026166710095687e-01,9.780748581568778910e-01,8.585595265132348608e-01,-4.802804304446417483e-02,-8.141515071184002306e-02,-1.318194880931670698e-01
1.180000000000291038e+00,8.500000000000000000e+01,1.463687614795640179e+01,2.176171371084016926e+00,1.406910712617594754e+02,nan,nan,nan,7.275600701356774724e-01,8.577927159669661572e-01,9.076930896830183171e-01,9.344773896266364011e-01,4.679689201221576833e-01,3.854417044505686896e-01,-6.406282370496687584e-01,-1.041484989977819353e+01,-2.402283344570120549e-01,-1.382902379297205897e+01,1.829934251870570350e+01,1.351040973148809776e+00,-4.462110149687669036e+01,1.837877451878042478e+01,1.343578937501389570e+00,-4.471659687100832059e+01,3.266052063691825443e-03,8.287401109920179958e-04,1.776808281489855677e-03,-6.227576224064256157e-03,-5.798437817487595556e-05,8.471954955124679290e-03,-7.898383007191750482e-05,8.101283121281179276e-06,-5.282221940014231062e-05,7.029141266376942587e-01,1.607704664091317293e-01,-4.762421808170836712e+00,7.633559745850968525e-01,8.710022704151131334e-01,9.343639513202315339e-01,9.752631259663734342e-01,8.568808163530746702e-01,-5.172417294383530040e-02,-7.850847288745338437e-02,-1.284088466035054887e-01
1.189999999999599822e+00,8.500000000000000000e+01,1.486151895127492573e+01,2.456745160415679141e+00,1.403840416434696294e+02,nan,nan,nan,7.271919546828892189e-01,8.582140525890904481e-01,9.076104626399135178e-01,9.277919548603743571e-01,3.535105065468471808e-01,4.221110636662053217e-01,-7.866368367548369767e-01,-1.133428413921588174e+01,-3.336097735702402839e-02,-1.406776219957764873e+01,1.927450790538516401e+01,1.348200922511662236e+00,-4.422269697604383509e+01,1.929639105381037112e+01,1.351965197327677393e+00,-4.433075594407655018e+01,3.974226304256599923e-03,-3.320613083153364006e-04,1.152277909392671789e-03,-4.715054520976050267e-03,-6.695646683817965932e-05,1.042529126473587010e-02,-9.681766378620143825e-05,6.118037213063160611e-06,-4.022640269775324681e-05,7.378350659758547980e-01,1.601588736694124215e-01,-4.723285191028276486e+00,7.610236479082268524e-01,8.701775196914405264e-01,9.326385381743154124e-01,9.722015670176676894e-01,8.552021061930669132e-01,-5.542030284287013941e-02,-7.560179506333103427e-02,-1.249982051141540484e-01
1.199999999999818101e+00,8.500000000000000000e+01,1.508522256196138578e+01,2.738616278360725520e+00,1.400793595143726975e+02,nan,nan,nan,7.268238392300674366e-01,8.586353892112530417e-01,9.075278355968011690e-01,9.211065200935042441e-01,2.230352299490123980e-01,4.486161631891271706e-01,-9.449754034324666652e-01,-1.223850891588394241e+01,-6.107701802209034719e-02,-1.368000588925865735e+01,2.036487263335133235e+01,1.384793872956120220e+00,-4.376206558980928918e+01,2.032243755226400239e+01,1.388911499719362341e+00,-4.388314094828823642e+01,4.721664639842728696e-03,-3.579515159021878475e-04,4.022902356589163437e-04,-2.981427195213213685e-03,-7.568366434588933616e-05,1.255032474271238624e-02,-1.159021263722507063e-04,3.853999200541084994e-06,-2.552584012781404781e-05,7.768903245689435799e-01,1.594042681274185913e-01,-4.678743406310404751e+00,7.588179991352305143e-01,8.694331328976148132e-01,9.310190732571171912e-01,9.689062933915774112e-01,8.535233960329065006e-01,-5.911643274224132050e-02,-7.269511723894434008e-02,-1.215875636244924674e-01
1.210000000000036380e+00,8.500000000000000000e+01,1.494630067253363670e+01,3.094548876200850174e+00,1.394275851755473354e+02,nan,nan,nan,7.254938708679330439e-01,8.610919446493968676e-01,9.012990563241722874e-01,9.156241446036430531e-01,6.328477577446635360e-02,4.401140480573176861e-01,-1.084696344365320808e+00,-1.313346693344566241e+01,-2.958661526438992606e-01,-1.304323835908655482e+01,2.145460455167104641e+01,1.485192638702332868e+00,-4.317626065583213091e+01,2.134008609061380568e+01,1.475956130251090181e+00,-4.330631911031954928e+01,5.364072717326645243e-03,1.043591859681367289e-03,-5.431291567061167754e-04,-8.478734294971377976e-04,-8.061178202601800306e-05,1.443663118201524501e-02,-1.326473746159314887e-04,1.089212540566419666e-06,-7.297140494973023717e-06,8.157160745763176735e-01,1.587558513629251378e-01,-4.621929315770568536e+00,7.566688256320793782e-01,8.688951845190684420e-01,9.291023397602001799e-01,9.654699669722496269e-01,8.508772541112863408e-01,-6.063649275099658453e-02,-7.496158103046729471e-02,-1.151686927052426590e-01
1.220000000000254659e+00,8.500000000000000000e+01,1.471390239203761574e+01,3.466436478250242814e+00,1.386903765734246576e+02,nan,nan,nan,7.238358896388314978e-01,8.642425541911067377e-01,8.929743047941419709e-01,9.105520386246003239e-01,-1.314609235995322090e-01,3.897646697489814960e-01,-1.202161967588732061e+00,-1.349420034178485039e+01,-5.579368600307877957e-01,-1.270117023142877244e+01,2.250823830919322788e+01,1.645688549211381524e+00,-4.246051013496417426e+01,2.231202821071199693e+01,1.620222457920865722e+00,-4.259529035676936104e+01,5.891918426650120943e-03,2.741101467563527953e-03,-1.659246240539532808e-03,1.765362492714760189e-03,-8.080668461382290607e-05,1.603427286911798116e-02,-1.467263358615136673e-04,-2.247460835451101790e-06,1.531640435719185470e-05,8.529413259531104519e-01,1.582881417743502994e-01,-4.551241286187361013e+00,7.545513305996108810e-01,8.685951223616849015e-01,9.267723338603559569e-01,9.619281441972921121e-01,8.479011968121701326e-01,-6.141446536090838793e-02,-7.899219919136679646e-02,-1.077239497944020297e-01
1.229999999999563443e+00,8.500000000000000000e+01,1.447824906909204223e+01,3.835695383230351307e+00,1.379553148333816353e+02,nan,nan,nan,7.221779084098808310e-01,8.673931637325301702e-01,8.846495532648688265e-01,9.054799326460188924e-01,-3.162033141750690279e-01,3.892644322782985444e-01,-1.371745577483702183e+00,-1.325680851564539608e+01,-7.874209302833334867e-01,-1.255025140569769349e+01,2.353230818367234534e+01,1.838837615994364461e+00,-4.162154427578990834e+01,2.324983111027281524e+01,1.798279469475952297e+00,-4.176810572098911933e+01,6.724896013526711173e-03,4.326805151604412591e-03,-2.727172584327927120e-03,4.256304912685728893e-03,-8.815495143019692567e-05,1.833806106913981118e-02,-1.685083340499800807e-04,-5.355364569265835483e-06,3.732342322396373633e-05,8.886821318897457633e-01,1.579891869498133150e-01,-4.467672637730668583e+00,7.524634709977507940e-01,8.685176044258234862e-01,9.240557087409013715e-01,9.582876288447774726e-01,8.449251395133245968e-01,-6.219243797074963664e-02,-8.302281735189970258e-02,-1.002792068842383588e-01
1.239999999999781721e+00,8.500000000000000000e+01,1.423930801312575767e+01,4.202337694527501277e+00,1.372226149135221362e+02,nan,nan,nan,7.205199271807792849e-01,8.705437732742400403e-01,8.763248017348385099e-01,9.004078266669761632e-01,-4.964598640977551103e-01,4.111183286444248797e-01,-1.564700752683527485e+00,-1.280003244783128480e+01,-1.237424297395581352e+00,-1.222896705705865372e+01,2.452615332610395171e+01,2.076677878842000169e+00,-4.066182397340209320e+01,2.415462398177540848e+01,2.022038552339281203e+00,-4.082335274290618798e+01,7.716998517739878834e-03,5.810333799670018562e-03,-3.780808602146449107e-03,6.698887395136206464e-03,-9.899435113072622820e-05,2.096755579589014776e-02,-1.944394045066088453e-04,-8.308157405563434345e-06,5.951024462039281444e-05,9.230543374291804160e-01,1.578477463889238763e-01,-4.372157402450209673e+00,7.504033355482195855e-01,8.686482781636928330e-01,9.209773986409048874e-01,9.545547858965575116e-01,8.419490822142084996e-01,-6.297041058066155106e-02,-8.705343551279920433e-02,-9.283446397339761846e-02
1.250000000000000000e+00,8.500000000000000000e+01,1.399704612008160609e+01,4.566374905696186204e+00,1.364924872800127957e+02,nan,nan,nan,7.188619459516777388e-01,8.736943828159500214e-01,8.680000502048081934e-01,8.953357206879333230e-01,-6.600401505583751716e-01,4.207446755833965102e-01,-1.737010560161758033e+00,-1.226780903387526855e+01,-2.025993074859256726e+00,-1.181277105380510406e+01,2.547858625586078674e+01,2.332407932361108216e+00,-3.960488623546019227e+01,2.502529586806378248e+01,2.264676649607615389e+00,-3.977951745284069318e+01,8.641747372804545885e-03,7.188611089536528498e-03,-4.768695813617627142e-03,8.928198654274587670e-03,-1.082083719532220522e-04,2.333336851935352563e-02,-2.188401152066397318e-04,-1.088613207823213737e-05,8.051936107202734526e-05,9.561724906665067802e-01,1.578532550067272833e-01,-4.265573307986031182e+00,7.483691362368463107e-01,8.689737166665629786e-01,9.175607297152305053e-01,9.507355698376441788e-01,8.389730249150924024e-01,-6.374838319057352098e-02,-9.108405367369870609e-02,-8.538972106255682260e-02
1.260000000000218279e+00,8.500000000000000000e+01,1.338228296062108491e+01,4.961363117340675366e+00,1.354446584127948370e+02,nan,nan,nan,7.172039647225763037e-01,8.768449923576598914e-01,8.596752986747778769e-01,8.902636147088905938e-01,-8.150334623924175848e-01,4.240747885419537955e-01,-1.898689613983153723e+00,-1.157344504413240927e+01,-2.928830037080876192e+00,-1.142338140936104907e+01,2.639730584582769524e+01,2.609105175412810507e+00,-3.845652218020978097e+01,2.586531612563384286e+01,2.529175107884307216e+00,-3.864324677410429842e+01,9.553969761551562093e-03,8.472698984324681520e-03,-5.733799286635509092e-03,1.105264896837468945e-02,-1.167082797046080887e-04,2.556880807072035161e-02,-2.430499722213599065e-04,-1.321444080934837636e-05,1.013804193083553661e-04,9.881489742628225548e-01,1.579957876830166141e-01,-4.148744689432211530e+00,7.463592003638842565e-01,8.694813589675292054e-01,9.138275237446873422e-01,9.468355511303582217e-01,8.359969676159761942e-01,-6.452635580048543540e-02,-9.511467183459815233e-02,-7.794497815171608224e-02
1.270000000000436557e+00,8.500000000000000000e+01,1.264092515853510612e+01,5.355563056686578172e+00,1.342945895343413270e+02,nan,nan,nan,7.155459834934747576e-01,8.799956018993698725e-01,8.513505471447475603e-01,8.851915087298478646e-01,-9.702124487071999148e-01,3.993993349731541631e-01,-1.989876016319219953e+00,-1.058849668313296988e+01,-3.829730338100185705e+00,-1.098206187538551681e+01,2.727593241640211019e+01,2.874538777983629778e+00,-3.724460913697182463e+01,2.667307219003633278e+01,2.783156491544882538e+00,-3.743440571405117367e+01,1.014451491538626363e-02,9.673375863061498686e-03,-6.723473299327038626e-03,1.319099584015509530e-02,-1.198397101735903066e-04,2.686459488213059979e-02,-2.591519371574346623e-04,-1.542372777247637532e-05,1.232600458069181093e-04,1.019093323521851779e+00,1.582660249614299963e-01,-4.022445317927745734e+00,7.443719631070369047e-01,8.701594541943136196e-01,9.097981951576481485e-01,9.428599409811105891e-01,8.330209103168600970e-01,-6.530432841039734981e-02,-9.914528999549770960e-02,-7.050023524087534188e-02
1.279999999999745341e+00,8.500000000000000000e+01,1.189501796536976030e+01,5.736528867584571145e+00,1.331496949424956711e+02,nan,nan,nan,7.138880022645240908e-01,8.831462114407931940e-01,8.430257956154744159e-01,8.801194027512664331e-01,-1.125556288147885331e+00,3.498588296150090260e-01,-2.018474738858512030e+00,-9.283727565501630252e+00,-4.644348776821796143e+00,-1.056476824885148069e+01,2.811835683131677399e+01,3.112972788232057475e+00,-3.598095404861378910e+01,2.745175245815346088e+01,3.010847072657443668e+00,-3.616568938575599645e+01,1.044075437457932243e-02,1.079496634661252473e-02,-7.742850070392581427e-03,1.534334599495602337e-02,-1.179999645153704917e-04,2.732058499120627870e-02,-2.677351620431848165e-04,-1.749839757753340972e-05,1.462634238694232765e-04,1.049111701946403574e+00,1.586552199740633440e-01,-3.887401137348687641e+00,7.424059605641251114e-01,8.709970093238015298e-01,9.054918417945000408e-01,9.388136145099288399e-01,8.300448530180144502e-01,-6.608230102023859853e-02,-1.031759081560305602e-01,-6.305549233071178206e-02
1.289999999999963620e+00,8.500000000000000000e+01,1.114439503445274582e+01,6.104251781909334262e+00,1.320111034013077358e+02,nan,nan,nan,7.122300210354225447e-01,8.862968209825031751e-01,8.347010440854440994e-01,8.750472967722237039e-01,-1.206513186599918575e+00,2.941630959798998135e-01,-2.099310720998950330e+00,-7.985050828949351143e+00,-4.882209264404297144e+00,-1.021829352145326553e+01,2.892049847708252486e+01,3.298575527412052288e+00,-3.465985483751263274e+01,2.820891305377164571e+01,3.186863528846679117e+00,-3.484940094012505085e+01,1.103091286986826458e-02,1.179602137427018284e-02,-8.411372917861805951e-03,1.649109171520460673e-02,-1.176824334798417322e-04,2.848844160304577974e-02,-2.838491385889651999e-04,-1.829361827508800670e-05,1.605700470884742492e-04,1.078306509244973732e+00,1.591551666432866052e-01,-3.744292902832304648e+00,7.404598232444155048e-01,8.719837403061196923e-01,9.009263298182261792e-01,9.347011324255923848e-01,8.270687957188983530e-01,-6.686027363015051295e-02,-1.072065263169301175e-01,-5.561074941987104170e-02
1.300000000000181899e+00,8.500000000000000000e+01,1.038889339992285343e+01,6.458720523494253740e+00,1.308799119550340322e+02,nan,nan,nan,7.105720398063209986e-01,8.894474305242130452e-01,8.263762925554137828e-01,8.699751907931809747e-01,-1.266354469882939870e+00,2.367201278204700832e-01,-2.194974868625120923e+00,-6.970357450017957035e+00,-4.677616204725689286e+00,-9.680154012411939846e+00,2.969871270593223045e+01,3.469892425132713676e+00,-3.327703623070916450e+01,2.894654605430158512e+01,3.354569753968773327e+00,-3.347363068752457593e+01,1.173812449471337178e-02,1.217348667109387217e-02,-9.048022521678683941e-03,1.735639620616267684e-02,-1.178997424642096105e-04,2.986541440201113257e-02,-3.029919432301835880e-04,-1.867424464277040168e-05,1.727922435425614789e-04,1.106776100273777708e+00,1.597581691921304281e-01,-3.593758716870846470e+00,7.385322699797707280e-01,8.731100263407584050e-01,8.961183731491421112e-01,9.305267613030505647e-01,8.240927384197822558e-01,-6.763824624006242736e-02,-1.112371444778296192e-01,-4.816600650903030134e-02
1.310000000000400178e+00,8.500000000000000000e+01,9.499764669712606135e+00,6.705311035738996672e+00,1.295464979739146543e+02,nan,nan,nan,7.144343352053895702e-01,8.875170189948303756e-01,8.123277499952040737e-01,8.643935066073692441e-01,-1.302119759853645808e+00,1.705456229551885750e-01,-2.261840369887484936e+00,-6.041338587838184004e+00,-4.626485618686086987e+00,-8.687874245887867275e+00,3.012809033141871140e+01,3.581098088163138016e+00,-3.177967979938939891e+01,2.934739428216498425e+01,3.468655121007959252e+00,-3.198028534555681190e+01,1.230450276083767079e-02,1.187010922959459182e-02,-9.623217642926864407e-03,1.789741346364503299e-02,-1.151935891398859981e-04,3.085979937189742978e-02,-3.183356318845163846e-04,-1.857478123864837358e-05,1.818622014095478139e-04,1.122440117390507197e+00,1.603258557798911133e-01,-3.429179948490151730e+00,7.369781215116595341e-01,8.740391767336468387e-01,8.907144632358651171e-01,9.262616283180541421e-01,8.196681527006982604e-01,-6.050846358863781749e-02,-1.125742202008029880e-01,-3.738495120117668602e-02
1.319999999999708962e+00,8.500000000000000000e+01,8.559283842441299583e+00,6.896394762570498216e+00,1.281424213780393018e+02,nan,nan,nan,7.192563124542099562e-01,8.847032887426021786e-01,7.972841452798911099e-01,8.587232339347150578e-01,-1.324099754709613164e+00,9.937166454460041876e-02,-2.312216506248765846e+00,-5.068759409060660914e+00,-4.686505147067293819e+00,-7.380753075203905667e+00,3.018464035396459266e+01,3.658672306592993362e+00,-3.015968771323034403e+01,2.938238244821892664e+01,3.549927357419022655e+00,-3.036298721703930426e+01,1.278671220514338881e-02,1.147874836015813291e-02,-1.012035232755532747e-02,1.825352587340819260e-02,-1.102329861866865239e-04,3.163748170160406853e-02,-3.313100580793692466e-04,-1.815863300679045259e-05,1.889455904614919439e-04,1.124152655758952513e+00,1.608351385772009423e-01,-3.250521343546198594e+00,7.358351886148506438e-01,8.747269374690648247e-01,8.846888603414296837e-01,9.219058736381490204e-01,8.149917451028545479e-01,-5.200394381678413724e-02,-1.134430324716080851e-01,-2.602388900889707202e-02
1.329999999999927240e+00,8.500000000000000000e+01,7.617563265158350916e+00,7.067589250488161667e+00,1.267512520619553413e+02,nan,nan,nan,7.240782897034688803e-01,8.818895584901179641e-01,7.822405405632100184e-01,8.530529612615450619e-01,-1.328527260723143089e+00,1.265143874171818089e-02,-2.384322441787336544e+00,-4.172382753675618616e+00,-4.839668324919309761e+00,-6.273433078041985134e+00,2.989857891351170593e+01,3.728999028447959052e+00,-2.843062709178321512e+01,2.907792070612296698e+01,3.623830474930114676e+00,-2.864052245976950317e+01,1.338943998739609322e-02,1.109797710991416476e-02,-1.050392975913300858e-02,1.837106603324392337e-02,-1.035127546607373376e-04,3.272084592468793574e-02,-3.472489625040651984e-04,-1.739728753083023008e-05,1.933923047259303014e-04,1.112976084488433770e+00,1.612866231589833166e-01,-3.059029525555313711e+00,7.350769507573772232e-01,8.751888764937885146e-01,8.780816593204873177e-01,9.174653417296280145e-01,8.103153375045855089e-01,-4.349942404415702013e-02,-1.143118447424920636e-01,-1.466282681558411793e-02
1.340000000000145519e+00,8.500000000000000000e+01,6.674461661925701783e+00,7.218874215045536502e+00,1.253749578054440690e+02,nan,nan,nan,7.289002669527278044e-01,8.790758282376338606e-01,7.671969358465289268e-01,8.473826885883751769e-01,-1.322026825847576026e+00,-8.374768174920707575e-02,-2.469957054825484111e+00,-3.373975352167784880e+00,-5.091232447493853286e+00,-5.827711684996512709e+00,2.929786880769171731e+01,3.793465252190332926e+00,-2.659764485709432336e+01,2.846053122669300350e+01,3.691722452887851613e+00,-2.681670794031401073e+01,1.407725110823186687e-02,1.073112523786205405e-02,-1.080746155526020325e-02,1.833973869144557567e-02,-9.521750676436923071e-05,3.400052884862666408e-02,-3.652776014336528865e-04,-1.640699401017012220e-05,1.960685246503566137e-04,1.089910759734711299e+00,1.616805283062787701e-01,-2.855873671703751171e+00,7.346785977963090630e-01,8.754395577307856335e-01,8.709303691897164468e-01,9.129455001315652796e-01,8.056389299063164700e-01,-3.499490427152990302e-02,-1.151806570133761531e-01,-3.301764622271219363e-03
1.350000000000363798e+00,8.500000000000000000e+01,5.729839440263659434e+00,7.350230965348009349e+00,1.240153964903749539e+02,nan,nan,nan,7.337222442019867286e-01,8.762620979851496461e-01,7.521533311298478353e-01,8.417124159152051810e-01,-1.277976442596455486e+00,-1.944441928255163377e-01,-2.556273747977475086e+00,-2.463139988401028546e+00,-5.357121171364575218e+00,-5.743737002154073679e+00,2.839457553552218982e+01,3.794300263931951189e+00,-2.466966577637981217e+01,2.755381514927225339e+01,3.695933505559600096e+00,-2.490025928735353844e+01,1.477876250857183306e-02,1.036625068409571110e-02,-1.087403171813108339e-02,1.778756205819117045e-02,-8.422428277155923190e-05,3.530135278317319408e-02,-3.835938028745562245e-04,-1.490312378895662205e-05,1.929064404254638798e-04,1.055897818275336686e+00,1.620167667665422251e-01,-2.642149604573942767e+00,7.346169196696353820e-01,8.754926058317223925e-01,8.632700798962212874e-01,9.083514637649555690e-01,8.009625223080473200e-01,-2.649038449890278590e-02,-1.160494692842601316e-01,8.059297571041623698e-03
1.359999999999672582e+00,8.500000000000000000e+01,4.784748495201175622e+00,7.378429363988320056e+00,1.224650111820247815e+02,nan,nan,nan,7.385442214508071146e-01,8.734483677329214490e-01,7.371097264145349826e-01,8.360421432425509947e-01,-1.220821821330555501e+00,-3.101302289745777596e-01,-2.642828474475757083e+00,-1.625074874324324403e+00,-5.643454593923881824e+00,-5.386755437114069345e+00,2.722197017357808591e+01,3.767217172337794739e+00,-2.264648956131070534e+01,2.638218616489535151e+01,3.672066152268270489e+00,-2.288970028025993741e+01,1.549711368060879661e-02,1.001613981429166217e-02,-1.083844810778705064e-02,1.705058446119491963e-02,-7.141678938480033260e-05,3.661839079675135306e-02,-4.023412800199681664e-04,-1.324546885048840252e-05,1.874108892580214907e-04,1.011821966860295241e+00,1.622950130380814704e-01,-2.418883767180513900e+00,7.348702032021938724e-01,8.753607667534174519e-01,8.551336183307104433e-01,9.036880176741506343e-01,7.962861147102036075e-01,-1.798586472704916117e-02,-1.169182815550651733e-01,1.942035976332129321e-02
1.369999999999890861e+00,8.500000000000000000e+01,3.842894642660481530e+00,7.345072831297459359e+00,1.208356168187173552e+02,nan,nan,nan,7.433661987000660387e-01,8.706346374804372346e-01,7.220661216978538910e-01,8.303718705693809987e-01,-1.242869575179316177e+00,-3.246538325404123571e-01,-2.709517893914275888e+00,-1.250725060580228254e+00,-5.640246178717680081e+00,-4.725776934905415949e+00,2.585189074944057452e+01,3.859114695767351666e+00,-2.048432299600121098e+01,2.498579106372788061e+01,3.766796293939679074e+00,-2.073362764755042065e+01,1.615173783984572356e-02,9.715485514230695618e-03,-1.125276116721609689e-02,1.742047574205895372e-02,-6.726616275758608425e-05,3.767682587745551509e-02,-4.195419577042943955e-04,-1.239899881049084704e-05,1.939316652624953168e-04,9.585142440022177412e-01,1.625147600366592393e-01,-2.187037068231235892e+00,7.354181355670095233e-01,8.750559644274726878e-01,8.465516942785624721e-01,8.989596383014986092e-01,7.916097071119345685e-01,-9.481344954422044058e-03,-1.177870938259491518e-01,3.078142195663424729e-02
1.380000000000109139e+00,8.500000000000000000e+01,2.904471149652938067e+00,7.289200996964066981e+00,1.192289727192834334e+02,nan,nan,nan,7.481881759493249628e-01,8.678209072279531311e-01,7.070225169811727994e-01,8.247015978962111138e-01,-1.295901897600672426e+00,-2.996019268500144661e-01,-2.768435854881741154e+00,-1.290869978126666817e+00,-5.178950344242236881e+00,-4.079992787221576656e+00,2.427871813516319577e+01,4.002410638903351803e+00,-1.822787971656566341e+01,2.337548970905438495e+01,3.912726438800365081e+00,-1.848076000174134847e+01,1.677914043083738108e-02,9.438393658393374325e-03,-1.184609932933388537e-02,1.823097038371963158e-02,-6.580311708077542004e-05,3.864039986510511143e-02,-4.362206418708766209e-04,-1.171748073086444818e-05,2.054624947783537103e-04,8.967547354456358866e-01,1.626753662516920440e-01,-1.947508588122824236e+00,7.362417139725330184e-01,8.745893537752069680e-01,8.375530369585959534e-01,8.941705133901176605e-01,7.869332995136655295e-01,-9.768251817949269444e-04,-1.186559060968332413e-01,4.214248414994703484e-02
1.390000000000327418e+00,8.500000000000000000e+01,1.969377667706186719e+00,7.210822250739185257e+00,1.176475114797407144e+02,nan,nan,nan,7.530101531985838870e-01,8.650071769754689166e-01,6.919789122644917079e-01,8.190313252230411178e-01,-1.329162857023607147e+00,-2.879609978330883724e-01,-2.774372749051848608e+00,-1.389181038614302199e+00,-4.675158365628638180e+00,-3.624733231108048237e+00,2.248717304440812015e+01,4.064655272886767534e+00,-1.591911504201718586e+01,2.156227448218174558e+01,3.979292436583527159e+00,-1.616984950231207918e+01,1.707742410249563775e-02,8.980452847810422440e-03,-1.231630983791244180e-02,1.877053959312089890e-02,-5.992911598245426034e-05,3.887286245205875956e-02,-4.445813540628323207e-04,-1.069709783602572505e-05,2.141029426977180414e-04,8.272752284056306138e-01,1.627760947815058146e-01,-1.701139139114379972e+00,7.373231611745351133e-01,8.739713703034317493e-01,8.281645227556898581e-01,8.893245606029462902e-01,7.822568919153964906e-01,7.527694590832190169e-03,-1.195247183677172198e-01,5.350354634325998893e-02
1.399999999999636202e+00,8.500000000000000000e+01,1.037507818277721539e+00,7.109948174720178926e+00,1.160934364641793337e+02,nan,nan,nan,7.586002072623871939e-01,8.616155120624855446e-01,6.771153849592655982e-01,8.130538912845683974e-01,-1.347964980350721653e+00,-2.861275420592786500e-01,-2.741564486354608920e+00,-1.307182964250030999e+00,-4.362478062960342129e+00,-3.244477706905984249e+00,2.048321346505360907e+01,4.052402594075366515e+00,-1.356066246790122598e+01,1.954848855700020138e+01,3.984496682507076226e+00,-1.380494264475027677e+01,1.711443929912173645e-02,7.147972968510604881e-03,-1.270518737079714272e-02,1.911150707055410056e-02,-5.080370757076461540e-05,3.856624266839411841e-02,-4.464299388902568050e-04,-9.425628015518121262e-06,2.204831798008777960e-04,7.501566435018596213e-01,1.627754955965516892e-01,-1.448445996773568112e+00,7.386953820263619797e-01,8.731745037529512476e-01,8.184229084508237717e-01,8.844056351849475250e-01,7.775962488921767113e-01,1.646160076260222427e-02,-1.194769055627005749e-01,6.502322154051937142e-02
1.409999999999854481e+00,8.500000000000000000e+01,4.611728630077291391e-02,6.896486160933001486e+00,1.144463336603266583e+02,nan,nan,nan,7.692102539542283735e-01,8.544465846676421172e-01,6.634288066939626471e-01,8.050689142720044433e-01,-1.378823458702756799e+00,-3.209534912911645166e-01,-2.776165611202898731e+00,-1.373309581573258109e+00,-4.050676807224967924e+00,-2.504773232732077748e+00,1.819872506295017800e+01,4.107813053146911919e+00,-1.115818966258582279e+01,1.724111471077425151e+01,4.067819477093198799e+00,-1.140450587522611769e+01,1.748449900555746825e-02,4.220732503334254093e-03,-1.314072447581187894e-02,1.962830770762970592e-02,-3.828432484186545100e-05,3.921160008281686371e-02,-4.572784023794334652e-04,-8.080918176393066349e-06,2.280482780658442854e-04,6.620897538881079791e-01,1.624104140182205391e-01,-1.188396330104254162e+00,7.406633781183640242e-01,8.719666837870556630e-01,8.084268715262076244e-01,8.792889708555667871e-01,7.730386398969593120e-01,2.820188843231402620e-02,-1.134382191457277700e-01,7.757955882795175562e-02
1.420000000000072760e+00,8.500000000000000000e+01,-9.667782752923809175e-01,6.615764089903723999e+00,1.127715034773474088e+02,nan,nan,nan,7.798203006460695530e-01,8.472776572727986899e-01,6.497422284286596961e-01,7.970839372594406003e-01,-1.418615058047196342e+00,-3.829421194418838881e-01,-2.860713524598429203e+00,-1.954829740396692328e+00,-3.591591921049227754e+00,-1.173272610356233425e+00,1.565280679975190914e+01,4.226076659745143793e+00,-8.714232506595333660e+00,1.466267777571152209e+01,4.212218212437176312e+00,-8.969215738375694968e+00,1.809640321260102408e-02,1.475366579266188709e-03,-1.358619543754144635e-02,2.027879228846028725e-02,-2.227446447402130417e-05,4.057409645700538192e-02,-4.749134191094129035e-04,-6.603592648055069196e-06,2.363914161858613481e-04,5.638813165028448982e-01,1.617012644098252683e-01,-9.217262922601285879e-01,7.431887261090590613e-01,8.703744140305169630e-01,7.981928204636651314e-01,8.739873203933754553e-01,7.684810309017421348e-01,3.994217610202588364e-02,-1.073995327287550205e-01,9.013589611538397328e-02
1.430000000000291038e+00,8.500000000000000000e+01,-1.970799848217093198e+00,6.310018208859700550e+00,1.111291456818612602e+02,nan,nan,nan,7.904303473379107325e-01,8.401087298779553736e-01,6.360556501633567450e-01,7.890989602468766462e-01,-1.416095675328197467e+00,-4.749360673793258103e-01,-2.870758331225525151e+00,-2.561408860543578303e+00,-2.890852680461715618e+00,2.540231902199515668e-01,1.282804204578602736e+01,4.196265495536576573e+00,-6.239125037874938329e+00,1.183487513810371716e+01,4.206914407119164423e+00,-6.495855731128118649e+00,1.816603428386223684e-02,-1.107161708214873634e-03,-1.371706179732594746e-02,2.032940119150866351e-02,4.540428079553502229e-07,4.089091985521506323e-02,-4.788689050690145494e-04,-4.782535135604477893e-06,2.370090078799239747e-04,4.562795150629475049e-01,1.606670625994876533e-01,-6.491012955847725863e-01,7.462354806941020602e-01,8.684224888094373984e-01,7.877361055125561284e-01,8.685126141118058030e-01,7.639234219065249576e-01,5.168246377173763006e-02,-1.013608463117822711e-01,1.026922334028163575e-01
1.439999999999599822e+00,8.500000000000000000e+01,-2.966198852702019995e+00,5.979285069869415992e+00,1.095215673837791996e+02,nan,nan,nan,8.010403940287869062e-01,8.329398024837639802e-01,6.223690718992986870e-01,7.811139832350390000e-01,-1.403496261716903781e+00,-5.740783852029298640e-01,-2.863053759766158279e+00,-2.537057596360012823e+00,-2.319895476903616860e+00,1.396552226993284407e+00,9.767099797048643950e+00,4.129631390570043692e+00,-3.717586212871158757e+00,8.779046686207966133e+00,4.163231443063947879e+00,-3.974750167459415007e+00,1.806228304930490233e-02,-3.529860342534361668e-03,-1.374030385885888564e-02,2.023740218951702516e-02,2.567170821357999674e-05,4.096211431068565167e-02,-4.788652208399003796e-04,-2.848568030801161028e-06,2.353154726320366361e-04,3.399786313665800197e-01,1.593255308336852250e-01,-3.711237816819075164e-01,7.497700147901367185e-01,8.661341033891173380e-01,7.770710869384592767e-01,8.628760129024544145e-01,7.593658129117221156e-01,6.342275144038161949e-02,-9.532215989535869349e-02,1.152485706891065997e-01
1.449999999999818101e+00,8.500000000000000000e+01,-3.953241392519769359e+00,5.623600108837388589e+00,1.079507586496784910e+02,nan,nan,nan,8.116504407206280858e-01,8.257708750889205529e-01,6.086824936339957359e-01,7.731290062224750459e-01,-1.444588912940023118e+00,-5.871122446120042859e-01,-2.848964910329537581e+00,-1.998572012388099450e+00,-2.093357894587500212e+00,2.461142357678963943e+00,6.529423004890295701e+00,4.156266214683594917e+00,-1.098345114735449046e+00,5.528499832467062447e+00,4.211438670596791667e+00,-1.352453099443938322e+00,1.786571834005815096e-02,-5.800514085012356200e-03,-1.406049990992323112e-02,2.092485106536485714e-02,4.272356351680568477e-05,4.094923946018826089e-02,-4.771075674885490972e-04,-8.866552079240457692e-07,2.421036727768196293e-04,2.156232987958215386e-01,1.576931938277093548e-01,-8.834007035150115428e-02,7.537608700259217365e-01,8.635309571021805297e-01,7.662111988699696896e-01,8.570879578572749846e-01,7.548082039165048274e-01,7.516303911009342142e-02,-8.928347347838588854e-02,1.278049079765388174e-01
1.460000000000036380e+00,8.500000000000000000e+01,-4.979928590171711633e+00,5.181125883322383885e+00,1.063490849933725144e+02,nan,nan,nan,8.222604874124692653e-01,8.186019476940771256e-01,5.949959153686927849e-01,7.651440292099112028e-01,-1.511146310234562584e+00,-5.593071078850080369e-01,-2.831848164349541008e+00,-1.340870014327973481e+00,-1.821286062223502311e+00,3.434868886341660765e+00,3.112281591641501421e+00,4.225135333132064908e+00,1.587957360496793591e+00,2.090545468350456737e+00,4.300615396562689874e+00,1.338292252489847289e+00,1.759200006787009149e-02,-7.935929338587461440e-03,-1.449484784187985917e-02,2.199218609360753182e-02,5.631364765615217278e-05,4.089862732435196879e-02,-4.740435984100299172e-04,1.312806282939560365e-06,2.527024512653133054e-04,8.381237984540157449e-02,1.557854667727781028e-01,1.987535994863964817e-01,7.581786168753608113e-01,8.606333498259091108e-01,7.551690090283060819e-01,8.511582166907686320e-01,7.502505949212876502e-01,8.690332677980527887e-02,-8.324478706141313911e-02,1.403612452639712016e-01
1.470000000000254659e+00,8.500000000000000000e+01,-6.023073269941953356e+00,4.676805202632227321e+00,1.047448905034174089e+02,nan,nan,nan,8.328705341043104449e-01,8.114330202992338092e-01,5.813093371033898338e-01,7.571590521973472487e-01,-1.531827515912987048e+00,-5.733231143037944566e-01,-2.829628681119124245e+00,-7.140632900234692437e-01,-1.710391552658710790e+00,4.332051071751584104e+00,-5.092519804057394905e-01,4.221533459596996884e+00,4.293209744655846372e+00,-1.535593820211971217e+00,4.316037013683740042e+00,4.042902935764879579e+00,1.735710893022137866e-02,-9.943121127379030144e-03,-1.460020529773962267e-02,2.240221003062718708e-02,7.552147983325986061e-05,4.106995707374396648e-02,-4.728782074675568956e-04,3.701964743493607593e-06,2.552438886196833662e-04,-5.489749510021613155e-02,1.536167360666437776e-01,4.897057378837939012e-01,7.629957238112246021e-01,8.574602722372959285e-01,7.439562746044543484e-01,8.450959271680790197e-01,7.456929859260703619e-01,9.864361444951702529e-02,-7.720610064444038967e-02,1.529175825514036413e-01
1.479999999999563443e+00,8.500000000000000000e+01,-7.054223236508654793e+00,4.146891607449916251e+00,1.031804548707640237e+02,nan,nan,nan,8.434805807951866186e-01,8.042640929050424159e-01,5.676227588393316648e-01,7.491740751855096025e-01,-1.512954388794778504e+00,-6.233972012979894783e-01,-2.840253578988773508e+00,-1.310467776807070807e-02,-1.923192783698806974e+00,5.626381936132511363e+00,-4.318564670827322871e+00,4.156122000203208877e+00,7.015373723821497265e+00,-5.335312830476287793e+00,4.268391996102064212e+00,6.760048674691129911e+00,1.715421897646530330e-02,-1.182437065940063030e-02,-1.442798525293646425e-02,2.223859689061745762e-02,9.998798229427370262e-05,4.143783082276389362e-02,-4.736031974526003436e-04,6.095856078943968741e-06,2.509423460590383967e-04,-1.999886945363598123e-01,1.512004334534409189e-01,7.841048942557531376e-01,7.681864348974193346e-01,8.540294902473601901e-01,7.325839945327867753e-01,8.389096377323722598e-01,7.411353769312676310e-01,1.103839021181610702e-01,-7.116741422801686756e-02,1.654739198376938836e-01
1.489999999999781721e+00,8.500000000000000000e+01,-8.073881473091258698e+00,3.591394387579701419e+00,1.016574633095757889e+02,nan,nan,nan,8.540906274870277981e-01,7.970951655101989886e-01,5.539361805740287137e-01,7.411890981729456485e-01,-1.549592572247918021e+00,-6.629020838769899004e-01,-2.765457887443670604e+00,7.187868798748457966e-01,-1.667818742518281994e+00,7.296697104737941864e+00,-8.269175137398294240e+00,4.106189715910779192e+00,9.740143168936308271e+00,-9.283802731741097602e+00,4.235220203936260752e+00,9.494126658415011022e+00,1.640065981207166138e-02,-1.359957143978171058e-02,-1.455360903640347259e-02,2.289745081115476810e-02,1.230514976361101603e-04,4.056485877868248879e-02,-4.600692164572696050e-04,8.840931077185433615e-06,2.556752616331525014e-04,-3.509796285433787189e-01,1.485491041858525707e-01,1.081575494159420003e+00,7.737266552759477500e-01,8.503576239898716915e-01,7.210624583930758114e-01,8.326073455118477851e-01,7.365777679360503427e-01,1.221241897878728722e-01,-6.512872781104406261e-02,1.780302571251262123e-01
1.500000000000000000e+00,8.500000000000000000e+01,-9.072898117076249491e+00,3.016786607988265700e+00,1.001915364856655088e+02,nan,nan,nan,8.647006741788689776e-01,7.899262381153556722e-01,5.402496023087257626e-01,7.332041211603818054e-01,-1.636859618315121168e+00,-6.927673670125018557e-01,-2.612754698466158931e+00,1.239876641286847825e+00,-6.027087242516436794e-01,8.699232103429864082e+00,-1.234883842025504208e+01,4.063685096471672864e+00,1.246393987760257716e+01,-1.336934518409543493e+01,4.202022431555191950e+00,1.223971626919862388e+01,1.517701343504101671e-02,-1.459439435497412313e-02,-1.487029795868747770e-02,2.431994794488563996e-02,1.431179174021739273e-04,3.854183048800979838e-02,-4.338763910019388659e-04,1.218647781359888788e-05,2.685871544065205371e-04,-5.074220409570673329e-01,1.456744697591620952e-01,1.381774155944443194e+00,7.795938440387877311e-01,8.464602217161064646e-01,7.094012921591519305e-01,8.261965318758432986e-01,7.320201589408330545e-01,1.338644774575846741e-01,-5.909004139407136869e-02,1.905865944125584854e-01
1.510000000000218279e+00,8.500000000000000000e+01,-9.979432345287145623e+00,2.475738492180191930e+00,9.888360660994104023e+01,nan,nan,nan,8.720812113284477363e-01,7.897763953478720289e-01,5.334677601991326679e-01,7.287140305186355915e-01,-1.630361303774963355e+00,-6.790628589261069603e-01,-2.510140566921087668e+00,1.813617251762745353e+00,6.358588669354849898e-01,9.765988423440921551e+00,-1.633134092723648223e+01,3.914971488413341305e+00,1.524968747608485486e+01,-1.732934399860616281e+01,4.053675597731341895e+00,1.503482128876948565e+01,1.426333215551326729e-02,-1.464996252236047333e-02,-1.455952535382213676e-02,2.435479590746181255e-02,1.575860768727843750e-04,3.723413864685886504e-02,-4.164422168054765614e-04,1.500407871753879663e-05,2.664243476088371909e-04,-6.592558022389485295e-01,1.428118864990445824e-01,1.678430185729313351e+00,7.855586332017860940e-01,8.428045108536748042e-01,6.980548082490141137e-01,8.199095914566575383e-01,7.310098493485219784e-01,1.387755431500393155e-01,-5.647072716946360815e-02,1.998379079792757529e-01
1.520000000000436557e+00,8.500000000000000000e+01,-1.087697596994598825e+01,1.916035252076407014e+00,9.760660733236950648e+01,nan,nan,nan,8.786508357229482202e-01,7.913890075844113303e-01,5.284196607974779303e-01,7.251014873492092061e-01,-1.594447371642912170e+00,-6.516898456599681255e-01,-2.423240133370959892e+00,2.891290969425557300e+00,1.432196081212840921e+00,1.078731288500727103e+01,-2.014868160778866013e+01,3.739464460969860404e+00,1.802030167596344157e+01,-2.111542058611062345e+01,3.876810077470109750e+00,1.781127142184127266e+01,1.346304009112201348e-02,-1.452235567776926153e-02,-1.408139679285458877e-02,2.394413280445722644e-02,1.692907877081892851e-04,3.613938869514903701e-02,-4.022178963751652978e-04,1.748649375710640375e-05,2.599492673510409241e-04,-8.044796582997993939e-01,1.400157252421245224e-01,1.970372047131986548e+00,7.915624300124231016e-01,8.394885700317232802e-01,6.871145261452584752e-01,8.137951309793319821e-01,7.308902478635117550e-01,1.419718273451340829e-01,-5.470999920659719296e-02,2.082593475803361516e-01
1.529999999999745341e+00,8.500000000000000000e+01,-1.176596913433681202e+01,1.337644366014489883e+00,9.636139908698771706e+01,nan,nan,nan,8.852204601168510711e-01,7.930016198208038603e-01,5.233715613962822699e-01,7.214889441801114467e-01,-1.543895704853506246e+00,-6.005732821067085725e-01,-2.316370908121367922e+00,4.122925598091510047e+00,1.903814196789169744e+00,1.196117125345431909e+01,-2.381244430910998844e+01,3.525893403343534960e+00,2.077546276006246373e+01,-2.473965403969902610e+01,3.661956452624765657e+00,2.057468938681502379e+01,1.257248981029233416e-02,-1.439716136737951083e-02,-1.354193752021160338e-02,2.330443524313922932e-02,1.757868551970794804e-04,3.472674028597762946e-02,-3.850755214843321387e-04,1.966528029216541587e-05,2.515598860667177142e-04,-9.436585241057596773e-01,1.372808611969098536e-01,2.258025409882597145e+00,7.976027187498571092e-01,8.364904864559360442e-01,6.765542486687354806e-01,8.078420266924155602e-01,7.307706463785121898e-01,1.451681115399381938e-01,-5.294927124389098294e-02,2.166807871806306074e-01
1.539999999999963620e+00,8.500000000000000000e+01,-1.264685914000220812e+01,7.405228878663979719e-01,9.514867953840186487e+01,nan,nan,nan,8.917900845113515551e-01,7.946142320573431617e-01,5.183234619946275323e-01,7.178764010106851723e-01,-1.483430054069165394e+00,-5.333754612434448150e-01,-2.195977029909723655e+00,4.912912932168476132e+00,2.641793107982469024e+00,1.348006309115410062e+01,-2.733519185251021355e+01,3.292355038799806621e+00,2.350721323685620945e+01,-2.821743878594039856e+01,3.427195255491875425e+00,2.331651857847248621e+01,1.163231708997629343e-02,-1.427349779317366694e-02,-1.297101929370856645e-02,2.250438961979985344e-02,1.778927389710622902e-04,3.308931122971733169e-02,-3.659487266458582308e-04,2.153012833656246905e-05,2.419768922831165093e-04,-1.077307752866133450e+00,1.346025055706017437e-01,2.541778512831475823e+00,8.036771459397455963e-01,8.337897605541878532e-01,6.663494681753033833e-01,8.020398722486838938e-01,7.306510448935018553e-01,1.483643957350330167e-01,-5.118854328102462325e-02,2.251022267816910616e-01
1.550000000000181899e+00,8.500000000000000000e+01,-1.350182379805631960e+01,1.435468619092844511e-01,9.399943797669611456e+01,nan,nan,nan,8.983597089058520391e-01,7.962268442938823521e-01,5.132753625929727948e-01,7.142638578412587869e-01,-1.407916770312204191e+00,-5.538305444465352334e-01,-2.020344883971258554e+00,5.469421296155525525e+00,3.816056238906644360e+00,1.497020468688898021e+01,-3.074768181318173887e+01,2.997416076772016602e+00,2.612116860725166845e+01,-3.157353010052946729e+01,3.130958935003299359e+00,2.594804878596568543e+01,1.048751021751838375e-02,-1.414648445135663346e-02,-1.234607923991743253e-02,2.146390957053379706e-02,1.848791769842397261e-04,3.059960596263569532e-02,-3.394962029305917135e-04,2.294336274461720830e-05,2.302951670154691527e-04,-1.205897911817036539e+00,1.319761810489424037e-01,2.821985572549735366e+00,8.097835098903635176e-01,8.313672148335559120e-01,6.564772575927103615e-01,7.963789324376409073e-01,7.305314434084915209e-01,1.515606799301278396e-01,-4.942781531815815255e-02,2.335236663827513492e-01
1.560000000000400178e+00,8.500000000000000000e+01,-1.416449246330536127e+01,-2.731638325423854097e-01,9.318533015119362517e+01,nan,nan,nan,9.049293333003524120e-01,7.978394565304216535e-01,5.082272631913180572e-01,7.106513146718324014e-01,-1.322803072071695452e+00,-6.302083240135498698e-01,-1.809470632746495777e+00,6.485865970278949177e+00,5.196686927490533847e+00,1.573391352065137738e+01,-3.405024675639499776e+01,2.678171527752267078e+00,2.865941712030206645e+01,-3.481330195589831078e+01,2.810374732464432146e+00,2.850892437424021608e+01,9.253464493273744207e-03,-1.401623913985468491e-02,-1.169926532184053548e-02,2.026352705445890259e-02,1.934831439336524492e-04,2.754989849517466838e-02,-3.086695986773644327e-04,2.392168517748409959e-05,2.173196078155770553e-04,-1.329859056682573204e+00,1.293976993529251662e-01,3.098969864141039920e+00,8.159197509037230400e-01,8.292049086154555937e-01,6.469161684847187788e-01,7.908500999018669431e-01,7.304118419234811865e-01,1.547569641252225514e-01,-4.766708735529179286e-02,2.419451059838117479e-01
1.569999999999708962e+00,8.500000000000000000e+01,-1.482385306944145498e+01,-6.989449872218170823e-01,9.238667390260543755e+01,nan,nan,nan,9.114989576942553740e-01,7.994520687668142944e-01,5.031791637901223968e-01,7.070387715027346420e-01,-1.258999380715803973e+00,-5.740329094749830885e-01,-1.638399371633449508e+00,7.782680541204779701e+00,6.288795018529924619e+00,1.604061025704251264e+01,-3.721566542829106083e+01,2.437860229940038703e+00,3.127642032963760599e+01,-3.792858692003401444e+01,2.569003540058642177e+00,3.114442057719271517e+01,8.194151421495547011e-03,-1.389984433110541540e-02,-1.118159093688817114e-02,1.937732024649508472e-02,1.866109265923193694e-04,2.506700283454802586e-02,-2.821740276844953202e-04,2.502659266602894872e-05,2.080633355997181576e-04,-1.449584561027420282e+00,1.268631406676105355e-01,3.373026507828488008e+00,8.220839421179310103e-01,8.272860582697453280e-01,6.376461356894397303e-01,7.854448546449016577e-01,7.302922404384817323e-01,1.579532483200266624e-01,-4.590635939258558285e-02,2.503665455841063148e-01
1.579999999999927240e+00,8.500000000000000000e+01,-1.548009496985311984e+01,-1.133821850859903391e+00,9.160368423252383252e+01,nan,nan,nan,9.180685820887558579e-01,8.010646810033534848e-01,4.981310643884676592e-01,7.034262283333083676e-01,-1.203748360273535489e+00,-4.646578946217196360e-01,-1.483302853161545753e+00,8.600366608561634152e+00,6.854082134293915551e+00,1.665396375314143640e+01,-4.027138770313449356e+01,2.232963795504525617e+00,3.390244423445394517e+01,-4.093941117399641882e+01,2.363195948721857675e+00,3.378748552082977596e+01,7.214703059601673685e-03,-1.379151546578122160e-02,-1.072467766829878280e-02,1.861300664863297857e-02,1.723163004675271287e-04,2.279829021253528334e-02,-2.570241023164148461e-04,2.609521530048193767e-05,2.004088330844492000e-04,-1.565434550128313562e+00,1.243688347608225553e-01,3.644424991249337609e+00,8.282742809403041973e-01,8.255949625932123004e-01,6.286483881077111757e-01,7.801552261505019237e-01,7.301726389534712869e-01,1.611495325151215408e-01,-4.414563142971916765e-02,2.587879851851665469e-01
1.590000000000145519e+00,8.500000000000000000e+01,-1.613340913858590042e+01,-1.577822812171128408e+00,9.083654471050107304e+01,nan,nan,nan,9.246382064832562309e-01,8.026772932398927862e-01,4.930829649868129216e-01,6.998136851638819822e-01,-1.071758401242742131e+00,-3.935988978798905524e-01,-1.320712710797860900e+00,8.985448689184536875e+00,7.219973860508106966e+00,1.743900201698509278e+01,-4.327030964986149542e+01,1.968014727989976675e+00,3.649153211337161196e+01,-4.386272743714061306e+01,2.096834481131405248e+00,3.639193308189840792e+01,6.259855386313574813e-03,-1.363051610050891767e-02,-9.938759950195330539e-03,1.664785925993800264e-02,1.596628605591005458e-04,2.039282969802548584e-02,-2.310728116127680129e-04,2.516988136865248171e-05,1.800144631262539686e-04,-1.677738983188869160e+00,1.219113436296037078e-01,3.913411454132321055e+00,8.344890810327578734e-01,8.241169330005682081e-01,6.199053652451800289e-01,7.749737579450689529e-01,7.300530374684609525e-01,1.643458167102162526e-01,-4.238490346685280796e-02,2.672094247862270566e-01
1.600000000000363798e+00,8.500000000000000000e+01,-1.678398810387164275e+01,-2.030979581966300795e+00,9.008540894914474961e+01,nan,nan,nan,9.312078308777567148e-01,8.042899054764319766e-01,4.880348655851581841e-01,6.962011419944555968e-01,-9.089394825865175775e-01,-3.379329075711912655e-01,-1.155112093795653383e+00,9.281701403434778896e+00,7.539921393007603001e+00,1.804638345103180086e+01,-4.619915422556653795e+01,1.712539214662930132e+00,3.904708174566149381e+01,-4.670381728930439635e+01,1.833734921910173954e+00,3.896177716187263229e+01,5.339732765230358058e-03,-1.281922774588712885e-02,-8.963981236107400330e-03,1.418237125348325960e-02,1.463175114568599118e-04,1.791763327575290540e-02,-2.045484197914232286e-04,2.299386425461660813e-05,1.542289725838178317e-04,-1.786800422630300256e+00,1.194874455297411514e-01,4.180210759196686610e+00,8.407267648142345839e-01,8.228382282176754936e-01,6.114006391367181603e-01,7.698934744454674073e-01,7.299334359834506181e-01,1.675421009053110755e-01,-4.062417550398633725e-02,2.756308643872875663e-01
1.609999999999672582e+00,8.500000000000000000e+01,-1.723604502778178116e+01,-2.244229150885822754e+00,8.957567494816227338e+01,nan,nan,nan,9.321876813694913722e-01,8.057698431554461971e-01,4.849165200401476805e-01,6.952188176297763311e-01,-8.099180611606152658e-01,-2.373421858890701341e-01,-9.373496048471290365e-01,9.706531540320861851e+00,7.683695744525411264e+00,1.857847422153735906e+01,-4.893642284046666191e+01,1.513252535858137238e+00,4.147768581223468942e+01,-4.937360840701636988e+01,1.621366416909312935e+00,4.141665541664269767e+01,4.208916965084892256e-03,-1.142656701173547056e-02,-8.225137708257100957e-03,1.269325911548490650e-02,1.201604478771504074e-04,1.460208220726827780e-02,-1.675325219178385588e-04,2.191815402982269902e-05,1.392068787037396079e-04,-1.889396752357509701e+00,1.172350324742782723e-01,4.434718727685929451e+00,8.466253550746547507e-01,8.217374366043710410e-01,6.032432969505603371e-01,7.650774806856942556e-01,7.295232155487153536e-01,1.683600679018369128e-01,-4.194222968779176552e-02,2.789110934275066955e-01
1.619999999999890861e+00,8.500000000000000000e+01,-1.752307466764639798e+01,-2.251366978415652031e+00,8.926035930180430000e+01,nan,nan,nan,9.327853250991613443e-01,8.072407090699970089e-01,4.819301234763392339e-01,6.944163372856401173e-01,-7.591818853363914155e-01,-1.027501039049916742e-01,-6.801083132753056315e-01,1.042709114011181804e+01,7.950052167387151592e+00,1.901908173588294204e+01,-5.149393071655946841e+01,1.346217329970357035e+00,4.378559407833756012e+01,-5.187955995178338497e+01,1.442071239864115784e+00,4.375712948712610029e+01,2.933022679806840567e-03,-1.010963438061956987e-02,-7.727876245411785354e-03,1.194979873182993278e-02,8.294423301804880987e-05,1.063450938798972054e-02,-1.216575237296693782e-04,2.184780251115273842e-05,1.325014302771096615e-04,-1.985685030081356661e+00,1.151539582587222388e-01,4.677058885701363522e+00,8.521820713111205592e-01,8.208024989385040993e-01,5.954194446378254790e-01,7.605203305067115283e-01,7.290931237327844538e-01,1.690154149192326094e-01,-4.347079889006827402e-02,2.818397867035896120e-01
1.630000000000109139e+00,8.500000000000000000e+01,-1.781055119007296739e+01,-2.260140619777567750e+00,8.894671801099143238e+01,nan,nan,nan,9.333829688288314275e-01,8.087115749845479318e-01,4.789437269125307317e-01,6.936138569415040145e-01,-6.447736305247164790e-01,5.084665997520119995e-02,-4.987125407658972165e-01,1.060183919187815960e+01,8.893573736107464711e+00,1.931303445900541149e+01,-5.391823092867748102e+01,1.212091418919551966e+00,4.599786402873497337e+01,-5.423434461101578563e+01,1.295874032184289204e+00,4.598915249189707311e+01,1.995042765798584958e-03,-8.813048682281615295e-03,-7.002310229817330402e-03,1.019222200316678532e-02,4.852713837299606312e-05,7.817916585320614301e-03,-8.702587111278185794e-05,1.963218151909436310e-05,1.145153030191104382e-04,-2.076049678341776339e+00,1.132343914467856538e-01,4.908046625466106150e+00,8.574189620101764220e-01,8.200227187989599376e-01,5.879075744311149654e-01,7.562053303055890074e-01,7.286630319168535541e-01,1.696707619366283892e-01,-4.499936809234489354e-02,2.847684799796723620e-01
1.640000000000327418e+00,8.500000000000000000e+01,-1.809848166371892475e+01,-2.270550104789304413e+00,8.863476728766930535e+01,nan,nan,nan,9.339806125585013996e-01,8.101824408990988546e-01,4.759573303487222851e-01,6.928113765973679117e-01,-4.720135394342951929e-01,2.218601330969798835e-01,-3.868248694711329261e-01,9.969781294290353202e+00,9.914892729320726517e+00,1.973909055776614707e+01,-5.621683958411958315e+01,1.115934513940439743e+00,4.809858449985652129e+01,-5.644599596532286512e+01,1.187749713714499444e+00,4.809790556201718914e+01,1.342094201237355178e-03,-7.528661943095891172e-03,-6.081078591029230943e-03,7.492506531651363898e-03,1.774269722129046491e-05,6.068102920275071990e-03,-6.292423658407139415e-05,1.513996554061832964e-05,8.546515233463005410e-05,-2.160852233089810781e+00,1.114669921152239007e-01,5.128441141531267178e+00,8.623566536849935904e-01,8.193880896090711685e-01,5.806875656637952021e-01,7.521168631001797777e-01,7.282329401009225434e-01,1.703261089540240858e-01,-4.652793729462151306e-02,2.876971732557550010e-01
1.649999999999636202e+00,8.500000000000000000e+01,-1.838136950745871090e+01,-2.273769261310828682e+00,8.833474062629365164e+01,nan,nan,nan,9.345782562881170819e-01,8.116533068135158846e-01,4.729709337851854545e-01,6.920088962533047505e-01,-3.796344887673096524e-01,3.091089215725059680e-01,-1.792046393259422443e-01,9.518416364697765530e+00,1.004777221763445993e+01,2.019805417664826663e+01,-5.835895878711706075e+01,1.035836340834558333e+00,5.005251689708377683e+01,-5.852690104063640320e+01,1.097019846658746633e+00,5.007734729838596621e+01,4.004240107610688754e-04,-6.383006025593873471e-03,-5.518668645858157765e-03,6.050816704178652548e-03,-1.585943418835374983e-05,2.797365672532841924e-03,-2.272622105285494753e-05,1.277927332005019218e-05,7.018704846461902049e-05,-2.240432564013181693e+00,1.098428963457573071e-01,5.338949416297550599e+00,8.670144425827174262e-01,8.188892501464603013e-01,5.737405953117042934e-01,7.482403190946053106e-01,7.278028482850308345e-01,1.709814559713602466e-01,-4.805650649675902164e-02,2.906258665315713530e-01
1.659999999999854481e+00,8.500000000000000000e+01,-1.842727982742649928e+01,-1.897771768452261920e+00,8.847602022714147552e+01,nan,nan,nan,9.351759000177871650e-01,8.131241727280668075e-01,4.699845372213769523e-01,6.912064159091685367e-01,-3.074764507542846470e-01,3.752854927770601923e-01,5.249849988112742505e-02,9.235509750823178265e+00,9.642366551144805342e+00,2.043173961897072743e+01,-6.036885780094519305e+01,9.761568277372668634e-01,5.190622733520743282e+01,-6.048251382680553689e+01,1.027517577461805276e+00,5.196133265732935769e+01,-5.930061138349235639e-04,-5.319446213910875368e-03,-5.060832902526553843e-03,4.920407927279306197e-03,-5.220707835834797122e-05,-8.808253157501496700e-04,2.313769790413545201e-05,1.082654780787877372e-05,5.812072550536100075e-05,-2.315110049224463395e+00,1.083536997994400397e-01,5.540229909191539903e+00,8.714103804773440931e-01,8.185174429222219494e-01,5.670490543042244758e-01,7.445620307227617252e-01,7.273727564690999348e-01,1.716368029887559710e-01,-4.958507569903564116e-02,2.935545598076542695e-01
1.670000000000072760e+00,8.500000000000000000e+01,-1.847268563560711030e+01,-1.521719347357797014e+00,8.861839976463629398e+01,nan,nan,nan,9.357735437474571372e-01,8.145950386426177303e-01,4.669981406575685057e-01,6.904039355650324339e-01,-2.216976179082293386e-01,4.599539607892969562e-01,2.458214049223533260e-01,8.981078072661819789e+00,9.190723494330343968e+00,2.083475130048905299e+01,-6.226191785468228801e+01,9.473330158991177807e-01,5.367785972604147560e+01,-6.231902167362130029e+01,9.892971702721553573e-01,5.375753818130450412e+01,-1.440324265712133490e-03,-4.299975172917316901e-03,-4.570782912983099508e-03,3.561699810396183087e-03,-8.821478471681395495e-05,-3.979294921357581782e-03,6.445154774231095010e-05,8.141724728273614758e-06,4.289266865053398454e-05,-2.385184703053480959e+00,1.069914406653296735e-01,5.732895973138571577e+00,8.755613549295359066e-01,8.182644752443053449e-01,5.605964692328103682e-01,7.410692118810952023e-01,7.269426646531689240e-01,1.722921500061516675e-01,-5.111364490131226068e-02,2.964832530837369085e-01
1.680000000000291038e+00,8.500000000000000000e+01,-1.851759294151995405e+01,-1.145595834927644274e+00,8.876188759211710533e+01,nan,nan,nan,9.363711874771272203e-01,8.160659045571685422e-01,4.640117440937600590e-01,6.896014552208963311e-01,-1.321350375577547975e-01,5.497593293463075570e-01,4.284825888948589068e-01,9.296583748597237573e+00,8.497551149132767989e+00,2.151993251301811938e+01,-6.404466948102603396e+01,9.429404038889597217e-01,5.536562430368889665e+01,-6.404446374792996721e+01,9.759988216173379749e-01,5.546856476195245733e+01,-2.244830563078462071e-03,-3.330182199847014479e-03,-4.084677452843835446e-03,2.131024721170976261e-03,-1.253695441594695310e-04,-6.932357211761089669e-03,1.059307648362870202e-04,5.048181688056606225e-06,2.618981704685739275e-05,-2.450938256296583795e+00,1.057485822279506105e-01,5.917519019916772649e+00,8.794831643702525348e-01,8.181226827920707878e-01,5.543674291087005157e-01,7.377499010804200452e-01,7.265125728372380243e-01,1.729474970235474751e-01,-5.264221410358876918e-02,2.994119463598196584e-01
1.689999999999599822e+00,8.500000000000000000e+01,-1.856200762744517618e+01,-7.693850581749359652e-01,8.890649213962956310e+01,nan,nan,nan,9.369688312067429026e-01,8.175367704715856831e-01,4.610253475302231729e-01,6.887989748768331699e-01,1.676874073134189402e-02,6.214006506611626790e-01,6.327117395352560569e-01,1.046781173751600136e+01,6.333187804063454607e+00,2.091674390324925170e+01,-6.575040692347586457e+01,9.852495313013883704e-01,5.694818275569289767e+01,-6.566612321258089935e+01,1.009281100849602986e+00,5.707598129828460998e+01,-3.107964775805597234e-03,-2.342544634921717855e-03,-3.389400511127396362e-03,-2.714647950251419806e-04,-1.651081800839785101e-04,-1.025210856181711476e-02,1.532071894306317019e-04,-6.649458602781145852e-07,-3.407387144566248444e-06,-2.512635188779507533e+00,1.046179952571357902e-01,6.094631454101383738e+00,8.831905883420057002e-01,8.180848955400156219e-01,5.483475168442798475e-01,7.345929082640558772e-01,7.260824810213462044e-01,1.736028440408836082e-01,-5.417078330572638878e-02,3.023406396356361214e-01
1.699999999999818101e+00,8.500000000000000000e+01,-1.860593545088235246e+01,-3.930708278159153468e-01,8.905222191363742468e+01,nan,nan,nan,9.375664749364128747e-01,8.190076363861366060e-01,4.580389509664147263e-01,6.879964945326969561e-01,2.200117769208340124e-01,6.764089938650028611e-01,8.566908673486437475e-01,1.221876233639164866e+01,1.536798306677647608e+00,1.793286633755777615e+01,-6.738325162462507478e+01,1.115092518227500884e+00,5.843142723294791097e+01,-6.719008390753207038e+01,1.116178971763550631e+00,5.858344335682027548e+01,-4.025486852240180331e-03,1.032107884415393612e-04,-2.272184539400374202e-03,-3.574960309389244115e-03,-2.075736344093637327e-04,-1.391255901652954131e-02,2.063492317690123607e-04,-9.036767626364028197e-06,-4.585867755471276203e-05,-2.570523714504910906e+00,1.035929403887823758e-01,6.264729393625000142e+00,8.866974532100577733e-01,8.181444058792164409e-01,5.425232451533456013e-01,7.315877650558063605e-01,7.256523892054153047e-01,1.742581910582792493e-01,-5.569935250800300830e-02,3.052693329117189269e-01
1.710000000000036380e+00,8.500000000000000000e+01,-1.841750351391441853e+01,3.693158983274469898e-01,8.970887265675700917e+01,nan,nan,nan,9.247333689642510679e-01,8.210104471447330354e-01,4.616253296944067275e-01,6.940531504705254040e-01,2.298201382587144737e-01,8.076242585071518043e-01,1.107403953635225147e+00,1.327143044040928288e+01,-2.436345882661384632e+00,1.575250545785928757e+01,-6.859020774561264489e+01,1.188395056812409090e+00,5.966568988388194583e+01,-6.836444717381409930e+01,1.154100482951195383e+00,5.985039448132017270e+01,-5.165916974084272875e-03,3.854227112052714330e-03,-1.632552615196251802e-03,-3.747129315856909289e-03,-2.649755252432741434e-04,-1.803894021311861287e-02,2.713550089077011078e-04,-9.723061016460069506e-06,-4.922347038908954982e-05,-2.614722596695046697e+00,1.030291565007585841e-01,6.402432200937386853e+00,8.891505040941291016e-01,8.183292455214533634e-01,5.373058946807414138e-01,7.291670445955253932e-01,7.253555740684789477e-01,1.680753712978183545e-01,-6.435244947830032203e-02,2.950326679720259859e-01
1.720000000000254659e+00,8.500000000000000000e+01,-1.821883590317917978e+01,1.136177852271171851e+00,9.038686249934218608e+01,nan,nan,nan,9.097247499683641658e-01,8.230994223365751816e-01,4.662763666556901110e-01,7.012208493988195679e-01,1.793117972408921346e-01,9.626023268005334810e-01,1.366453209314674178e+00,1.351345968340414849e+01,-3.015870564384412145e+00,1.580991399583621870e+01,-6.940243379370383536e+01,1.216056881270236811e+00,6.060500400615287475e+01,-6.916680402443149944e+01,1.147204658938684396e+00,6.082586362651827017e+01,-6.429687873862296663e-03,7.522203380019201746e-03,-1.215985617645327400e-03,-2.932658408012337771e-03,-3.279170457643804559e-04,-2.232544437455227446e-02,3.428806309391982366e-04,-7.770621961021642666e-06,-3.952021410196413870e-05,-2.644427892343880870e+00,1.029588659812330637e-01,6.505722591272239619e+00,8.904773992412593486e-01,8.186368886061927697e-01,5.327249862666246782e-01,7.273647102103949491e-01,7.250803470898622427e-01,1.607849051874592206e-01,-7.415957755567020859e-02,2.826634781252148065e-01
1.729999999999563443e+00,8.500000000000000000e+01,-1.801390663007932247e+01,1.900753626030013077e+00,9.107734855241599803e+01,nan,nan,nan,8.947161309738421719e-01,8.251883975282274797e-01,4.709274036165504995e-01,7.083885483264616978e-01,2.134653711790982511e-01,1.013038534393101875e+00,1.571260818884810284e+00,1.314585673203469085e+01,-2.581301822378930133e+00,1.592142426997795468e+01,-6.988105636102326912e+01,1.312541756750561506e+00,6.121960886846295580e+01,-6.960578270273155965e+01,1.210290545989254118e+00,6.146579884104519209e+01,-7.437495374536673941e-03,1.105235476795674542e-02,-5.060888930897982111e-04,-3.500906929886246806e-03,-3.703596063554545712e-04,-2.573089683408355186e-02,4.014429327918862225e-04,-9.428498484947721899e-06,-4.845963919788216952e-05,-2.660569753338134724e+00,1.033527254676428753e-01,6.576932490360958283e+00,8.907507678303357990e-01,8.190594151691670266e-01,5.287394738437636299e-01,7.261408803179720817e-01,7.248051201112705177e-01,1.534944390777629453e-01,-8.396670563214825300e-02,2.702942882795287827e-01
1.739999999999781721e+00,8.500000000000000000e+01,-1.780260259827620573e+01,2.663177039728931383e+00,9.178046145013047408e+01,nan,nan,nan,8.797075119779551589e-01,8.272773727200696259e-01,4.755784405778338830e-01,7.155562472547558617e-01,2.816807925515779631e-01,1.021414638448729928e+00,1.754245502847002314e+00,1.169592805228941401e+01,-2.552185896922242403e+00,1.572310801365219746e+01,-7.003797128758442625e+01,1.456364772208175840e+00,6.154150277019348181e+01,-6.970953929252918613e+01,1.322393764538138727e+00,6.180869890438869163e+01,-8.396988103714940477e-03,1.440028874381277246e-02,3.204404921081851088e-04,-4.630981160598563254e-03,-4.043148241725988390e-04,-2.878278798711687153e-02,4.562084582954177223e-04,-1.262350610750096467e-05,-6.590373239493000420e-05,-2.664062605611304591e+00,1.041822276362525529e-01,6.618267201086218243e+00,8.900385549653485606e-01,8.195894160285069896e-01,5.253109585296092954e-01,7.254582454193911900e-01,7.245298931326535907e-01,1.462039729674037558e-01,-9.377383370951819508e-02,2.579250984327176033e-01
1.750000000000000000e+00,8.500000000000000000e+01,-1.758480456785866153e+01,3.423579801912459253e+00,9.249632141716743661e+01,nan,nan,nan,8.646988929820682568e-01,8.293663479119118831e-01,4.802294775391172665e-01,7.227239461830500256e-01,4.319447454177083312e-01,1.004270604399291722e+00,2.020355082706200456e+00,9.963006521864397058e+00,-2.981002097074991308e+00,1.575322844381712883e+01,-6.993589672439722449e+01,1.747183497895597126e+00,6.154715882093682922e+01,-6.950850116209214491e+01,1.582649082825833942e+00,6.184510756758260897e+01,-9.776077959009730339e-03,1.764113874656455389e-02,1.486849914350675626e-03,-7.116621680422536081e-03,-4.481440765464877194e-04,-3.319433748117478489e-02,5.327990823955474492e-04,-1.955975287001593337e-05,-1.041878632965391108e-04,-2.655799690512172795e+00,1.054197962779353653e-01,6.631809855742779369e+00,8.884043237657671677e-01,8.202199598428083771e-01,5.224035179012926911e-01,7.252819022178138564e-01,7.242546661540367747e-01,1.389135068570445664e-01,-1.035809617868881927e-01,2.455559085859064239e-01
1.760000000000218279e+00,8.500000000000000000e+01,-1.689492409145626439e+01,4.027855360955582498e+00,9.359571477847973142e+01,nan,nan,nan,8.496902739861812437e-01,8.314553231037541403e-01,4.848805145004006500e-01,7.298916451113440784e-01,6.381728354143298976e-01,9.697196468802782299e-01,2.343162972556453560e+00,8.366586057556725464e+00,-3.770507081955214002e+00,1.610896396398391772e+01,-6.958338285403368673e+01,2.200538211470297600e+00,6.128050766606079236e+01,-6.902339858652730697e+01,2.006747184998562084e+00,6.161549230673195154e+01,-1.152822741645819632e-02,2.075488295972665112e-02,2.931915277667384093e-03,-1.053385840492773728e-02,-4.986728207190285712e-04,-3.853916275077481912e-02,6.269382955205464632e-04,-2.908878431376751711e-05,-1.587115486139285294e-04,-2.636648827318713195e+00,1.070388555393133601e-01,6.619526092929735483e+00,8.859075379738455824e-01,8.209445622937716625e-01,5.199835462813002795e-01,7.255791984352466528e-01,7.239794391754200698e-01,1.316230407466852659e-01,-1.133880898642581347e-01,2.331867187390953000e-01
1.770000000000436557e+00,8.500000000000000000e+01,-1.617830559370101184e+01,4.612587972900247024e+00,9.473744842818298650e+01,nan,nan,nan,8.346816549902942306e-01,8.335442982955962865e-01,4.895315514616840336e-01,7.370593440396382423e-01,9.330707393434635177e-01,5.901444045446970765e-01,2.314402280295888126e+00,7.074437363880601737e+00,-4.544582295328637223e+00,1.597431244178416065e+01,-6.888888598439353927e+01,2.684733771325626073e+00,6.100483272803138135e+01,-6.820390715301553541e+01,2.461485673355229498e+00,6.131812875676391883e+01,-1.141430307019811359e-02,2.379287588253401614e-02,4.856182926429500508e-03,-1.542581234730413045e-02,-4.484865595144920856e-04,-3.806722525955574116e-02,6.204104103157318624e-04,-4.265831892473920137e-05,-2.392463214986865387e-04,-2.607449205717768059e+00,1.090138775259062998e-01,6.583268877607947545e+00,8.826038263358187974e-01,8.217571572563349136e-01,5.180196053235817111e-01,7.263195876375498905e-01,7.237042121968031427e-01,1.243325746363260764e-01,-1.231952179416281323e-01,2.208175288922841206e-01
1.779999999999745341e+00,8.500000000000000000e+01,-1.545446444123084540e+01,5.184136169100428404e+00,9.590576663857120820e+01,nan,nan,nan,8.196730359957723477e-01,8.356332734872484735e-01,4.941825884225444221e-01,7.442270429672804832e-01,1.328602445712922631e+00,-1.810083564711928439e-01,1.886636766930242182e+00,6.921506968352477251e+00,-5.414161863802539720e+00,1.502565279284156219e+01,-6.788783841899336835e+01,2.964596341291106718e+00,6.103610793258662426e+01,-6.709293807451703628e+01,2.711341705085839937e+00,6.126012305977314298e+01,-8.923821949700800824e-03,2.677748763646734670e-02,7.398377073229106191e-03,-2.199386989037315290e-02,-2.830767714042569847e-04,-3.096506547242801333e-02,4.903974660986304499e-04,-6.071910219960952607e-05,-3.511719634318538836e-04,-2.569009043683688986e+00,1.113204118730057590e-01,6.524783396661625545e+00,8.785452299324459924e-01,8.226520698281182264e-01,5.164822842357815746e-01,7.274744934221758497e-01,7.234289852182114178e-01,1.170421085266299399e-01,-1.330023460181060935e-01,2.084483390465980412e-01
1.789999999999963620e+00,8.500000000000000000e+01,-1.472312141407469710e+01,5.742523086964780532e+00,9.710029025159603577e+01,nan,nan,nan,8.046644169998853346e-01,8.377222486790907308e-01,4.988336253838278056e-01,7.513947418955746471e-01,1.536039516450850240e+00,-2.771886152550409044e-01,1.953577460190514259e+00,6.957334979099732308e+00,-6.425822375677749498e+00,1.377494626103596076e+01,-6.675848332733279733e+01,3.336442337771105660e+00,6.041583338769181921e+01,-6.585505857412223918e+01,3.060671426563800868e+00,6.063424335976845470e+01,-9.645582857092629275e-03,2.913536877389246577e-02,9.183050071401844400e-03,-2.545537363992754834e-02,-2.815700436063919647e-04,-3.208402128458179986e-02,5.195512910847989918e-04,-6.994950547054862723e-05,-4.184326125511027717e-04,-2.522103969286085157e+00,1.139351003774614485e-01,6.445711974136207445e+00,8.737804335581100812e-01,8.236239910983301771e-01,5.153440690162706117e-01,7.290171823650182237e-01,7.231537582395946018e-01,1.097516424162707227e-01,-1.428094740954761188e-01,1.960791491997868619e-01
1.800000000000181899e+00,8.500000000000000000e+01,-1.398399983686277714e+01,6.287765026961957382e+00,9.832053094788481928e+01,nan,nan,nan,7.898880859863177673e-01,8.405907893931682251e-01,5.053177755564087770e-01,7.576678727358463483e-01,1.666350360368789030e+00,-9.660349939079665438e-02,2.223367229763276498e+00,5.885885869560198991e+00,-6.953279838554336401e+00,1.262506042978877652e+01,-6.541508078939800441e+01,3.837864447916709221e+00,5.930991177784940049e+01,-6.439899848833141505e+01,3.550258711838365056e+00,5.955699227315378153e+01,-1.187604157292453805e-02,3.044087979960606247e-02,1.066603801453707735e-02,-2.763675859274680735e-02,-3.463970696975084769e-04,-3.657930981935262477e-02,6.190753137762111408e-04,-7.536248539513146563e-05,-4.672537393334605491e-04,-2.465586866000633037e+00,1.168093366335617306e-01,6.348197534726924829e+00,8.683699631304298006e-01,8.247182310747246392e-01,5.146974431220863178e-01,7.308649517679585150e-01,7.233661309179352239e-01,1.008236968862935568e-01,-1.515264002931440146e-01,1.837466135436154335e-01
1.810000000000400178e+00,8.500000000000000000e+01,-1.306189712872064135e+01,6.678063949824887935e+00,9.985699062387220692e+01,nan,nan,nan,7.757356703901235884e-01,8.455532091935366035e-01,5.167255880850850636e-01,7.615382326000461610e-01,1.590295719720023815e+00,6.607367026683935718e-03,2.426353911785295470e+00,4.685998482013891575e+00,-7.112817156509084526e+00,1.197972022743561560e+01,-6.360576629408433291e+01,3.971178833647496909e+00,5.811806555280208642e+01,-6.257440718352381026e+01,3.680283136956294943e+00,5.839316385254432618e+01,-1.379274002857722170e-02,3.082164231228053108e-02,1.103512603970440570e-02,-2.638382710753989224e-02,-3.879805624014260571e-04,-3.994974058296035802e-02,6.980746680076491129e-04,-7.114876020082059130e-05,-4.573426181627845370e-04,-2.395192586247222089e+00,1.198529339608614408e-01,6.235271442614750192e+00,8.623956983021436873e-01,8.260619416304071372e-01,5.148282443055429702e-01,7.328431641277917130e-01,7.248881750671978264e-01,8.749755285577404118e-02,-1.573150916591870563e-01,1.715125294492645391e-01
1.819999999999708962e+00,8.500000000000000000e+01,-1.212095404660298748e+01,7.033846388668369976e+00,1.014546591741983974e+02,nan,nan,nan,7.615832547952166021e-01,8.505156289934535652e-01,5.281334006127238467e-01,7.654085924638940330e-01,1.389308627304286503e+00,6.297631746300025313e-02,2.588898397113844840e+00,3.854980027333437143e+00,-7.305626428119019522e+00,1.153581275192123989e+01,-6.139773894293735168e+01,3.831752084247826762e+00,5.685118940842531998e+01,-6.040970086704712827e+01,3.539111392034690162e+00,5.715500060279187267e+01,-1.553740586875866983e-02,3.102005667471736602e-02,1.060092596644803334e-02,-2.304679018762789688e-02,-4.141559448755388487e-04,-4.263005118210560357e-02,7.639515481101859457e-04,-6.125218503391869078e-05,-4.084776137838697302e-04,-2.311979898249886922e+00,1.230517313563771059e-01,6.108162648419969365e+00,8.558939998740522359e-01,8.276390336555442540e-01,5.156863339504186294e-01,7.349434067849237584e-01,7.264102192163219840e-01,7.417140882646661160e-02,-1.631037830247035747e-01,1.592784453560261992e-01
1.829999999999927240e+00,8.500000000000000000e+01,-1.117572060306953752e+01,7.366506124361558605e+00,1.030884149213623857e+02,nan,nan,nan,7.474308391990224232e-01,8.554780487938219435e-01,5.395412131414001333e-01,7.692789523280939568e-01,1.245760673789048312e+00,5.243634355010674125e-02,2.811374129848505987e+00,2.513367957076079851e+00,-7.659937685767610915e+00,1.055011946769369047e+01,-5.890497735593985595e+01,3.803897566723395407e+00,5.551652307983825807e+01,-5.792544242217747552e+01,3.509115053369442627e+00,5.585599920660436624e+01,-1.768465626604571669e-02,3.125992360840889467e-02,1.039551877766492147e-02,-2.065516899411296708e-02,-4.378005575895360288e-04,-4.626757414745386043e-02,8.450650851393412023e-04,-5.391990225039114935e-05,-3.734549152292198368e-04,-2.216924525568347182e+00,1.263918176127722393e-01,5.968004215168652316e+00,8.488988836291194717e-01,8.294344556755621767e-01,5.172248070311515900e-01,7.371578096375870359e-01,7.279322633655845864e-01,6.084526479594715154e-02,-1.688924743907466719e-01,1.470443612616751383e-01
1.840000000000145519e+00,8.500000000000000000e+01,-1.022601981261212245e+01,7.676003529020101190e+00,1.047565756278244180e+02,nan,nan,nan,7.332784236028282443e-01,8.604404685941903219e-01,5.509490256700764199e-01,7.731493121922937695e-01,1.148848846651556510e+00,-1.242848812920083201e-02,3.082509387776784404e+00,5.985970331500191366e-02,-7.228385003758163840e+00,1.011303581837625387e+01,-5.614597026377738587e+01,3.865167901516403770e+00,5.409959353176785157e+01,-5.514467539977294308e+01,3.567955675843181407e+00,5.448012047870724217e+01,-2.023505601738056700e-02,3.152822394752106266e-02,1.039790779472418020e-02,-1.903217053122117225e-02,-4.577834603842907669e-04,-5.067601031208734258e-02,9.395370540352985340e-04,-4.863382124486656521e-05,-3.503608164398165506e-04,-2.110926430421151245e+00,1.298596165251124646e-01,5.815841593841338586e+00,8.414421715699926807e-01,8.314341269308331839e-01,5.193997835686288145e-01,7.394790101505822610e-01,7.294543075148471889e-01,4.751912076542763597e-02,-1.746811657567897136e-01,1.348102771673241329e-01
1.850000000000363798e+00,8.500000000000000000e+01,-9.271680935896013054e+00,7.962298109862723905e+00,1.064571543725786285e+02,nan,nan,nan,7.191260080066340654e-01,8.654028883945585893e-01,5.623568381987525955e-01,7.770196720564936932e-01,1.210262880164800103e+00,-5.313655594322483355e-02,3.199186951642362775e+00,-2.888134298668592947e+00,-4.598509737588457824e+00,1.224627567734161637e+01,-5.317339719638889761e+01,4.120415234036806318e+00,5.259399466758875974e+01,-5.210311657894314408e+01,3.819162169019635567e+00,5.298254497161212129e+01,-2.193038111146124181e-02,3.194714445576487399e-02,1.141742052764735393e-02,-2.002643665432522757e-02,-4.536505663415332898e-04,-5.252775378101282033e-02,9.884830102697484463e-04,-4.992080187103270516e-05,-3.747755078423509515e-04,-1.994816381198504462e+00,1.334419527626150015e-01,5.652640103113270698e+00,8.335536334024259419e-01,8.336248747723706831e-01,5.221702135358869956e-01,7.419001206208031274e-01,7.309763516641096803e-01,3.419297673490828693e-02,-1.804698571228328108e-01,1.225761930729731830e-01
1.859999999999672582e+00,8.500000000000000000e+01,-8.374373288917213998e+00,8.170770152273536979e+00,1.083691187261574242e+02,nan,nan,nan,7.049735924117270791e-01,8.703653081944756620e-01,5.737646507263913787e-01,7.808900319203415652e-01,1.316021125520491664e+00,-8.707875082538252265e-02,3.272603707193974643e+00,-4.939389255058021178e+00,-2.977967193248162392e+00,1.444311748042928478e+01,-4.997135620131247435e+01,4.445391291429284131e+00,5.100342123424245955e+01,-4.881848206522391109e+01,4.139876004863425329e+00,5.139009269754196652e+01,-2.340828697201187761e-02,3.238197915781830527e-02,1.278150742715241511e-02,-2.174557507974906462e-02,-4.408417912091169713e-04,-5.365282745148067939e-02,1.024002304349899001e-03,-5.269088076012203996e-05,-4.131868818122266568e-04,-1.869361881409848269e+00,1.371261014566886038e-01,5.479291697403047223e+00,8.252611188941776366e-01,8.359943760950073743e-01,5.254976943458994354e-01,7.444146975538601385e-01,7.324983958132338380e-01,2.086683270560080183e-02,-1.862585484883493847e-01,1.103421089797349541e-01
1.869999999999890861e+00,8.500000000000000000e+01,-7.483519118469002862e+00,8.347254884662929086e+00,1.103465467014627421e+02,nan,nan,nan,6.908211768155329002e-01,8.753277279948439293e-01,5.851724632550676652e-01,7.847603917845413779e-01,1.180311303709034476e+00,-7.044137657025721644e-02,3.333737334066712688e+00,-6.205355460781468047e+00,-4.516704803333476015e+00,1.419719906108749718e+01,-4.645030000350516275e+01,4.239087646366083817e+00,4.926117814311565013e+01,-4.531858842168818313e+01,3.931948240978528020e+00,4.965972366498223778e+01,-2.490591109392821870e-02,3.253335252287717361e-02,1.239147785877935115e-02,-1.947117745574680411e-02,-4.296946467384911536e-04,-5.456846544886923001e-02,1.057291690022589331e-03,-4.569245487245491747e-05,-3.753001052860822223e-04,-1.735272528408790205e+00,1.408998241299456167e-01,5.296621097801500255e+00,8.165906816973511617e-01,8.385311025478401348e-01,5.293463001103931864e-01,7.470167130157892021e-01,7.340204399624965514e-01,7.540688675081341774e-03,-1.920472398543923709e-01,9.810802488538394872e-02
1.880000000000109139e+00,8.500000000000000000e+01,-6.591727654399762493e+00,8.498294132784133481e+00,1.123652734215595075e+02,nan,nan,nan,6.766687612193387213e-01,8.802901477952123077e-01,5.965802757837439518e-01,7.886307516487413016e-01,9.782316255790155513e-01,-3.990171380240847832e-02,3.391494823069404418e+00,-6.886638090351912211e+00,-6.677876589925409334e+00,1.319231148323190439e+01,-4.269641347179041446e+01,3.871883652050437608e+00,4.742602957871307012e+01,-4.161335083086638065e+01,3.563859356796961197e+00,4.784135519041148399e+01,-2.643919369153143253e-02,3.260377692336319938e-02,1.138814318916252753e-02,-1.610816674936857776e-02,-4.169826309273450774e-04,-5.541726943419015422e-02,1.089753798949731622e-03,-3.646765595035030607e-05,-3.147540562164774253e-04,-1.593204862443305281e+00,1.447513932199261666e-01,5.105391352090364876e+00,8.075666951855580145e-01,8.412242692780442788e-01,5.336824219098784683e-01,7.497005278322390609e-01,7.355424841117591539e-01,-5.785455355438118286e-03,-1.978359312204354681e-01,8.587394079103288780e-02
1.890000000000327418e+00,8.500000000000000000e+01,-5.698972303273018625e+00,8.623859178659925462e+00,1.144219275831613061e+02,nan,nan,nan,6.625163456231445425e-01,8.852525675955806861e-01,6.079880883124202384e-01,7.925011115129412254e-01,9.227140827558280023e-01,-5.949026030848546254e-02,3.527927566893092504e+00,-6.376322864658583889e+00,-8.155765192326299484e+00,1.218086538696192456e+01,-3.881827947969833303e+01,3.870587396835348137e+00,4.555203399108381745e+01,-3.770468222565354210e+01,3.560452936690855719e+00,4.598656318253746633e+01,-2.860821672635734461e-02,3.280796593517981002e-02,1.143774522692862089e-02,-1.516416850432901302e-02,-4.044045591453942915e-04,-5.753169172395279640e-02,1.145970865256240633e-03,-3.298428674877319208e-05,-3.002798894019047477e-04,-1.443766759656762932e+00,1.486696071308170608e-01,4.906308882613785727e+00,7.982119608200601846e-01,8.440637869804695770e-01,5.384746183654132157e-01,7.524608665162141330e-01,7.370645282610216453e-01,-1.911159938595757835e-02,-2.036246225864785653e-01,7.363985669668182688e-02
1.899999999999636202e+00,8.500000000000000000e+01,-4.805227639563992348e+00,8.723925439108377589e+00,1.165126207099313831e+02,nan,nan,nan,6.483639300282375562e-01,8.902149873954976478e-01,6.193959008400589106e-01,7.963714713767890974e-01,9.474054634134894126e-01,-1.065124252791991299e-01,3.707416844236482323e+00,-5.413979279246968979e+00,-8.950563410912804940e+00,1.077888562134426031e+01,-3.480087713979720832e+01,4.062276118552459181e+00,4.362892913390123795e+01,-3.361127190134531162e+01,3.767274447592421804e+00,4.408302176713895904e+01,-3.121445049571334313e-02,3.121248015215440097e-02,1.215830340237551883e-02,-1.553778718357503447e-02,-3.890736047566796638e-04,-6.032953138656303033e-02,1.216380221528039381e-03,-3.232861677724476216e-05,-3.117665791046706804e-04,-1.287521416621080661e+00,1.526437974677233855e-01,4.700028074262640132e+00,7.885478095272205890e-01,8.470402170396447161e-01,5.436934758473112028e-01,7.552927938127579344e-01,7.385865724101456919e-01,-3.243774341526495242e-02,-2.094133139519951392e-01,6.140577260344359800e-02
1.909999999999854481e+00,8.500000000000000000e+01,-3.977910883067969916e+00,8.619926926457747385e+00,1.187246603307863353e+02,nan,nan,nan,6.366745909921207591e-01,8.852228032354465537e-01,6.322440549600482074e-01,7.956821246353222854e-01,8.767225045413727935e-01,-2.174786291715141151e-01,3.821137051334279278e+00,-4.925568210822844684e+00,-9.161007633081103663e+00,9.214023335470059806e+00,-3.069503635150895704e+01,3.950998920273325776e+00,4.163103182246990031e+01,-2.948637946709896340e+01,3.695075354721043759e+00,4.210186629257198376e+01,-3.317551474600060474e-02,2.709540252219930570e-02,1.206708352352190046e-02,-1.435001660360265066e-02,-3.547376043712531729e-04,-6.204678068238494992e-02,1.260412615377260034e-03,-2.840113451530900843e-05,-2.908057810494868510e-04,-1.130671932125904000e+00,1.562274435586617494e-01,4.482569375380389687e+00,7.787530477709400101e-01,8.495027271427021409e-01,5.494043696714878688e-01,7.578976235300605158e-01,7.374558934557344791e-01,-4.255507128402585826e-02,-2.059931409592999363e-01,4.698560731609841001e-02
1.920000000000072760e+00,8.500000000000000000e+01,-3.171528596627431806e+00,8.460783663922033071e+00,1.209967940798499910e+02,nan,nan,nan,6.258847372529526831e-01,8.765953200171058279e-01,6.456182041323100806e-01,7.933276290646741336e-01,7.124789812109211251e-01,-3.911728205309598083e-01,3.870338947030938836e+00,-5.315258910137711901e+00,-9.110634709465443848e+00,8.301674098421960579e+00,-2.655533454874050037e+01,3.547778315689876560e+00,3.951938918027019554e+01,-2.538589729087626523e+01,3.335471333459855359e+00,4.000546476995453560e+01,-3.440062975031982218e-02,2.248505459811488832e-02,1.105666370226606257e-02,-1.164038061938249546e-02,-3.035369863823677412e-04,-6.271713830309721960e-02,1.277145384373968564e-03,-2.177589303227290415e-05,-2.373067042406165139e-04,-9.753474832436782593e-01,1.592771053881370524e-01,4.252919926102533665e+00,7.688941095325121378e-01,8.512500101404834041e-01,5.556094899375351170e-01,7.601826114073342300e-01,7.353564726167607368e-01,-5.150057891589454595e-02,-1.992100038482585989e-01,3.176711203653714843e-02
1.930000000000291038e+00,8.500000000000000000e+01,-2.375454451842569981e+00,8.276881793622687056e+00,1.233100438788725057e+02,nan,nan,nan,6.150948835137846071e-01,8.679678367987651022e-01,6.589923533045720649e-01,7.909731334940259817e-01,6.827539142448870724e-01,-5.792440526720732397e-01,4.004582803397676471e+00,-6.279759636848839754e+00,-9.354158219853820455e+00,8.018814604610428276e+00,-2.251842752154577809e+01,3.516965157192218250e+00,3.731490502808856746e+01,-2.131447872768963947e+01,3.344466538015292922e+00,3.781918113465378894e+01,-3.626710493554727993e-02,1.827980419306126161e-02,1.116103200313407415e-02,-1.113626317594499683e-02,-2.555439542307911746e-04,-6.477444557021692917e-02,1.318466253780295949e-03,-1.955399863889544833e-05,-2.276178512809014286e-04,-8.214291656766454786e-01,1.618180275757259423e-01,4.011773894041866129e+00,7.589751337467607328e-01,8.523281931853947668e-01,5.622769624921396536e-01,7.621683850091555135e-01,7.332570517777869945e-01,-6.044608654776328915e-02,-1.924268667372172059e-01,1.654861675697583134e-02
1.939999999999599822e+00,8.500000000000000000e+01,-1.589671434970346908e+00,8.068254415996172213e+00,1.256587672217195717e+02,nan,nan,nan,6.043050297755979683e-01,8.593403535812090821e-01,6.723665024756176889e-01,7.886186379235921029e-01,7.000712714014794003e-01,-7.723430770286092706e-01,4.168566667851865581e+00,-6.394623559626045228e+00,-1.010283580323577013e+01,7.805707817815598304e+00,-1.853353258858908248e+01,3.620610059177030049e+00,3.502541320787554469e+01,-1.727042504404672485e+01,3.485006577609321976e+00,3.554900574617851561e+01,-3.831410750201361820e-02,1.437797298637394881e-02,1.165101914523170717e-02,-1.140198338219932522e-02,-2.055868718870063115e-04,-6.732146646896489117e-02,1.366703000756445399e-03,-1.864469659383544999e-05,-2.329792677169296186e-04,-6.687839215185988895e-01,1.638744969659196027e-01,3.759791314495704029e+00,7.489999924161873102e-01,8.527804285507626370e-01,5.693769688421563835e-01,7.638742415662838070e-01,7.311576309390042105e-01,-6.939159417881834990e-02,-1.856437296267927639e-01,1.330121478798629298e-03
1.949999999999818101e+00,8.500000000000000000e+01,-8.141477347221415251e-01,7.834937465810290824e+00,1.280366696644163937e+02,nan,nan,nan,5.935151760364298923e-01,8.507128703628684674e-01,6.857406516478795622e-01,7.862641423529439511e-01,6.407119671837194774e-01,-9.564604786172712370e-01,4.267537740428174686e+00,-5.497159190409011131e+00,-1.086310030128245785e+01,7.685401106555539208e+00,-1.453038189670233926e+01,3.480190518398587951e+00,3.259789471996368349e+01,-1.325825547602349452e+01,3.379530809365843158e+00,3.313795579292661131e+01,-3.966358331301211154e-02,1.067080418631147741e-02,1.138091596816494938e-02,-1.042206593359871862e-02,-1.486228561044701394e-04,-6.883030061699391133e-02,1.391035699290684054e-03,-1.572916261679093482e-05,-2.123701292982798207e-04,-5.172687689637402997e-01,1.654698177870047582e-01,3.497599031618783272e+00,7.389723078260514999e-01,8.526470854896027740e-01,5.768816135791219324e-01,7.653182337728584583e-01,7.290582101000304682e-01,-7.833710181068709311e-02,-1.788605925157514820e-01,-1.388837380076252126e-02
1.960000000000036380e+00,8.500000000000000000e+01,-2.060492354638301937e-01,7.200133065062776616e+00,1.304563080781910855e+02,nan,nan,nan,5.827253222972618163e-01,8.420853871445277417e-01,6.991148008201415465e-01,7.839096467822957992e-01,5.499426857995197704e-01,-1.136898630724464621e+00,4.339876846089969042e+00,-4.998287669596982674e+00,-1.096237186132371200e+01,7.451084111131417664e+00,-1.053114438339764725e+01,3.230390248151768340e+00,3.004407844386719617e+01,-9.272324870737255864e+00,3.162531672644063985e+00,3.059988835626791825e+01,-4.065354988890891585e-02,7.183065717383333056e-03,1.076344712380098226e-02,-8.936310136741693749e-03,-8.794539480567690603e-05,-6.992547217118115499e-02,1.404609960556094106e-03,-1.231743566901617210e-05,-1.812168127912846562e-04,-3.667343069567654545e-01,1.666262994128816788e-01,3.225791731846930688e+00,7.288954686495786595e-01,8.519659297201422898e-01,5.847648003534900996e-01,7.665172500503594222e-01,7.269587892610567259e-01,-8.728260944255583631e-02,-1.720774554047100890e-01,-2.910686908032383835e-02
1.970000000000254659e+00,8.500000000000000000e+01,3.353793783646132898e-01,6.464909656694524998e+00,1.329225116923426526e+02,nan,nan,nan,5.719354685580937403e-01,8.334579039261871269e-01,7.124889499924035308e-01,7.815551512116476474e-01,5.167648018272151811e-01,-1.240247242483741186e+00,4.329635078897749345e+00,-5.166331249378299795e+00,-1.063823321582930603e+01,6.863937592754554728e+00,-6.582415191092834128e+00,3.109160998493908590e+00,2.742436255981114002e+01,-5.334054015797821791e+00,3.071654498057900806e+00,2.797907206966552351e+01,-4.078563106332326604e-02,3.956276295535555987e-03,1.065499052079115980e-02,-8.390487875902510537e-03,-3.106997496970399363e-05,-6.971170944880675235e-02,1.391194414169123804e-03,-1.042992600639320580e-05,-1.690341055016333438e-04,-2.170276004592655017e-01,1.673652545293763394e-01,2.944933044788019316e+00,7.187726450142413182e-01,8.507722913355775241e-01,5.930021158479764631e-01,7.674870896350474148e-01,7.248593684220829836e-01,-9.622811707442463502e-02,-1.652943182936687516e-01,-4.432536435988515544e-02
1.979999999999563443e+00,8.500000000000000000e+01,8.434374150224474009e-01,5.714120819686465680e+00,1.354268037262078792e+02,nan,nan,nan,5.611456148199069904e-01,8.248304207086311068e-01,7.258630991634490437e-01,7.792006556412136575e-01,4.941107154920288402e-01,-1.329509119776993264e+00,4.304303134467879488e+00,-4.989048290677779995e+00,-1.016102362984765861e+01,6.336340221239416870e+00,-2.654431863111985646e+00,3.011539715212041557e+00,2.472778594139636610e+01,-1.418572278698472910e+00,3.002353251925769406e+00,2.527867821685179806e+01,-4.066024899263649683e-02,9.426665993097451584e-04,1.061764821592600314e-02,-8.018294394082865761e-03,2.502921585153909667e-05,-6.927558942006589726e-02,1.372156314234798148e-03,-8.850036309046767515e-06,-1.602497130495360864e-04,-6.799453769181895701e-02,1.677070058225057503e-01,2.655556690764603545e+00,7.086068025964964434e-01,8.490992218849260365e-01,6.015707212336552923e-01,7.682425328228162931e-01,7.227599475833001996e-01,-1.051736247054797513e-01,-1.585111811832443651e-01,-5.954385963806224646e-02
1.989999999999781721e+00,8.500000000000000000e+01,1.318512308755635409e+00,4.947702955084871235e+00,1.379615907587414085e+02,nan,nan,nan,5.503557610807389144e-01,8.162029374902903811e-01,7.392372483357110280e-01,7.768461600705656167e-01,4.228283417017223433e-01,-1.378785314726431510e+00,4.353787383798429111e+00,-4.018617436285989442e+00,-9.145681832129369582e+00,5.947152063765395624e+00,1.260282651491789085e+00,2.796856445259853441e+00,2.188453220804851895e+01,2.478787584174477754e+00,2.814403147828700824e+00,2.244755566034883287e+01,-4.115975090918911478e-02,-1.899517019708269611e-03,1.008816060795774891e-02,-6.859635940603292514e-03,7.465348789470021814e-05,-7.006573750167736925e-02,1.377303297417007549e-03,-6.590115430326552461e-06,-1.358470617664449612e-04,8.051826175712606393e-02,1.676708995792450807e-01,2.358167657545322982e+00,6.984007158072587096e-01,8.469776413230586387e-01,6.104492506266934182e-01,7.687974066836877896e-01,7.206605267443264573e-01,-1.141191323373484945e-01,-1.517280440722030277e-01,-7.476235491762361907e-02
2.000000000000000000e+00,8.500000000000000000e+01,1.760975202312335952e+00,4.165577496937626023e+00,1.405186099408235805e+02,nan,nan,nan,5.395659073415708384e-01,8.075754542719496554e-01,7.526113975079730123e-01,7.744916644999174649e-01,3.417057120733203446e-01,-1.419970142185627449e+00,4.418411185147306242e+00,-3.163982902275183751e+00,-7.626088057063177494e+00,5.118187546633208740e+00,5.168032449455617794e+00,2.541173003578669043e+00,1.895185260296744190e+01,6.365925258868847081e+00,2.593342055101362398e+00,1.953109777544602110e+01,-4.169618670436932989e-02,-5.565385184334937022e-03,9.383562254984795237e-03,-5.543572440920511123e-03,1.247054424708271146e-04,-7.112027097583679958e-02,1.386669014229018884e-03,-4.514265933245405886e-06,-1.086912977611927030e-04,2.286619198754233917e-01,1.672753248285339667e-01,2.053243391754739022e+00,6.881569801273810238e-01,8.444364754837845322e-01,6.196177160934450701e-01,7.691646465382637743e-01,7.185611059053528260e-01,-1.230646399692171822e-01,-1.449449069611616348e-01,-8.998085019718493616e-02
2.010000000000218279e+00,8.500000000000000000e+01,2.062127331983556022e+00,3.180935281723800578e+00,1.430354123576104826e+02,nan,nan,nan,5.414309078473913406e-01,7.950492817382848187e-01,7.635433332103721549e-01,7.762612857397199750e-01,3.006504025573192851e-01,-1.526492630539126205e+00,4.459023855072159925e+00,-2.427290158655860175e+00,-5.452115966478810805e+00,3.667972632862916971e+00,8.679582783611072827e+00,2.379516420024614387e+00,1.605452832237005012e+01,9.862363266764134551e+00,2.473689451076689139e+00,1.664366135647325962e+01,-4.178104525559218907e-02,-1.000743680724388435e-02,8.983238057207746513e-03,-4.877655306923918410e-03,1.813012680635422340e-04,-7.178991553507219070e-02,1.384081937964251737e-03,-3.263489816957181194e-06,-9.443916396582649323e-05,3.612243615200283475e-01,1.663743675136151456e-01,1.746691305960576202e+00,6.786941733515757802e-01,8.412513464583095679e-01,6.288999130725007047e-01,7.696223301965084973e-01,7.190712021339420446e-01,-1.204502106807728845e-01,-1.331681632101206492e-01,-1.016622146822079853e-01
2.020000000000436557e+00,8.500000000000000000e+01,2.292946010423393410e+00,2.143752150934419287e+00,1.455821045607235646e+02,nan,nan,nan,5.436097508135665501e-01,7.824264210703125721e-01,7.744147016182569843e-01,7.781331857526735396e-01,2.772949587843929198e-01,-1.661878237827244753e+00,4.489029531533207162e+00,-8.201554509784145797e-01,-2.437361662267897966e+00,2.087353348219656457e+00,1.181914960056487551e+01,2.264074470873175926e+00,1.316125448076530624e+01,1.298684053562467788e+01,2.397664424133624905e+00,1.375726644583337865e+01,-4.157272976760679334e-02,-1.418042641552530285e-02,8.741422548096540804e-03,-4.498938130344800994e-03,2.392119938414748528e-04,-7.229120621795959156e-02,1.374648874399122568e-03,-2.363078077713241837e-06,-8.578922199017529400e-05,4.792595330032416445e-01,1.650021155982147325e-01,1.438389032403600609e+00,6.699821716668367122e-01,8.374575496647475026e-01,6.382846005083031571e-01,7.701712209312859825e-01,7.196460148137023838e-01,-1.175490930611647333e-01,-1.212675771955812887e-01,-1.132558577435257008e-01
2.029999999999745341e+00,8.500000000000000000e+01,2.479226435347646529e+00,1.100493228684032987e+00,1.481677778837263304e+02,nan,nan,nan,5.457885937795435849e-01,7.698035604034884072e-01,7.852860700251530490e-01,7.800050857654569070e-01,2.321002133809539902e-01,-1.707394942930158477e+00,4.541822957569571884e+00,-4.376651402006778713e-01,1.033433055951531676e+00,6.962613282641197943e-01,1.460003772901567842e+01,2.084671705452461055e+00,1.020331213214607580e+01,1.574474964933526522e+01,2.255257256023046608e+00,1.081151783140832734e+01,-4.142113312480907861e-02,-1.808762204030114201e-02,8.293374819837176504e-03,-3.765895343492591148e-03,2.840365731280301040e-04,-7.316032703018111871e-02,1.369603032527894927e-03,-1.442431018783190611e-06,-7.053290243073397602e-05,5.841224642897524522e-01,1.631944463627237052e-01,1.128140739592573993e+00,6.619725533891744895e-01,8.330943399226503621e-01,6.477651684822275380e-01,7.708054365232331895e-01,7.202208274934105425e-01,-1.146479754418204267e-01,-1.093669911821243401e-01,-1.248495008037889820e-01
2.039999999999963620e+00,8.500000000000000000e+01,2.621222364924521653e+00,5.082215936274338264e-02,1.507833689224724480e+02,nan,nan,nan,5.479674367457187945e-01,7.571806997355161606e-01,7.961574384330377674e-01,7.818769857784103605e-01,1.693591940747947167e-01,-1.680708589577849299e+00,4.612924665732350604e+00,-3.868087319196602980e+00,4.589569623778249507e+00,-3.766364768872889068e-01,1.705871293424224433e+01,1.849742862432840917e+00,7.192636841359331790e+00,1.817273910554094485e+01,2.054999836019061110e+00,7.817156786928300072e+00,-4.126123001476569851e-02,-2.174159363604441161e-02,7.694299765093282062e-03,-2.748094714993541340e-03,3.183696217966269781e-04,-7.432322758133788621e-02,1.366492216271159152e-03,-6.663960297902124747e-07,-5.041227742477627814e-05,6.770654233962887236e-01,1.609846916012993567e-01,8.158153262286429452e-01,6.546200196950159311e-01,8.281984403897572067e-01,6.573354333693574025e-01,7.715194741150704916e-01,7.207956401731707707e-01,-1.117468578222123310e-01,-9.746640516758497963e-02,-1.364431438651065864e-01
2.050000000000181899e+00,8.500000000000000000e+01,2.719101474018126741e+00,-1.005609858974450432e+00,1.534191055120320755e+02,nan,nan,nan,5.501462797118940040e-01,7.445578390675440250e-01,8.070288068409225968e-01,7.837488857913639251e-01,1.508609772810328431e-01,-1.676764060758627162e+00,4.681601023223590730e+00,-6.793002949322073825e+00,6.934682829316176189e+00,-1.443252541357166852e+00,1.922923246387682639e+01,1.743508505916532503e+00,4.215339543089078767e+00,2.032573631762425848e+01,1.981078118372451069e+00,4.852114500359442140e+00,-4.088218048317001502e-02,-2.514990735749949441e-02,7.503535799301927142e-03,-2.448137250567040610e-03,3.536086992607297705e-04,-7.544747253611937265e-02,1.358206673512345978e-03,-2.539418596116127158e-07,-4.385811300041785998e-05,7.592460969754677436e-01,1.584038202829169129e-01,5.013351904422833627e-01,6.478821932184816168e-01,8.228042058367192046e-01,6.669896103453266667e-01,7.723081857453641952e-01,7.213704528529312210e-01,-1.088457402026044019e-01,-8.556581915304567465e-02,-1.480367869264241909e-01
2.060000000000400178e+00,8.500000000000000000e+01,2.660513827807490461e+00,-1.867414504075400661e+00,1.559447790822221975e+02,nan,nan,nan,5.523251226780692136e-01,7.319349783995717784e-01,8.179001752488074262e-01,7.856207858043174896e-01,1.765525034704953644e-01,-1.695534082646384055e+00,4.747854938718996110e+00,-6.616797478694181223e+00,7.852777907738346386e+00,-3.050193306382665170e+00,2.113962621394641417e+01,1.771927527995772467e+00,1.269668057384573556e+00,2.223199687521378465e+01,2.039672546060471880e+00,1.914911313116169911e+00,-4.029343653986977580e-02,-2.833585429335062564e-02,7.691809662466192986e-03,-2.865332505185259459e-03,3.896200105175202585e-04,-7.653377992898613424e-02,1.344868841284384969e-03,9.523237890100356733e-08,-4.997593525636308612e-05,8.317350730155101957e-01,1.554806077953518328e-01,1.846666397594525222e-01,6.417194296377840557e-01,8.169437753914499112e-01,6.767222876665338616e-01,7.731667554602343895e-01,7.219452655326914492e-01,-1.059446225829962507e-01,-7.366523313850631416e-02,-1.596304299877419064e-01
2.069999999999708962e+00,8.500000000000000000e+01,2.533515787724990975e+00,-2.664645227820805484e+00,1.584705215988778946e+02,nan,nan,nan,5.545039656440462483e-01,7.193121177327475024e-01,8.287715436557033799e-01,7.874926858171007460e-01,2.070637513960017773e-01,-1.656821916694900976e+00,4.727766678775840781e+00,-5.739311740384642313e+00,8.352214449197589374e+00,-4.039043016923441698e+00,2.281709993867169928e+01,1.804858574821862627e+00,-1.684925396165227962e+00,2.388485051512534696e+01,2.100970954567834337e+00,-1.044425814757755644e+00,-3.881392789379903285e-02,-3.132027452907032439e-02,7.898929366139860464e-03,-3.360895508953320489e-03,4.126993624531434405e-04,-7.622751417158250831e-02,1.303333871394745692e-03,5.659577954012564102e-07,-5.688426010116907048e-05,8.955226904036789337e-01,1.522417927985969532e-01,-1.341882807003074163e-01,6.360946414129615700e-01,8.106472154326792579e-01,6.865284026089747416e-01,7.740906779011758054e-01,7.225200782123994969e-01,-1.030435049636519440e-01,-6.176464712504931009e-02,-1.712240730480051876e-01
2.079999999999927240e+00,8.500000000000000000e+01,2.373719908819492463e+00,-3.457830240714242276e+00,1.610289892779748016e+02,nan,nan,nan,5.566828086102214579e-01,7.066892570647753669e-01,8.396429120635882093e-01,7.893645858300543106e-01,2.389742733772514671e-01,-1.601421373627085698e+00,4.682611335642737238e+00,-4.821223891317793608e+00,8.927242267388336927e+00,-3.830020020176161388e+00,2.429155307155994592e+01,1.836330558627524701e+00,-4.658582528026355973e+00,2.532700057503971891e+01,2.159071035415074391e+00,-4.026481389579802617e+00,-3.700759065648644153e-02,-3.411694483253942256e-02,8.091371965788633075e-03,-3.879367058580010085e-03,4.294321831127042438e-04,-7.551665493728254575e-02,1.251969233670828692e-03,1.170671122327921745e-06,-6.349314065152223188e-05,9.515253135537994345e-01,1.487122226302019512e-01,-4.551987352507360640e-01,6.309731328913478210e-01,8.039426532675755244e-01,6.964032189591076172e-01,7.750757382738586720e-01,7.230948908921598361e-01,-1.001423873440439039e-01,-4.986406111051000511e-02,-1.828177161093227920e-01
2.090000000000145519e+00,8.500000000000000000e+01,2.180962487980792730e+00,-4.247112761140016346e+00,1.636106086379458588e+02,nan,nan,nan,5.588616515763966675e-01,6.940663963968031203e-01,8.505142804714730387e-01,7.912364858430078751e-01,4.156638646723571640e-01,-1.385800546017240453e+00,4.590929925465680128e+00,-4.092108550841797587e+00,1.013800387699601124e+01,-4.146522477335042645e+00,2.548526419923468467e+01,2.292451239500529869e+00,-7.540093126321703032e+00,2.653775972199351685e+01,2.640598064655728550e+00,-6.933072128356488228e+00,-3.472382510110930132e-02,-3.676174986050356058e-02,9.343001298551169981e-03,-6.748724253790238173e-03,4.206713876656900880e-04,-7.404759030016709598e-02,1.184994668567975699e-03,2.924896399403786435e-06,-1.064067952368527521e-04,1.000591084475964010e+00,1.449149881296176445e-01,-7.783109879704639411e-01,6.263224460475104172e-01,7.968564021885389259e-01,7.063423059560178796e-01,7.761179936087361231e-01,7.236697035719201754e-01,-9.724126972443580819e-02,-3.796347509597064462e-02,-1.944113591706405075e-01
2.100000000000363798e+00,8.500000000000000000e+01,1.955044760791292857e+00,-5.032631933349212439e+00,1.662052592392724080e+02,nan,nan,nan,5.610404945425718770e-01,6.814435357288308737e-01,8.613856488793577570e-01,7.931083858559614397e-01,6.790727386193176063e-01,-1.074211508309009799e+00,4.471380487280256943e+00,-3.374691265254261996e+00,1.155490954652345792e+01,-5.517205208779301984e+00,2.646250658474630058e+01,2.977125446337272052e+00,-1.045775149305587703e+01,2.756141602637000432e+01,3.342116737372377688e+00,-9.883370912210830639e+00,-3.214481455332508092e-02,-3.849748148275131121e-02,1.096351924031796835e-02,-1.102753693206058073e-02,3.949585033473869866e-04,-7.212272722936458047e-02,1.108159032867900946e-03,6.212373142529416977e-06,-1.668046789293457376e-04,1.043505199455538879e+00,1.408715486782662341e-01,-1.103453382366323510e+00,6.221122161719372379e-01,7.894130784644091126e-01,7.163415185919208561e-01,7.772137552302550434e-01,7.242445162516805146e-01,-9.434015210482765701e-02,-2.606288908143133964e-02,-2.060050022319581675e-01
2.109999999999672582e+00,8.500000000000000000e+01,1.504323737518754367e+00,-5.415994813535957242e+00,1.686301430862508539e+02,nan,nan,nan,5.661532070885939572e-01,6.728290661847613485e-01,8.661956518233520086e-01,7.956072749101340547e-01,3.802823723037184744e-01,-7.091176842472662889e-01,4.344912497717122513e+00,-2.704759828546440037e+00,1.224441009957022963e+01,-7.427872609791562830e+00,2.744103168897165190e+01,2.028013659852717421e+00,-1.370362854538618080e+01,2.834670484249426181e+01,2.394627327442103937e+00,-1.312509626759709924e+01,-2.952000285943867999e-02,-3.862764293755967249e-02,8.398563412549386528e-03,-6.176577253594682515e-03,3.577516378325271487e-04,-7.007846955570098957e-02,1.029110359962371940e-03,4.243608854987571435e-06,-8.937885657507842890e-05,1.077685710819502596e+00,1.367745300833608235e-01,-1.419177039002077478e+00,6.185032509615093765e-01,7.818942240153836654e-01,7.260060634494894805e-01,7.784000087702906967e-01,7.251963000017103145e-01,-8.863211800469267265e-02,-1.804374109147471872e-02,-2.114103267300653788e-01
2.119999999999890861e+00,8.500000000000000000e+01,9.717257486652455256e-01,-5.637163403868209244e+00,1.710117526591894546e+02,nan,nan,nan,5.734665785464760912e-01,6.672212407336487461e-01,8.664591002747400461e-01,7.985764606098467722e-01,-4.740010804359644503e-01,-2.911573018274646873e-01,4.211608484204409031e+00,-2.510374240997075734e+00,1.220515524266975227e+01,-9.913981528878906602e+00,2.836973343930006664e+01,-3.985283370446690010e-01,-1.678357115323986193e+01,2.884666849805840272e+01,-3.799467415598892228e-02,-1.617159027286817974e+01,-2.690497146595203712e-02,-3.793371684305423680e-02,2.466434419757254984e-03,7.699765984668082222e-03,3.088467056785086737e-04,-6.791337441049996593e-02,9.490259099071669075e-04,-6.171322457987528754e-06,1.063827472906194935e-04,1.101261965710700785e+00,1.327629864101562696e-01,-1.717501659896235822e+00,6.155987001733205233e-01,7.744986175881256596e-01,7.350643032558150658e-01,7.797012489807880753e-01,7.264308450411779416e-01,-8.081865092603296441e-02,-1.293601126113969046e-02,-2.121738708022309350e-01
2.130000000000109139e+00,8.500000000000000000e+01,4.310925305949041553e-01,-5.840917076526856100e+00,1.734093122483922969e+02,nan,nan,nan,5.807799500043582253e-01,6.616134152825362547e-01,8.667225487261281947e-01,8.015456463095594897e-01,-5.530242870414135981e-01,-1.981942116384169117e-01,3.989353966754069614e+00,-2.471485288015613069e+00,1.207616023788620474e+01,-1.168994298857437997e+01,2.880568734562239541e+01,-5.697331264128184802e-01,-1.937876101975894727e+01,2.917451093744857360e+01,-2.133402045356092847e-01,-1.879465595949280399e+01,-2.395762896925770699e-02,-3.748067221293482215e-02,1.846326562632510590e-03,8.984001262388310871e-03,2.899767273267692363e-04,-6.432883538520017819e-02,8.557523297301573373e-04,-8.152221696076169003e-06,1.182236780218926957e-04,1.114853490714634354e+00,1.288375380891477739e-01,-1.999440988392708007e+00,6.133531339974932495e-01,7.672183105461224395e-01,7.435553404516429543e-01,7.811100600246878578e-01,7.276653900806455688e-01,-7.300518384737336719e-02,-7.828281430804662211e-03,-2.129374148743966577e-01
2.140000000000327418e+00,8.500000000000000000e+01,-1.175967394501753471e-01,-6.027239755937765509e+00,1.758141420742965977e+02,nan,nan,nan,5.880933214622403593e-01,6.560055898314236522e-01,8.669859971775162322e-01,8.045148320092722072e-01,-5.150758993730896185e-01,-1.542668505435040027e-01,3.753678559597439346e+00,-2.086657742813338601e+00,1.192982745540485467e+01,-1.174835169221472242e+01,2.895720289649876023e+01,-4.240340437655446548e-01,-2.181956376939615083e+01,2.927063210554015527e+01,-7.113017562346135580e-02,-2.127202498038862899e+01,-2.112942630429937019e-02,-3.709876772259378119e-02,1.961045447106105847e-03,8.367411552661671581e-03,2.725066322069284600e-04,-6.052575071837797138e-02,7.645324569388423997e-04,-8.413339143077040814e-06,1.045625876840206486e-04,1.119039186096934646e+00,1.249978974949721711e-01,-2.265939738457799280e+00,6.117240525295586373e-01,7.600458668843949050e-01,7.515157556434219899e-01,7.826195043346212410e-01,7.288999351201130850e-01,-6.519171676871365895e-02,-2.720551600469633957e-03,-2.137009589465622139e-01
2.149999999999636202e+00,8.500000000000000000e+01,-6.743575116770740285e-01,-6.196115755201561548e+00,1.782174079309192507e+02,nan,nan,nan,5.954066929194573587e-01,6.503977643808211972e-01,8.672494456288802889e-01,8.074840177087149184e-01,-4.421835689672602987e-01,-1.388242716092779605e-01,3.806807104271263231e+00,-1.693573403336911642e+00,1.194397823532697167e+01,-1.183256912262518945e+01,2.882921459759096905e+01,-2.926348315541065781e-01,-2.417349232868477671e+01,2.914523701000616285e+01,5.702382688742410610e-02,-2.362050245829702178e+01,-2.001302629367965671e-02,-3.676316686478700579e-02,2.248376763623837621e-03,7.182596513084176133e-03,2.750888989945604818e-04,-6.137546040167954353e-02,7.336845242256848521e-04,-7.874637295839521708e-06,8.493470821481839781e-05,1.114360361545984723e+00,1.212430428826545004e-01,-2.517878824947453964e+00,6.106716968119798583e-01,7.529743301683772261e-01,7.589797702440003180e-01,7.842230917678382207e-01,7.301344801594684686e-01,-5.737824969076460446e-02,2.387178229400765961e-03,-2.144645030186582702e-01
2.159999999999854481e+00,8.500000000000000000e+01,-1.094040400569396443e+00,-6.200947692004442402e+00,-1.796752229987014573e+02,nan,nan,nan,6.027200643773394928e-01,6.447899389297085948e-01,8.675128940802684374e-01,8.104532034084276360e-01,-3.618274837974381763e-01,-1.294658208989743764e-01,3.921621929895354519e+00,-1.979731892288373540e+00,1.192948281488313889e+01,-1.292526759209275156e+01,2.847461645340728253e+01,-1.514001347322511404e-01,-2.641020787641015133e+01,2.880335661153959848e+01,1.953157502095368148e-01,-2.584249814564832093e+01,-1.917205445096882913e-02,-3.646183105996966128e-02,2.535108529442098996e-03,5.876290669023100099e-03,2.799707227422393654e-04,-6.321436410537155381e-02,7.122070712882512013e-04,-6.937503422182936236e-06,6.548258031040753678e-05,1.101323502844485658e+00,1.175713662518759611e-01,-2.756080138586010975e+00,6.101588720623495332e-01,7.459971926048764024e-01,7.659793986241381081e-01,7.859147507504971042e-01,7.313690251989360958e-01,-4.956478261210495173e-02,7.494908059735849726e-03,-2.152280470908239929e-01
2.170000000000072760e+00,8.500000000000000000e+01,-1.447478110220732805e+00,-6.129365771301800159e+00,-1.776954130816845634e+02,nan,nan,nan,6.100334358352216269e-01,6.391821134785961034e-01,8.677763425316564749e-01,8.134223891081403535e-01,-2.878597201133887840e-01,-1.750388436859269536e-02,3.782474713509499598e+00,-2.840322940796222717e+00,1.095947782586610053e+01,-1.404350624175578943e+01,2.792254656118246459e+01,3.322325812246779142e-02,-2.847075945881428183e+01,2.822921046738367323e+01,3.775436148506138845e-01,-2.792613301705532791e+01,-1.705447346336713688e-02,-3.618559713273888923e-02,2.750257674294620015e-03,4.673795596934446871e-03,2.527180620018077426e-04,-6.094829541805553419e-02,6.421586763265555104e-04,-5.883250889182816079e-06,4.884332377229705851e-05,1.080402797360261680e+00,1.139807987042735504e-01,-2.981310911085845561e+00,6.101507823018756937e-01,7.391083661079362876e-01,7.725445904513013051e-01,7.876888012828414665e-01,7.326035702384037229e-01,-4.175131553344529900e-02,1.260263789007082247e-02,-2.159915911629895491e-01
2.180000000000291038e+00,8.500000000000000000e+01,-1.799030307658787242e+00,-6.049349451247336695e+00,-1.757148057520533655e+02,nan,nan,nan,6.173468072931037609e-01,6.335742880274835009e-01,8.680397909830445125e-01,8.163915748078530710e-01,-2.151524872975429381e-01,1.147035675682271938e-01,3.593216212959488676e+00,-1.620531912138293062e+00,8.947599934479841366e+00,-1.478814910811176020e+01,2.717725123049869040e+01,2.088390012420837383e-01,-3.041681376394809178e+01,2.745840258579936233e+01,5.510789268606067770e-01,-2.990248043859909899e+01,-1.481991560198528228e-02,-3.593486585107973780e-02,2.921697990446112721e-03,3.492109308111103656e-03,2.178999401991699517e-04,-5.787055875393464638e-02,5.658597041903042036e-04,-4.649449451463462369e-06,3.403063551151949175e-05,1.052042443026390384e+00,1.104689163915758832e-01,-3.194287710819443404e+00,6.106148756493479102e-01,7.323021552306191451e-01,7.787033638486037246e-01,7.895399296854240800e-01,7.338381152778712391e-01,-3.393784845478559076e-02,1.771036772040585072e-02,-2.167551352351551053e-01
2.189999999999599822e+00,8.500000000000000000e+01,-2.148692787143515304e+00,-5.960902342143741706e+00,-1.737382335823008930e+02,nan,nan,nan,6.246601787503207603e-01,6.279664625768810460e-01,8.683032394344086802e-01,8.193607605072956712e-01,-1.948160538106402662e-01,1.705159297948340147e-01,3.333169627404964697e+00,2.767052541226234119e+00,6.555935230597415675e+00,-1.462753423465441927e+01,2.629281736704063022e+01,2.647696259156114840e-01,-3.225887058880775271e+01,2.652425344176074518e+01,5.993543068664369811e-01,-3.178343818097452811e+01,-1.250393171381423800e-02,-3.510503947398201097e-02,2.866440182840090771e-03,3.160722732087369816e-03,1.868693785520214243e-04,-5.365639079347282042e-02,4.842700930974667712e-04,-4.421875054972602510e-06,2.853067778798678688e-05,1.016658762682113748e+00,1.070330297455621138e-01,-3.395680105019991402e+00,6.115206995924743483e-01,7.255732318425651695e-01,7.844819299659242517e-01,7.914631649739886088e-01,7.350726603172266227e-01,-2.612438137683664729e-02,2.281809755027636166e-02,-2.175186793072512725e-01
2.199999999999818101e+00,8.500000000000000000e+01,-2.496461946733966375e+00,-5.864028336519015561e+00,-1.717704710797353300e+02,nan,nan,nan,6.294829443746612352e-01,6.242671267450865535e-01,8.681885469838833691e-01,8.231978547180813788e-01,-2.380760471326547889e-01,1.335579926696151831e-01,2.987161602887304479e+00,5.367096635497649260e+00,5.381234670811788412e+00,-1.316724296864007293e+01,2.532874785771327808e+01,2.226290056138182927e-01,-3.400053266416319531e+01,2.548344371707644385e+01,5.275908172693273279e-01,-3.357525218127338462e+01,-1.018222534518893087e-02,-3.198717964239547462e-02,2.627117403135956035e-03,3.860811808572893553e-03,1.621497375760252351e-04,-4.806599696657402193e-02,3.999461677989979858e-04,-5.647114701604780221e-06,3.212809775895514108e-05,9.764131447871203795e-01,1.037765228540102058e-01,-3.586896198304641459e+00,6.126791389140776589e-01,7.190396956901249359e-01,7.898804220702161372e-01,7.935098307946713003e-01,7.362841182054280509e-01,-1.988743731811365434e-02,2.510325494768833599e-02,-2.188181652911084796e-01
2.210000000000036380e+00,8.500000000000000000e+01,-2.698438770996070435e+00,-5.674105034899921129e+00,-1.700935446256099510e+02,nan,nan,nan,6.267332619603688260e-01,6.263703704623830859e-01,8.669241534074482169e-01,8.296737414723831527e-01,-1.759560585205007799e-01,1.169919352912349997e-01,2.935311462482968370e+00,5.129385818332877101e+00,5.573559917340033643e+00,-1.207944079588539488e+01,2.429924417012301063e+01,3.676664573414017423e-01,-3.572214607435835632e+01,2.445393895056777467e+01,6.288506605300837604e-01,-3.530614066941323159e+01,-9.137563548060263427e-03,-2.741076173650683692e-02,2.774270976918338880e-03,2.852215007338510834e-03,1.537628019697413165e-04,-4.721272060775255630e-02,3.639224708775121967e-04,-4.348868876365452527e-06,2.198851705986452226e-05,9.368726978626541468e-01,1.010114236687496975e-01,-3.770960291248146135e+00,6.135855316820696403e-01,7.130631715111023228e-01,7.948492045885682256e-01,7.958421504273242020e-01,7.374253818256457649e-01,-1.844376021853966208e-02,1.880665171652540213e-02,-2.217471312285397844e-01
2.220000000000254659e+00,8.500000000000000000e+01,-2.824915181969256395e+00,-5.440130323105226040e+00,-1.685571232051907202e+02,nan,nan,nan,6.239835795460765278e-01,6.284736141796797293e-01,8.656597598310130648e-01,8.361496282266848157e-01,-6.642500945700352544e-02,1.096003019889364855e-01,3.015804647347452239e+00,5.009620457222069057e+00,6.092241391685039531e+00,-1.341014560864938687e+01,2.324587630444548125e+01,5.936554274441667722e-01,-3.740231416255178942e+01,2.343408911328085154e+01,8.142204417233110947e-01,-3.697656381171348272e+01,-8.628967529509539922e-03,-2.317199960032369221e-02,3.023987663434347072e-03,1.076301209330312409e-03,1.520241580190099390e-04,-4.848863849537945331e-02,3.482329856344241440e-04,-1.706168297280509308e-06,7.732057825808716410e-06,8.978039496070313596e-01,9.870544223881183576e-02,-3.948430172285286588e+00,6.142561331386049428e-01,7.076077359239580922e-01,7.994159907877387283e-01,7.984417011963760302e-01,7.385666454458634789e-01,-1.700008311896572533e-02,1.251004848536252378e-02,-2.246760971659708117e-01
2.229999999999563443e+00,8.500000000000000000e+01,-2.946083689164654018e+00,-5.204887566909209617e+00,-1.670245430864269167e+02,nan,nan,nan,6.212338971320342518e-01,6.305768578967850813e-01,8.643953662546929317e-01,8.426255149803976163e-01,4.391013229183581001e-03,2.153498782871681727e-01,2.844802630283568945e+00,4.920121567673304774e+00,6.638291874700653850e+00,-1.601427049334641239e+01,2.221443421924010408e+01,7.532306440848687279e-01,-3.898582690901447734e+01,2.240287991508711940e+01,9.358882345419595739e-01,-3.858690451151097278e+01,-7.447054754426871495e-03,-1.918823020850003377e-02,3.123582046413712465e-03,-7.112075953657225112e-05,1.230548161314478956e-04,-4.571562899877250341e-02,3.048277013855363749e-04,1.169332742000081762e-07,-4.793598055821099527e-07,8.590062505768052414e-01,9.682866040322771206e-02,-4.119820853378911352e+00,6.147061501762790536e-01,7.026397823543240051e-01,8.036067066223651079e-01,8.012912485601091372e-01,7.397079090659774980e-01,-1.555640601952307245e-02,6.213445254772242965e-03,-2.276050631031356075e-01
2.239999999999781721e+00,8.500000000000000000e+01,-3.061955526647477388e+00,-4.968374257048458809e+00,-1.654979592718690640e+02,nan,nan,nan,6.184842147177418425e-01,6.326801016140817246e-01,8.631309726782577796e-01,8.491014017346992793e-01,5.632755713391347785e-02,3.762730465334473973e-01,2.551158353197022777e+00,4.738350831450013345e+00,6.679607877307600639e+00,-1.726419146276793271e+01,2.119404071893243113e+01,8.605952404341932205e-01,-4.050645168136105667e+01,2.137017860695670279e+01,1.007852021595953218e+00,-4.015220694052235473e+01,-6.083106350836465365e-03,-1.545381619828798542e-02,3.155593080704819069e-03,-9.119778767733054473e-04,8.219882995981077204e-05,-4.097212107064590603e-02,2.528562155492904725e-04,1.551802908710579406e-06,-5.811742151371173961e-06,8.203074830442506071e-01,9.535333893258053639e-02,-4.285608142683795307e+00,6.149498089493030673e-01,6.981278716171602783e-01,8.074456060040897665e-01,8.043746694844385869e-01,7.408491726861952120e-01,-1.411272891994919121e-02,-8.315797639069089087e-05,-2.305340290405667458e-01
2.250000000000000000e+00,8.500000000000000000e+01,-3.172541633726477350e+00,-4.730587765167611813e+00,-1.639794759994954916e+02,nan,nan,nan,6.157345323034495443e-01,6.347833453313783680e-01,8.618665791018226274e-01,8.555772884890010532e-01,1.863121639188948242e-01,4.515582469001324650e-01,2.298100187022177554e+00,4.198319791932163092e+00,6.234308213452567138e+00,-1.723355336188474141e+01,2.014761014072149692e+01,1.069284306068391199e+00,-4.200973300280084999e+01,2.035306165377907561e+01,1.183980190876204430e+00,-4.169557409712297869e+01,-5.062133643890457356e-03,-1.203217548070980789e-02,3.364842756527595177e-03,-3.015340729708132494e-03,5.538463852898748704e-05,-3.688893591365997177e-02,2.131757721180977750e-04,5.299575891486929538e-06,-1.832396465353562702e-05,7.815603152218091321e-01,9.425374233216751718e-02,-4.446231887479749290e+00,6.150004181243280410e-01,6.940425921352462169e-01,8.109553786366757722e-01,8.076768807583202259e-01,7.419904363064128150e-01,-1.266905182037519895e-02,-6.379761207553624747e-03,-2.334629949779979396e-01
2.260000000000218279e+00,8.500000000000000000e+01,-3.157661903568035555e+00,-4.368639018719439271e+00,-1.627320212941981481e+02,nan,nan,nan,6.129848498891571351e-01,6.368865890486749004e-01,8.606021855253874753e-01,8.620531752433028272e-01,3.868833733626536042e-01,4.493925408875434346e-01,2.081748065541674020e+00,3.115688657429416253e+00,5.962575926131512993e+00,-1.681625787447208609e+01,1.907089752442359298e+01,1.339511893808219556e+00,-4.348936465789762451e+01,1.934264621935070139e+01,1.424351776068358610e+00,-4.321097816012362358e+01,-4.326810946369128406e-03,-8.907668783811689694e-03,3.715514567697014020e-03,-6.259006980992035118e-03,4.108423510120326396e-05,-3.340194474017838672e-02,1.837875423599821280e-04,1.134173671136768859e-05,-3.660444676778541604e-05,7.426389323282417410e-01,9.350597950018058047e-02,-4.602098920894535539e+00,6.148704280519673437e-01,6.903564291726510538e-01,8.141572508964818322e-01,8.111837719324653806e-01,7.431316999266306400e-01,-1.122537472080120668e-02,-1.267636443871655860e-02,-2.363919609154291335e-01
2.270000000000436557e+00,8.500000000000000000e+01,-3.062484139460845967e+00,-3.933799802785569177e+00,-1.616475963800811542e+02,nan,nan,nan,6.102351674748648369e-01,6.389898327659715438e-01,8.593377919489523231e-01,8.685290619976044901e-01,3.495136808729706890e-01,5.171130422169497587e-01,2.086512645983532366e+00,2.736691041201423147e+00,6.375365716687583451e+00,-1.630830396878575073e+01,1.805887276976413602e+01,1.315274869181074502e+00,-4.491474731189263281e+01,1.830952342796989285e+01,1.370390501293881957e+00,-4.463406304941918989e+01,-4.118388688477698199e-03,-5.792374383946373266e-03,3.526723902215590702e-03,-5.652192686834018806e-03,2.908573663234883183e-05,-3.346296954616245767e-02,1.761442672469641006e-04,1.054250842600644352e-05,-3.211890421269828687e-05,7.034361845458217966e-01,9.308785863483118317e-02,-4.753585742248374046e+00,6.145714861221859282e-01,6.870436425017202309e-01,8.170710802068583689e-01,8.148821425830026222e-01,7.442729635468482430e-01,-9.781697621227269934e-03,-1.897296766987943695e-02,-2.393209268528602718e-01
2.279999999999745341e+00,8.500000000000000000e+01,-2.959850389833287299e+00,-3.501715368792294392e+00,-1.605662001555189704e+02,nan,nan,nan,6.074854850608225609e-01,6.410930764830768958e-01,8.580733983726320790e-01,8.750049487513172908e-01,2.335899422989457241e-01,6.079058455607051492e-01,2.164276914382924577e+00,3.167665027838785452e+00,7.205310237115877925e+00,-1.707779983091331033e+01,1.705957110164319346e+01,1.195948924867870744e+00,-4.628643167011306048e+01,1.726084240367690725e+01,1.222547218100084265e+00,-4.599115006321447652e+01,-4.104531434365205934e-03,-2.801053993033978794e-03,3.188095995899717025e-03,-3.775989699051448666e-03,1.759344298120860890e-05,-3.469394971694292340e-02,1.762331700649299711e-04,7.238581311677395225e-06,-2.105399342235017655e-05,6.638610994169652502e-01,9.297875496182042565e-02,-4.901040957599608561e+00,6.141144885496694350e-01,6.840801519596741986e-01,8.197154433260619433e-01,8.187596436211569406e-01,7.454142271669621511e-01,-8.338020521784561545e-03,-2.526957090046977328e-02,-2.422498927900249011e-01
2.289999999999963620e+00,8.500000000000000000e+01,-2.849753075487721610e+00,-3.072357111707102462e+00,-1.594885814014665470e+02,nan,nan,nan,6.047358026465301517e-01,6.431963202003735391e-01,8.568090047961969269e-01,8.814808355056189537e-01,2.371256167864141118e-01,7.117010674593842179e-01,1.954923373202965831e+00,3.073594313931935051e+00,7.814561715070939663e+00,-1.906184857505552444e+01,1.602255830448055107e+01,1.195728092277067889e+00,-4.761833323231701343e+01,1.621049302222161970e+01,1.196724629656368277e+00,-4.735405046328980205e+01,-3.514105553184584084e-03,-1.042883247028518067e-04,3.123173032747539411e-03,-3.831555198522762842e-03,-7.264781171947322369e-06,-3.131920126373276964e-02,1.518722227005560473e-04,7.538576035167368324e-06,-2.116605062844549416e-05,6.238367127911854659e-01,9.315949001032147736e-02,-5.044787504194333749e+00,6.135096288193344627e-01,6.814434303860568143e-01,8.221077189411859498e-01,8.228047223881962413e-01,7.465554907871798651e-01,-6.894343422210680306e-03,-3.156617413163270713e-02,-2.451788587274560394e-01
2.300000000000181899e+00,8.500000000000000000e+01,-2.732182155816699876e+00,-2.645697415527918039e+00,-1.584154730125837602e+02,nan,nan,nan,6.019861202322378535e-01,6.452995639176700715e-01,8.555446112197617747e-01,8.879567222599207277e-01,3.085010520398565603e-01,8.228802278933459169e-01,1.582518608070920596e+00,2.509801729885525301e+00,7.744129151320257698e+00,-2.006267278083853256e+01,1.496164604167194945e+01,1.251022282562343824e+00,-4.893044546131277883e+01,1.515701082001023359e+01,1.217234844082544010e+00,-4.872113227901616739e+01,-2.609841381273019997e-03,3.555102291786913296e-03,3.012799997249476606e-03,-4.982750739600193789e-03,-3.855540382078906294e-05,-2.533342339264793575e-02,1.143948070684802323e-04,1.004890358278467111e-05,-2.752571892465890119e-05,5.832981781813482147e-01,9.361222130368607175e-02,-5.185124679966540029e+00,6.127664430075385749e-01,6.791124034648959862e-01,8.242641649354043309e-01,8.270065712911434108e-01,7.476967544073976901e-01,-5.450666322636632533e-03,-3.786277736279558548e-02,-2.481078246648872332e-01
2.310000000000400178e+00,8.500000000000000000e+01,-2.603828208959724222e+00,-2.118428566651605838e+00,-1.576629191951320479e+02,nan,nan,nan,5.939700407572751084e-01,6.553163478219365956e-01,8.447346694580193383e-01,8.836461596121120143e-01,3.635243654974364969e-01,9.003172420085981953e-01,1.341629278091772903e+00,1.769500022556230734e+00,7.056834227983090457e+00,-1.965915653696622556e+01,1.411766045709151030e+01,1.305700440069085033e+00,-5.000825679622235498e+01,1.432292501561512843e+01,1.225024695622725757e+00,-4.983174813184091789e+01,-2.078598272221138504e-03,8.467250774202393984e-03,2.654763311041222380e-03,-5.870728774979590454e-03,-5.872502853545135678e-05,-2.146732302159441025e-02,9.218471465245442595e-05,1.208125047163596024e-05,-3.308540498636741847e-05,5.511452023472547257e-01,9.445910993792960841e-02,-5.298850550650984204e+00,6.115542063558606634e-01,6.775777240921261324e-01,8.255843694899916985e-01,8.306594291085306336e-01,7.444168044123357086e-01,-1.121740845528440556e-02,-5.012889860937708164e-02,-2.395472202454598798e-01
2.319999999999708962e+00,8.500000000000000000e+01,-2.467566781588551361e+00,-1.523416112631354125e+00,-1.571243486500703739e+02,nan,nan,nan,5.847497881749150750e-01,6.671425798495876913e-01,8.317421174051283783e-01,8.768692519184422274e-01,4.082936800267406019e-01,9.565954159161151882e-01,1.183209926482701846e+00,4.735374740207691224e-01,6.551547851291465996e+00,-1.909054930056452548e+01,1.352803881166146915e+01,1.361200021252575887e+00,-5.080762897718123838e+01,1.374499588370806968e+01,1.233909171003311211e+00,-5.065138197395465625e+01,-1.789372230625195601e-03,1.334424722687149213e-02,2.286872933276029064e-03,-6.595181368627682506e-03,-7.192791662438271041e-05,-1.893050629375884336e-02,7.984377801533690299e-05,1.378336545939838860e-05,-3.869542770282567885e-05,5.288411976697620087e-01,9.570271217639203520e-02,-5.382179022362095111e+00,6.098255086128981928e-01,6.769047301782948889e-01,8.259815012184540395e-01,8.336396399026966275e-01,7.401259343370183430e-01,-1.863282858067938363e-02,-6.375996309399323270e-02,-2.283595006495339752e-01
2.329999999999927240e+00,8.500000000000000000e+01,-2.326036458577045885e+00,-9.298963775073216809e-01,-1.565866393345087033e+02,nan,nan,nan,5.755295355917164901e-01,6.789688118783143711e-01,8.187495653510558080e-01,8.700923442241561556e-01,3.481900501419765703e-01,1.010896731319289366e+00,1.022414991420864006e+00,-7.147200312604692352e-01,6.576511262302762617e+00,-1.907505928188314925e+01,1.322431578764933313e+01,1.337817458097762202e+00,-5.127770999483037428e+01,1.340905612845939565e+01,1.165938909932053402e+00,-5.114028978249427837e+01,-1.512271914814572763e-03,1.801235478035808149e-02,1.721871800002496792e-03,-5.627367366980973694e-03,-8.426254568146170076e-05,-1.635912375198742691e-02,6.812551074616017056e-05,1.189350828270120765e-05,-3.496010323545948494e-05,5.157468278668639883e-01,9.731360110119990914e-02,-5.436929758158365544e+00,6.076136579114878034e-01,6.770378490302702001e-01,8.255150918703075824e-01,8.359905847081384733e-01,7.358350642613107340e-01,-2.604824870674876669e-02,-7.739102757984911429e-02,-2.171717810525905512e-01
2.340000000000145519e+00,8.500000000000000000e+01,-2.179194144209096518e+00,-3.378046936432178016e-01,-1.560498829743388285e+02,nan,nan,nan,5.663092830085179052e-01,6.907950439070410509e-01,8.057570132969831267e-01,8.633154365298700839e-01,1.765480059786649902e-01,1.063095543883225691e+00,8.590934866019643845e-01,-4.096855452564596711e-01,6.567339206570546928e+00,-2.022604248861323839e+01,1.319525090017886626e+01,1.265275471202688129e+00,-5.142054316995283614e+01,1.330028511912705191e+01,1.050557197963730038e+00,-5.129984047780981626e+01,-1.220779903825246378e-03,2.250144279485103913e-02,8.796538760394217657e-04,-2.855737883006682215e-03,-9.610107334335049720e-05,-1.374791981321558249e-02,5.600487413171288328e-05,6.080772857200695545e-06,-1.903400693395358530e-05,5.112955004468070497e-01,9.926481054585334363e-02,-5.464824477955483317e+00,6.049498142426109615e-01,6.779250920053807583e-01,8.242408338131316237e-01,8.377528467856862893e-01,7.315441941856031249e-01,-3.346366883281809423e-02,-9.102209206570505140e-02,-2.059840614556470717e-01
2.350000000000363798e+00,8.500000000000000000e+01,-2.027213468778550354e+00,2.652156762758896003e-01,-1.555635007302699648e+02,nan,nan,nan,5.570890304253193204e-01,7.026212759357677307e-01,7.927644612429105564e-01,8.565385288355839011e-01,2.115672054384667433e-01,1.153588093587498697e+00,5.687465530545794401e-01,9.525752499136477258e-01,6.049876168349124228e+00,-2.203805304455950420e+01,1.331136456034626825e+01,1.304534949912018460e+00,-5.143942096784540041e+01,1.341272657972843874e+01,1.051707601171045336e+00,-5.135971203086071313e+01,-4.804189076524569176e-04,2.649977552235928749e-02,6.060345542378529644e-04,-3.426078192862166277e-03,-1.180070910870001084e-04,-9.091741377134320706e-03,2.654910009739601531e-05,7.324799084470255126e-06,-2.473284427084306930e-05,5.149840689577749320e-01,1.015316014087455365e-01,-5.467490701735997050e+00,6.018631279954839153e-01,6.795178233652651167e-01,8.222108276458099940e-01,8.389643920593216064e-01,7.272533241098952939e-01,-4.087908895888753280e-02,-1.046531565515608775e-01,-1.947963418587037032e-01
2.359999999999672582e+00,8.500000000000000000e+01,-1.876368367633260315e+00,1.017409118560508530e+00,-1.556783821276947322e+02,nan,nan,nan,5.478687778429592870e-01,7.144475079634188264e-01,7.797719091900195965e-01,8.497616211419141141e-01,3.247001972600132014e-01,1.258554905508114885e+00,2.303865630417002430e-01,1.917996068589120862e+00,5.134365976556880540e+00,-2.257569708899941574e+01,1.360959331248154847e+01,1.334014683984757310e+00,-5.129328628659940392e+01,1.373293224768498177e+01,1.046360030189574353e+00,-5.126468466320387307e+01,5.587080194949731182e-04,3.015775879916431784e-02,6.395184671320851277e-04,-5.265609321991216764e-03,-1.448012382132815232e-04,-3.651854595027512456e-03,-1.428181848962992977e-05,1.126851644283520065e-05,-4.142922764287663485e-05,5.263647532582033106e-01,1.040912527021672640e-01,-5.446465582275981987e+00,5.983808695628890506e-01,6.817705440368947434e-01,8.194738138425986529e-01,8.396607379161622475e-01,7.229624540345780392e-01,-4.829450908428251088e-02,-1.182842210361770285e-01,-1.836086222627777986e-01
2.369999999999890861e+00,8.500000000000000000e+01,-1.727232060450947682e+00,1.769905073944865626e+00,-1.557935337485912157e+02,nan,nan,nan,5.386485252597607021e-01,7.262737399921455062e-01,7.667793571359469151e-01,8.429847134476280424e-01,3.549970289420628089e-01,1.312405846293338563e+00,2.174974272063187608e-03,1.650060101733102247e+00,4.237616995095589090e+00,-2.168550939612136830e+01,1.412201896404816814e+01,1.345962270824308193e+00,-5.089057289273142715e+01,1.423871454668594261e+01,1.024908160637352683e+00,-5.089489653600634966e+01,1.345087380605963431e-03,3.365984891896796338e-02,4.841640496187445868e-04,-5.766739415529089328e-03,-1.618413318718577650e-04,2.709520948923072183e-05,-4.523600926472878033e-05,1.231828509772902931e-05,-4.962839780672502016e-05,5.450381192690765264e-01,1.069228745157700666e-01,-5.403199779669691338e+00,5.945285505876507504e-01,6.846406893197775068e-01,8.160753894574658274e-01,8.398751111198675678e-01,7.186715839588703192e-01,-5.570992921035183842e-02,-1.319152855220329656e-01,-1.724209026658344301e-01
2.380000000000109139e+00,8.500000000000000000e+01,-1.579727876313882229e+00,2.522833715008935052e+00,-1.559089554577825254e+02,nan,nan,nan,5.294282726765622282e-01,7.380999720208721859e-01,7.537868050818743448e-01,8.362078057533418596e-01,3.359094937957749494e-01,1.335783079378843219e+00,-1.603695308926012530e-01,4.128902607201085373e-01,3.698684945363198473e+00,-2.107934754709798852e+01,1.482867670588861131e+01,1.371411284856358215e+00,-5.025731696114468150e+01,1.492130595742432675e+01,1.018603132333536054e+00,-5.028352789687215108e+01,1.992685302533392985e-03,3.698635955002162190e-02,1.917351197740955419e-04,-5.467511179996705460e-03,-1.733033580992037772e-04,2.658324393904442154e-03,-7.084814784482299638e-05,1.162782947776910673e-05,-5.154537502608330332e-05,5.706469800477612653e-01,1.100072404090609579e-01,-5.339061338319418759e+00,5.903300373898850983e-01,6.880884396392181745e-01,8.120582108529714738e-01,8.396385955399705558e-01,7.143807138831625991e-01,-6.312534933642122148e-02,-1.455463500078887362e-01,-1.612331830688909506e-01
2.390000000000327418e+00,8.500000000000000000e+01,-1.433780644789270253e+00,3.276325822162722279e+00,-1.560246471103970975e+02,nan,nan,nan,5.202080200933636434e-01,7.499262040495988657e-01,7.407942530278017745e-01,8.294308980590557878e-01,2.556590833341911839e-01,1.372890113836699344e+00,-3.414164467166744821e-01,-1.902874249488310798e-01,2.333318090922976484e+00,-2.123681949173211692e+01,1.574195564667974345e+01,1.392435152666580356e+00,-4.938964562785140799e+01,1.577905849078753953e+01,1.028477708883017705e+00,-4.943889800968180737e+01,2.855349279817421919e-03,3.816839772460778324e-02,-3.008593028957084071e-04,-4.170744720588303971e-03,-1.888062124877985099e-04,5.602556891364525449e-03,-1.048318463657620477e-04,8.810311160514460696e-06,-4.307239676186300534e-05,6.028710978325642067e-01,1.133266370435564857e-01,-5.255339534165599957e+00,5.858076570787673631e-01,6.920765435049480718e-01,8.074621833542466875e-01,8.389802703535412798e-01,7.100898438074549901e-01,-7.054076946249060454e-02,-1.591774144937446178e-01,-1.500454634719475266e-01
2.399999999999636202e+00,8.500000000000000000e+01,-1.286140096388260545e+00,4.030319908957611830e+00,-1.561695921019974946e+02,nan,nan,nan,5.221524864719889747e-01,7.556111334079481656e-01,7.340784367234604035e-01,8.264644394569575780e-01,1.290418799248479464e-01,1.420405534984320317e+00,-5.364898032334829425e-01,1.168104028294526309e+00,-1.078307576930664702e+00,-2.150110377186225108e+01,1.663209998517989874e+01,1.422631235917175996e+00,-4.837314371830419901e+01,1.658849166430919553e+01,1.071389804559158998e+00,-4.844583844799909400e+01,3.925739524369214854e-03,3.686444284877443689e-02,-1.002036437582850149e-03,-2.109672474527228645e-03,-2.077035241478182744e-04,8.787198106619285853e-03,-1.468223130545748148e-04,4.416695986063010828e-06,-2.362156333661893980e-05,6.331527985103377887e-01,1.165689186014883250e-01,-5.160396211657012344e+00,5.817023432080093981e-01,6.961740807625722560e-01,8.027294442843514455e-01,8.381730866841862193e-01,7.095766240150888082e-01,-7.053632210123100821e-02,-1.629223248347281827e-01,-1.413896281502404206e-01
2.409999999999854481e+00,8.500000000000000000e+01,-1.078587912959401152e+00,4.782357513230357959e+00,-1.569174012535382019e+02,nan,nan,nan,5.267056350264310849e-01,7.598611223205212761e-01,7.288292053568001805e-01,8.243883078445568557e-01,2.297376479785597503e-01,1.453498631494184457e+00,-8.061797287676106816e-01,2.682872714431643324e+00,-4.002443066887339640e+00,-2.110397939756269281e+01,1.735018424836944106e+01,1.357832426266875059e+00,-4.745095565470403898e+01,1.731053346751291500e+01,1.025010153711408911e+00,-4.756823211199024115e+01,5.488880296888348775e-03,3.496136655577329611e-02,-6.280743668754878387e-04,-3.763191825788363403e-03,-2.305185610015760629e-04,1.319476640750168010e-02,-2.079309438034839029e-04,7.790935479629003993e-06,-4.520760149773003105e-05,6.598106742728883090e-01,1.196715773886177642e-01,-5.056738685443145087e+00,5.781554396840431487e-01,7.002814500870611081e-01,7.979633950690298017e-01,8.372840647361461386e-01,7.099460676370773493e-01,-6.879819240316675799e-02,-1.643572948909234333e-01,-1.333253779272023376e-01
2.420000000000072760e+00,8.500000000000000000e+01,-8.810786005893622708e-01,5.537693834395498449e+00,-1.576681824367016702e+02,nan,nan,nan,5.312587835808730841e-01,7.641111112330942756e-01,7.235799739901399574e-01,8.223121762321561334e-01,3.837537426801266860e-01,1.483208713581472882e+00,-1.093372306291155560e+00,2.127954960319489164e+00,-5.067818290956718208e+00,-1.952305995293134444e+01,1.796869138470362515e+01,1.214770866586814657e+00,-4.649982152425775439e+01,1.794937950449827468e+01,8.997049891363805285e-01,-4.666776947731516145e+01,7.315126814697378924e-03,3.312778031911757515e-02,1.118891119645283594e-04,-6.296923549573701928e-03,-2.553454450589168331e-04,1.790020498163890500e-02,-2.789807097350785578e-04,1.286355250452240041e-05,-8.046715453450090539e-05,6.831878446443762076e-01,1.226453304875712580e-01,-4.945046826718952460e+00,5.751309329400143833e-01,7.043980173787789401e-01,7.931661839799895031e-01,8.363184825067533357e-01,7.103155112590658904e-01,-6.706006270510250777e-02,-1.657922649471186838e-01,-1.252611277041643656e-01
2.430000000000291038e+00,8.500000000000000000e+01,-6.935395718477461724e-01,6.296472211822857545e+00,-1.584216857175678115e+02,nan,nan,nan,5.358119321353150832e-01,7.683611001456672751e-01,7.183307426234797344e-01,8.202360446197555222e-01,4.851224554658840615e-01,1.456773024700919406e+00,-1.267254046710238891e+00,8.125127395886899695e-01,-5.943649359727158021e+00,-1.750300101921579099e+01,1.850455696703820507e+01,1.097974518237484265e+00,-4.543768717008514813e+01,1.849645831376357918e+01,7.989729344064171457e-01,-4.563733667810424777e+01,8.611737796077365004e-03,3.145920407103539040e-02,6.586136442523794765e-04,-7.972504881021321918e-03,-2.666666023973919900e-04,2.076535633258805649e-02,-3.292316564930515771e-04,1.603514439141177553e-05,-1.076012376306070069e-04,7.035919992550905278e-01,1.254998928963227400e-01,-4.825938400678557727e+00,5.725951320325750604e-01,7.085231894330876745e-01,7.883398207404186397e-01,8.352812775993790906e-01,7.106849548810543205e-01,-6.532193300703820205e-02,-1.672272350033139898e-01,-1.171968774811264491e-01
2.439999999999599822e+00,8.500000000000000000e+01,-5.159079617807823537e-01,7.058840228797587990e+00,-1.591776555308223351e+02,nan,nan,nan,5.403650806893429692e-01,7.726110890578538060e-01,7.130815112572967962e-01,8.181599130075436488e-01,5.609919241962121328e-01,1.403143681286234346e+00,-1.386254792403696090e+00,5.051199144923026463e-01,-6.888153680620115793e+00,-1.621762393182881823e+01,1.896635483919142473e+01,1.002610650030081763e+00,-4.428516018465300164e+01,1.896524861886501157e+01,7.183675561562558043e-01,-4.450736358797900039e+01,9.643035723441403459e-03,2.992098413549896391e-02,1.119077054694422174e-03,-9.231836884690577949e-03,-2.710839460316707863e-04,2.273615289808778722e-02,-3.688547993397878308e-04,1.824110012986672951e-05,-1.308054480585685785e-04,7.212994737049523986e-01,1.282440840716277397e-01,-4.699975517730260677e+00,5.705165188488643402e-01,7.126564113028798220e-01,7.834861854604284748e-01,8.341770691764787138e-01,7.110543985030093328e-01,-6.358380330913199208e-02,-1.686622050593788447e-01,-1.091326272588218904e-01
2.449999999999818101e+00,8.500000000000000000e+01,-3.481307589760804788e-01,7.824950022522561000e+00,-1.599358311565735278e+02,nan,nan,nan,5.449182292437849684e-01,7.768610779704268055e-01,7.078322798906365731e-01,8.160837813951429265e-01,4.796527751499892189e-01,1.402722712595172672e+00,-1.581956045158828816e+00,1.030684505390717876e+00,-7.637850332631869854e+00,-1.591790693965287318e+01,1.945748479199523118e+01,1.027690821497519114e+00,-4.294939114807059610e+01,1.938101810004951275e+01,7.560726251394704889e-01,-4.319741076967898863e+01,1.126010310007048536e-02,2.862260616109640540e-02,6.325746777280281084e-04,-7.902630791787861736e-03,-2.875059259577428467e-04,2.596516876660853734e-02,-4.304707516671377296e-04,1.530545652333188718e-05,-1.169483689084131143e-04,7.365588305919557044e-01,1.308859221686037577e-01,-4.567670352601410855e+00,5.688656079741989391e-01,7.167971638313099803e-01,7.786070369960993443e-01,8.330101784967698375e-01,7.114238421249978739e-01,-6.184567361106774186e-02,-1.700971751155740952e-01,-1.010683770357839184e-01
2.460000000000036380e+00,8.500000000000000000e+01,-2.445074202363860250e-01,8.312188296065849968e+00,-1.609191969872271670e+02,nan,nan,nan,5.494713777982269676e-01,7.811110668829998049e-01,7.025830485239763501e-01,8.140076497827422042e-01,3.162397206033364383e-01,1.430080240915730938e+00,-1.817700332807875352e+00,1.960453628899798684e+00,-8.342180871572081102e+00,-1.618821423870993925e+01,1.994218907380657768e+01,1.161600108298994183e+00,-4.149193429463708327e+01,1.974533857758968125e+01,9.011864875286706988e-01,-4.176666299869934562e+01,1.325665774530633556e-02,2.748138499405085311e-02,-4.412508934011484356e-04,-5.215599640732739885e-03,-3.103461459075173776e-04,2.985400576797397898e-02,-5.059902967965671395e-04,9.878687812903096585e-06,-8.025905657077178103e-05,7.495940071196153243e-01,1.334327074609509833e-01,-4.429490218706428450e+00,5.676148155971596498e-01,7.209449613434977255e-01,7.737040207696106453e-01,8.317846481279789206e-01,7.117932857469864150e-01,-6.010754391300349164e-02,-1.715321451717693457e-01,-9.300412681274594640e-02
2.470000000000254659e+00,8.500000000000000000e+01,-1.990816670502728591e-01,8.530870043970402605e+00,-1.621221395144440010e+02,nan,nan,nan,5.540245263526690778e-01,7.853610557955728044e-01,6.973338171573160160e-01,8.119315181703415929e-01,3.984920974361914059e-01,1.126827844285875457e+00,-2.028506310137287105e+00,2.725585243718810613e+00,-9.374447003541691359e+00,-1.595030162308507293e+01,2.021623098587718559e+01,1.019951485964473381e+00,-4.010758742360360429e+01,2.001344046261236187e+01,7.715088535512284462e-01,-4.041944806055405337e+01,1.490843671158984321e-02,2.620915510212352972e-02,8.933997886173420180e-05,-6.577870904465201070e-03,-2.898766195446565719e-04,3.331254678013684939e-02,-5.681249043013883665e-04,1.215584126603816998e-05,-1.048533806617094771e-04,7.606070830161231200e-01,1.358910962436116199e-01,-4.285862074433937963e+00,5.667383368694901558e-01,7.250993494872002287e-01,7.687786760849045775e-01,8.305042599204517373e-01,7.121627293689749560e-01,-5.836941421493907489e-02,-1.729671152279646518e-01,-8.493987658970786336e-02
2.479999999999563443e+00,8.500000000000000000e+01,-1.584113036927311535e-01,8.752406295562733973e+00,-1.633303719595480459e+02,nan,nan,nan,5.585776749066969638e-01,7.896110447077593353e-01,6.920845857911331889e-01,8.098553865581297195e-01,7.084228412208837256e-01,5.171720298703297303e-01,-2.216199903517823255e+00,2.248753158867874191e+00,-1.067895969663513789e+01,-1.469451455408271379e+01,2.028448065445332915e+01,5.304170535149035359e-01,-3.861537840560514923e+01,2.018185287416080342e+01,2.944750653066757762e-01,-3.897568662972454234e+01,1.624867289939310039e-02,2.483454485359605501e-02,2.292791090795370974e-03,-1.170241620941380421e-02,-2.289261235140843329e-04,3.636953067284906527e-02,-6.178577358117633839e-04,2.104905245143176931e-05,-1.925902761810518483e-04,7.697807157841655146e-01,1.382671663594294831e-01,-4.137176528664658903e+00,5.662120311753717772e-01,7.292599032126954040e-01,7.638324429716020214e-01,8.291725518216152002e-01,7.125321729909298574e-01,-5.663128451703292043e-02,-1.744020852840294511e-01,-7.687562636740324917e-02
2.489999999999781721e+00,8.500000000000000000e+01,-1.225022840905342081e-01,8.976805403436776132e+00,-1.645428490848990464e+02,nan,nan,nan,5.631308234611389629e-01,7.938610336203323348e-01,6.868353544244729658e-01,8.077792549457289972e-01,6.211770292292508877e-01,3.560873252659831900e-01,-2.233485437728157219e+00,1.128819224867631643e+00,-1.185225893742556735e+01,-1.339408643520044961e+01,2.050953805656056161e+01,6.588990556365529327e-01,-3.709188691382049541e+01,2.035584269355528519e+01,4.363361398492316412e-01,-3.744919962434406813e+01,1.678627660863527687e-02,2.342335371051888424e-02,1.660632463545333188e-03,-1.026739085658871613e-02,-2.110695436920818424e-04,3.666321774063422551e-02,-6.357155074074799864e-04,1.793029999859674094e-05,-1.739465640545238367e-04,7.772802844229675934e-01,1.405664753512197995e-01,-3.983791404607632813e+00,5.660133148001370573e-01,7.334262248830495379e-01,7.588666685874101425e-01,8.277928336059756642e-01,7.129016166129183985e-01,-5.489315481896867022e-02,-1.758370553402247016e-01,-6.881137614436527716e-02
2.500000000000000000e+00,8.500000000000000000e+01,-9.136113570715581611e-02,9.204076064774440624e+00,-1.657585031164171312e+02,nan,nan,nan,5.713507284027159461e-01,7.975884436922124898e-01,6.799923796939225662e-01,8.039383886686639613e-01,4.053246702837273174e-01,3.402508249177257915e-01,-2.195592508494702777e+00,4.922459885128105950e-01,-1.268333851544673330e+01,-1.287721387160162045e+01,2.070751863015942007e+01,9.817369153919512925e-01,-3.553256083053504000e+01,2.045554894306305371e+01,7.833639924750503969e-01,-3.586763052421419928e+01,1.698754227755451540e-02,2.090028519785465735e-02,-1.643951930433143124e-04,-6.702447610022125093e-03,-2.062392549597311044e-04,3.605586199677725950e-02,-6.401676073354118594e-04,1.131517923477513801e-05,-1.164267614832048200e-04,7.812123480554197252e-01,1.427162483942190363e-01,-3.820433635888418777e+00,5.663575406955007052e-01,7.375642398211135209e-01,7.537798278931818752e-01,8.262543885315711822e-01,7.132174851143787686e-01,-5.114585315737757432e-02,-1.750918621321189694e-01,-5.749579813382904581e-02
2.510000000000218279e+00,8.500000000000000000e+01,-5.387281515040600460e-02,9.263693723799427460e+00,-1.672731901813902482e+02,nan,nan,nan,5.867619059391376846e-01,8.002909678706893182e-01,6.700237424524482233e-01,7.966365103440850026e-01,3.746965542913595626e-01,2.887973662597401736e-01,-2.256174681173755303e+00,2.418704100354428510e-01,-1.304582183730327749e+01,-1.268814057122998307e+01,2.064810544629361289e+01,9.966163857986071184e-01,-3.379066639142911299e+01,2.036141327763099795e+01,8.303780046731293885e-01,-3.412974131705807679e+01,1.783920587063082472e-02,1.754356281227829883e-02,-7.394195933350866320e-04,-6.196956865286247160e-03,-2.023078683596391718e-04,3.705178354159493342e-02,-6.682104718003906672e-04,1.003303908457223197e-05,-1.096894881973659285e-04,7.778374834132363302e-01,1.445723241625188615e-01,-3.636844176427086239e+00,5.676734797285789558e-01,7.416096756321324257e-01,7.483781454211595463e-01,8.243442422702939032e-01,7.134282816515901127e-01,-4.345814701995742713e-02,-1.700709149115942065e-01,-3.980368949335316708e-02
2.520000000000436557e+00,8.500000000000000000e+01,-1.797247896359395122e-02,9.324524449534189685e+00,-1.688005275354784374e+02,nan,nan,nan,6.021730834755593120e-01,8.029934920491661465e-01,6.600551052109738803e-01,7.893346320195060439e-01,4.565366462584072305e-01,2.157172813556782476e-01,-2.376550961061126177e+00,6.561324295831916231e-01,-1.319198008045968251e+01,-1.182077729383150810e+01,2.036953272133735382e+01,8.237681870671382800e-01,-3.186760063082163441e+01,2.008626796878139231e+01,6.882787080984282824e-01,-3.222790532718870793e+01,1.910325875948934785e-02,1.432820225615976523e-02,-4.138286631243906673e-04,-7.549867751572045954e-03,-1.979822548092223630e-04,3.901862509434233378e-02,-7.105475349162348542e-04,1.162228763720541696e-05,-1.354415981729608504e-04,7.676378597741330134e-01,1.461510964332665141e-01,-3.434430175782157590e+00,5.698984631894361552e-01,7.455685030231326005e-01,7.426819262668309385e-01,8.220863669523525985e-01,7.136390781888013457e-01,-3.577044088253733545e-02,-1.650499676910694991e-01,-2.211158085287717734e-02
2.529999999999745341e+00,8.500000000000000000e+01,1.616615754310157804e-02,9.389655893356316341e+00,-1.703330748678241378e+02,nan,nan,nan,6.175842610105793939e-01,8.056960162273971715e-01,6.500864679704061455e-01,7.820327536955911096e-01,5.435752280966458239e-01,1.411165445269423613e-01,-2.557015677455273917e+00,1.776830058174969196e+00,-1.367975672672053022e+01,-1.031417361726389892e+01,1.993199054120973202e+01,6.075149637263377311e-01,-2.976286954610982960e+01,1.964289980813211756e+01,5.007832934704498085e-01,-3.015426563637748103e+01,2.082094313096463298e-02,1.132256891268817317e-02,-1.112731428296737102e-05,-8.986691263212968558e-03,-1.953806179079639073e-04,4.196270665248814924e-02,-7.684007868393367708e-04,1.303055828359050880e-05,-1.626289620685642207e-04,7.510298786700599916e-01,1.474672109340661175e-01,-3.214469144716517235e+00,5.729738640620943846e-01,7.494463076322268602e-01,7.367101659889154774e-01,8.195031886730465009e-01,7.138498747259935939e-01,-2.808273474581640672e-02,-1.600290204710013708e-01,-4.419472214010289335e-03
2.539999999999963620e+00,8.500000000000000000e+01,4.854301082691180047e-02,9.459090557489927775e+00,-1.718686356900679471e+02,nan,nan,nan,6.329954385470011324e-01,8.083985404058739999e-01,6.401178307289318026e-01,7.747308753710121509e-01,6.361294377032599145e-01,6.490238721697569324e-02,-2.801234571766983539e+00,2.138244095198856165e+00,-1.354643148827104149e+01,-8.813822895364069154e+00,1.934497481482247139e+01,3.336170607494329254e-01,-2.748584242625639362e+01,1.903981952250846277e+01,2.537625491253972521e-01,-2.791871348160418265e+01,2.303589588499199356e-02,8.514759393486734732e-03,4.649653677548399450e-04,-1.051209728132209559e-02,-1.940754658133522878e-04,4.594333638862298924e-02,-8.430263238042132352e-04,1.420611727285296408e-05,-1.911128242533560078e-04,7.283735175641974369e-01,1.485337831434956901e-01,-2.978122844044795769e+00,5.768448363637752596e-01,7.532483148629173231e-01,7.304806350651623648e-01,8.166156872010893464e-01,7.140606712632047159e-01,-2.039502860839625953e-02,-1.550080732504766079e-01,1.327263642646558939e-02
2.550000000000181899e+00,8.500000000000000000e+01,7.915790799053404325e-02,9.532831142150346437e+00,-1.734049876129047334e+02,nan,nan,nan,6.484066160834228709e-01,8.111010645843508282e-01,6.301491934874574596e-01,7.674289970464331923e-01,5.662470986714220889e-01,-8.394083945846353423e-02,-2.861762165108695299e+00,5.067061635314130674e-01,-1.135912160260721215e+01,-7.699400963661191533e+00,1.862316739274415411e+01,4.235070136632955173e-01,-2.507248042759771778e+01,1.827167729461303836e+01,3.676673964596254840e-01,-2.550655205202549070e+01,2.366463329313172118e-02,5.985435249523914439e-03,-3.834979804925343905e-04,-9.351835671978930148e-03,-1.687589420227944320e-04,4.689906354933653237e-02,-8.584158741949670258e-04,1.163645879210664305e-05,-1.701931342422464846e-04,6.999803841173038998e-01,1.493625877154656223e-01,-2.726449544255272528e+00,5.814600712943984728e-01,7.569794131166637241e-01,7.240099579016920917e-01,8.134434892566999586e-01,7.142714678004160600e-01,-1.270732247097611234e-02,-1.499871260299518450e-01,3.096474506694146811e-02
2.560000000000400178e+00,8.500000000000000000e+01,9.741935896253835214e-02,9.305481773834053172e+00,-1.751975177618814712e+02,nan,nan,nan,6.638177936198446094e-01,8.138035887628276566e-01,6.201805562459831167e-01,7.601271187218542336e-01,4.671583768923476265e-01,-2.458429030535727589e-01,-2.889261733117212128e+00,-9.593641788076370247e-01,-9.511785096924644023e+00,-7.481337023895000549e+00,1.775980636753421038e+01,5.846446445293760341e-01,-2.254525247969366575e+01,1.735771794181407301e+01,5.510773671330603252e-01,-2.297319244238494562e+01,2.396272902711599206e-02,3.632727551214202846e-03,-1.477958622519643175e-03,-7.710123762954263285e-03,-1.378180535315312594e-04,4.730868101120283553e-02,-8.614144327944158819e-04,8.706772913720490999e-06,-1.400210517268518802e-04,6.661206531473369274e-01,1.499642232244132733e-01,-2.460414855316027882e+00,5.867715691130953592e-01,7.606441755271777794e-01,7.173136867465522704e-01,8.100049557737363237e-01,7.144822643376274041e-01,-5.019616333555965149e-03,-1.449661788094270820e-01,4.865685370741745785e-02
2.569999999999708962e+00,8.500000000000000000e+01,1.223451925514828093e-01,9.065264272390233913e+00,-1.770111055899405983e+02,nan,nan,nan,6.792289711548646913e-01,8.165061129410586815e-01,6.102119190054153819e-01,7.528252403979392993e-01,4.849787812266282416e-01,-3.731274330984399312e-01,-3.028516232501688776e+00,-2.799007415268662813e-01,-9.324968441406491948e+00,-7.781040196265442965e+00,1.673521975615552648e+01,4.888116722313843310e-01,-1.986655831962712426e+01,1.631022655824214240e+01,4.766543625162938946e-01,-2.031433551309029184e+01,2.516282660333823279e-02,1.376410637725056793e-03,-1.594247165965735104e-03,-7.998368275883800671e-03,-1.155335267273668892e-04,4.954750680518660300e-02,-8.965157737665131743e-04,8.053568770393912106e-06,-1.445579620990412688e-04,6.270290359864718610e-01,1.503482554520116921e-01,-2.180901301299797979e+00,5.927344257269129280e-01,7.642468802929740512e-01,7.104063708364829477e-01,8.063172635341172567e-01,7.146930608748195413e-01,2.668089803164963580e-03,-1.399452315893589538e-01,6.634896234628434586e-02
2.579999999999927240e+00,8.500000000000000000e+01,1.548302731603723170e-01,8.830696196004431897e+00,-1.788267781876182880e+02,nan,nan,nan,6.946401486912863188e-01,8.192086371195355099e-01,6.002432817639410390e-01,7.455233620733603406e-01,5.315712134732256677e-01,-4.918923832531880147e-01,-3.195274281980191589e+00,9.386365812379325879e-01,-9.056146310903809393e+00,-7.498526955738637589e+00,1.557025867131473440e+01,3.196573161184077527e-01,-1.705382886940388687e+01,1.513001889947311263e+01,3.275715280914284211e-01,-1.752788404566781111e+01,2.654951341050901595e-02,-7.408236620375131809e-04,-1.461965365842147341e-03,-8.760159267010157041e-03,-9.291911110019986369e-05,5.223353767633557437e-02,-9.378013343459765117e-04,7.689426295002892413e-06,-1.571979489691625615e-04,5.829099123904368795e-01,1.505233420201204098e-01,-1.888716792709946191e+00,5.993066330434181355e-01,7.677915296986781435e-01,7.033016210839643234e-01,8.023964815372223169e-01,7.149038574120307743e-01,1.035579594058505526e-02,-1.349242843688342464e-01,8.404107098676022458e-02
2.590000000000145519e+00,8.500000000000000000e+01,1.948625107724744621e-01,8.601762698586586708e+00,1.793591564182719935e+02,nan,nan,nan,7.100513262277080573e-01,8.219111612980123382e-01,5.902746445224666960e-01,7.382214837487812709e-01,5.871042891995033042e-01,-5.619374619506414259e-01,-3.264676728502738268e+00,1.027108968642447051e+00,-8.627525033350710970e+00,-6.688634814428544573e+00,1.426456648671894811e+01,1.575241265542637603e-01,-1.415100841680458643e+01,1.383431571082981115e+01,1.841476104121187174e-01,-1.463717101132341014e+01,2.708640682185044224e-02,-2.716849117089748834e-03,-1.249684831253029121e-03,-9.668137539253454649e-03,-6.917994144774973757e-05,5.332866854755518443e-02,-9.490765044326287831e-04,7.177794461514503313e-06,-1.719129962342011485e-04,5.339417381326116985e-01,1.504973408122710909e-01,-1.584602130436037370e+00,6.064488921986214143e-01,7.712818679094972651e-01,6.960121705927526659e-01,7.982576424442565655e-01,7.151146539492420073e-01,1.804350207800514694e-02,-1.299033371483094279e-01,1.017331796272361588e-01
2.600000000000363798e+00,8.500000000000000000e+01,2.424309916876602744e-01,8.378449779482261661e+00,1.775503706158809223e+02,nan,nan,nan,7.254625037641297958e-01,8.246136854764891666e-01,5.803060072809922421e-01,7.309196054242023122e-01,6.503801390216554790e-01,-5.897901683058562883e-01,-3.249767297209239292e+00,-3.224032307110064055e-02,-8.482613649197336514e+00,-5.774042863349712285e+00,1.282542485420227685e+01,6.998575398720610283e-03,-1.116292988202730108e+01,1.242731194877424983e+01,5.285010794561213754e-02,-1.165023461654964265e+01,2.687651838653890360e-02,-4.746558649328374603e-03,-8.329206461122722061e-04,-1.070264049766756279e-02,-4.567435852203226287e-05,5.305019975528792175e-02,-9.348625183127339412e-04,6.436007802329178191e-06,-1.882632978911205266e-04,4.802808265559883605e-01,1.502774043093604850e-01,-1.269237658585209871e+00,6.141244388307569579e-01,7.747213976181362982e-01,6.885499312703532437e-01,7.939148094147807644e-01,7.153254504864534624e-01,2.573120821542534964e-02,-1.248823899277847205e-01,1.194252882677122041e-01
2.609999999999672582e+00,8.500000000000000000e+01,2.909295683890082418e-01,7.890119843337562777e+00,1.756166636558673133e+02,nan,nan,nan,7.372418682932909695e-01,8.292466652635802626e-01,5.810517010283856587e-01,7.269025897662039215e-01,6.785613741841609592e-01,-6.813338961993995468e-01,-3.244141165936635041e+00,-1.110059494282183090e+00,-8.419301705272429714e+00,-4.292894933685204251e+00,1.147417177079690198e+01,-7.455724136088877352e-02,-8.189373274380947976e+00,1.109309813171678272e+01,-8.505058321885498526e-03,-8.678142900676309779e+00,2.666472848350761107e-02,-6.884101941158423006e-03,-5.331020495512265450e-04,-1.115657284807811470e-02,-1.530725317915315674e-05,5.291232329055839401e-02,-9.213714240180686339e-04,5.150226844918202999e-06,-1.938004703185462285e-04,4.299123606827186528e-01,1.498844833798655685e-01,-9.571150205600709171e-01,6.220646530519529094e-01,7.782378965205488663e-01,6.816170462982834577e-01,7.895929893299206137e-01,7.186107060878651476e-01,2.692304588376448482e-02,-1.189278428540537780e-01,1.292671213811408260e-01
2.619999999999890861e+00,8.500000000000000000e+01,3.556267394584036179e-01,7.384911334579162379e+00,1.736704438201184360e+02,nan,nan,nan,7.477458535502718995e-01,8.345575607553155084e-01,5.855599331132442797e-01,7.240391152601046709e-01,6.776436724150237678e-01,-8.256874650803074367e-01,-3.246212345617748074e+00,-1.148653303734364250e+00,-7.997647820891426562e+00,-2.811223300628493238e+00,1.027049803106977777e+01,-9.816719665142913109e-02,-5.275671774422861837e+00,9.893984983927117227e+00,-1.272999629533263025e-02,-5.765024072779434405e+00,2.644949745428233287e-02,-8.941336089260464720e-03,-4.479431314247236603e-04,-1.112886493761248985e-02,2.012281155350428418e-05,5.288612880427898122e-02,-9.084192113662792334e-04,3.624825487749200881e-06,-1.905536168285471867e-04,3.851373042923460499e-01,1.493357221128028822e-01,-6.525087552240798061e-01,6.301702125969352863e-01,7.818701214690558787e-01,6.754220334598212139e-01,7.853652223483005290e-01,7.229756156697340064e-01,2.583373747090839112e-02,-1.126454446759520001e-01,1.363521829661192286e-01
2.630000000000109139e+00,8.500000000000000000e+01,4.374629791663111611e-01,6.886939654084977214e+00,1.717275862847367591e+02,nan,nan,nan,7.582498388072529405e-01,8.398684562470507542e-01,5.900681651981029008e-01,7.211756407540054203e-01,5.812831153014752505e-01,-9.380491415456517768e-01,-3.308314157135719746e+00,-6.114931935388479012e-01,-7.149189215892851834e+00,-1.832283901213187738e+00,9.252301870008620810e+00,5.867485520038941138e-02,-2.491110760265649926e+00,8.828364968202983221e+00,1.622074278105620770e-01,-2.982904808314225331e+00,2.667178789674731418e-02,-1.085722062566903644e-02,-1.157245591387081121e-03,-9.533252617302446011e-03,4.906526440296883753e-05,5.382617455576476501e-02,-9.110257597087383953e-04,1.845345383835988615e-06,-1.605938526819161759e-04,3.453596215129794977e-01,1.486430144788676300e-01,-3.545229190216740989e-01,6.384304538472620472e-01,7.856106089420343830e-01,6.699173051564089043e-01,7.812254427017254477e-01,7.273405252516029762e-01,2.474442905805235293e-02,-1.063630464978501666e-01,1.434372445510976868e-01
2.640000000000327418e+00,8.500000000000000000e+01,5.364036820110564818e-01,6.396143646172738784e+00,1.697925816761338922e+02,nan,nan,nan,7.687538240642338705e-01,8.451793517387860000e-01,5.945763972829615218e-01,7.183121662479061698e-01,4.605075015063682109e-01,-1.042227032395428354e+00,-3.385772291278760893e+00,-6.327197497006833427e-01,-6.221441416897400600e+00,-4.356931142637028853e-01,8.362388859405404773e+00,2.725363042981306938e-01,2.078034593960193521e-01,7.879191817938440145e+00,3.930776707052297536e-01,-2.868804459716443600e-01,2.695223848985940293e-02,-1.265815057215519991e-02,-2.060014225577117518e-03,-7.540432843353779731e-03,7.604036830850223743e-05,5.500162545171594086e-02,-9.159291212099397684e-04,4.912766533781960529e-07,-1.247290770444427839e-04,3.100449963015301513e-01,1.478169388319743871e-01,-6.235379562202325587e-02,6.468354009133951976e-01,7.894523767628729427e-01,6.650583428571952282e-01,7.771679758216792910e-01,7.317054348334719460e-01,2.365512064519625923e-02,-1.000806483197483887e-01,1.505223061360760894e-01
2.649999999999636202e+00,8.500000000000000000e+01,6.524229049221828003e-01,5.912465896427411494e+00,1.678698127356374528e+02,nan,nan,nan,7.792578093202594536e-01,8.504902472300381877e-01,5.990846293674101375e-01,7.154486917420673775e-01,4.820239755485500321e-01,-1.058925349842810171e+00,-3.377617713823731993e+00,-1.222818094676193734e+00,-5.593608132060269078e+00,1.290008215257968383e+00,7.520488351685513884e+00,2.021562395686027358e-01,2.915365985226384904e+00,7.057683214910781544e+00,3.387514231682248744e-01,2.420727588391918594e+00,2.648974250846792416e-02,-1.434928952072642670e-02,-1.834477134614554469e-03,-7.878484734573086221e-03,9.250783121366370891e-05,5.477421459977504375e-02,-8.959451157910206399e-04,-4.695642712563815328e-07,-1.277142144628127878e-04,2.787138166265863415e-01,1.468669171050824007e-01,2.247204090278103195e-01,6.553757212809283583e-01,7.933888930565500264e-01,6.608034991655787893e-01,7.731875131096950238e-01,7.360703444149437891e-01,2.256581223243925294e-02,-9.379825014221798707e-02,1.576073677204100076e-01
2.659999999999854481e+00,8.500000000000000000e+01,7.691530798407576475e-01,5.285716583239399746e+00,1.659564965600368964e+02,nan,nan,nan,7.897617945772404946e-01,8.558011427217735445e-01,6.035928614522687585e-01,7.125852172359681269e-01,5.795882233979166021e-01,-1.028870352250866871e+00,-3.323707562566317275e+00,-1.963233828451265595e+00,-5.479902990153807885e+00,2.492686759179572942e+00,6.741535688724247244e+00,-1.876016712720076501e-02,5.613649544721559970e+00,6.341787067899914199e+00,1.328071648216943290e-01,5.121003591009460898e+00,2.561834419664625259e-02,-1.592047046741560182e-02,-1.046930143458011699e-03,-9.454146862662153594e-03,1.021961092871856197e-04,5.379610825104483296e-02,-8.625698457918007335e-04,-1.709015480527378491e-06,-1.498859209908881193e-04,2.509349983571473874e-01,1.458013540794390606e-01,5.073486595021261536e-01,6.640426843175695204e-01,7.974140472084196851e-01,6.571138126511836264e-01,7.692790883347924158e-01,7.404352539968127589e-01,2.147650381958315924e-02,-8.751585196411620915e-02,1.646924293053885213e-01
2.670000000000072760e+00,8.500000000000000000e+01,9.049515249759126911e-01,4.648090712315018358e+00,1.640467788203563657e+02,nan,nan,nan,8.002657798342214246e-01,8.611120382135087903e-01,6.081010935371273796e-01,7.097217427298688763e-01,5.597776677445842619e-01,-1.054872510138928465e+00,-3.315608523997127577e+00,-2.508357638385132482e+00,-5.293018740945868217e+00,3.200378610441586336e+00,6.088604564427861909e+00,2.177771266981523915e-03,8.217438920903711974e+00,5.693876007297888897e+00,1.677449393773875197e-01,7.728328072624282008e+00,2.506060897779810101e-02,-1.739553985091138455e-02,-1.188314344868127322e-03,-9.111022855909140308e-03,1.170294823851399102e-04,5.355113980929422646e-02,-8.401172569326220219e-04,-2.719122306880895378e-06,-1.409727800979956457e-04,2.263205458246027035e-01,1.446277592427157033e-01,7.861151182994330355e-01,6.728281224557642881e-01,8.015221226957668366e-01,6.539528346237196699e-01,7.654380555532169783e-01,7.448001635786816177e-01,2.038719540672706554e-02,-8.123345378601443123e-02,1.717774908903670350e-01
2.680000000000291038e+00,8.500000000000000000e+01,1.062110753174646538e+00,4.018445775923884078e+00,1.621447902504771150e+02,nan,nan,nan,8.107697650912023546e-01,8.664229337052440361e-01,6.126093256219861116e-01,7.068582682237696257e-01,4.306621096891385392e-01,-1.133077758737652374e+00,-3.350170973524186024e+00,-2.654551358183938170e+00,-4.438782143812398218e+00,3.924498288840866156e+00,5.548839327587588244e+00,2.478576630955686144e-01,1.072916110728738737e+01,5.105707066063682298e+00,4.266773962339022175e-01,1.024455341072321346e+01,2.478253174627813651e-02,-1.879861124282017348e-02,-2.138687738624668599e-03,-6.992986776700372067e-03,1.370189468192697241e-04,5.398511285332303899e-02,-8.272730801676700342e-04,-2.886181956816337084e-06,-1.053692197206762917e-04,2.045207588102155860e-01,1.433528534338479044e-01,1.061546236581733638e+00,6.817243948790148167e-01,8.057077716716611882e-01,6.512864670788254262e-01,7.616600684521342979e-01,7.491650731605505875e-01,1.929788699387091633e-02,-7.495105560791259780e-02,1.788625524753452156e-01
2.689999999999599822e+00,8.500000000000000000e+01,1.240639494219215155e+00,3.396685886362691864e+00,1.602546361923801044e+02,nan,nan,nan,8.212737503472280487e-01,8.717338291964962238e-01,6.171175577064347273e-01,7.039947937179308335e-01,4.160247078261122278e-01,-1.186693821100158530e+00,-3.295947755803632528e+00,-2.717334672055839118e+00,-3.382194012134666750e+00,4.822188777160513418e+00,5.019676843252547371e+00,2.703205737318839508e-01,1.327549669970839297e+01,4.594276320430562777e+00,4.605307700127724835e-01,1.280099775427428099e+01,2.381346242235648711e-02,-2.000264696714465495e-02,-2.220647284473083183e-03,-6.738307933855602894e-03,1.528071628318234938e-04,5.298105256514201722e-02,-7.916203012378397264e-04,-3.529018390691118337e-06,-9.865014991223080795e-05,1.852200068947666978e-01,1.419826621952126611e-01,1.334117021157084082e+00,6.907243535500544596e-01,8.099659911879136809e-01,6.490828110952185925e-01,7.579410610255453706e-01,7.535299827420224306e-01,1.820857858111396554e-02,-6.866865743038214065e-02,1.859476140596793559e-01
2.699999999999818101e+00,8.500000000000000000e+01,1.440561704440264323e+00,2.782721256965452916e+00,1.583802684876235389e+02,nan,nan,nan,8.308800353190530785e-01,8.770331389186336590e-01,6.220172789610121100e-01,7.015595720536552671e-01,4.417558374282604117e-01,-1.231638977408757496e+00,-3.210415971260594414e+00,-2.618662762978981373e+00,-2.651936368438409630e+00,6.054436363174087177e+00,4.543329829121756980e+00,2.199031806117954790e-01,1.581062833757911790e+01,4.158506236922579369e+00,4.158612554035345243e-01,1.534771530019213870e+01,2.261504101350271176e-02,-2.061465901914909249e-02,-1.946108590257220050e-03,-7.136037212594648071e-03,1.658519453060300223e-04,5.147214007883210013e-02,-7.486784170276272916e-04,-4.501995257616110907e-06,-1.012916180190278161e-04,1.686419484181200801e-01,1.405409722243583237e-01,1.602696731470524938e+00,6.997634160322863117e-01,8.142913537503977395e-01,6.473372733261599787e-01,7.543048488133415885e-01,7.578725063130885564e-01,1.669459474653128828e-02,-6.284769834611186878e-02,1.921681616115096802e-01
2.710000000000036380e+00,8.500000000000000000e+01,1.577957185525329598e+00,2.089557588471197658e+00,1.566755446262754390e+02,nan,nan,nan,8.365342081223259285e-01,8.822814424622428264e-01,6.286405254690472511e-01,7.010097271630927329e-01,4.082016800738549889e-01,-1.242901529871134336e+00,-3.090293097329269489e+00,-3.287750526398208084e+00,-9.681906058198627152e-01,7.166519971144465373e+00,4.220023496106327876e+00,3.074203181443485033e-01,1.818577728518125269e+01,3.856151409214831904e+00,5.050474066740211487e-01,1.774281622177008089e+01,2.120290208861927081e-02,-2.079525552456079965e-02,-2.025982726638956861e-03,-6.575620425787423451e-03,1.725511335477016874e-04,4.941086102682121922e-02,-6.989406081879642914e-04,-4.809562774325609139e-06,-9.038978142408404109e-05,1.567976195648128623e-01,1.391134332554377906e-01,1.860846867851851272e+00,7.085841767737867114e-01,8.186762395593923936e-01,6.461314636867511174e-01,7.508676857350103928e-01,7.621164758041771847e-01,1.331098367706429197e-02,-5.905821801698118989e-02,1.945826989762143300e-01
2.720000000000254659e+00,8.500000000000000000e+01,1.720430009970825624e+00,1.385549953004626245e+00,1.550070430177326557e+02,nan,nan,nan,8.421883809255987785e-01,8.875297460058518828e-01,6.352637719770825031e-01,7.004598822725300877e-01,3.541195531349158321e-01,-1.242501231350098712e+00,-2.958192802568742508e+00,-5.931064329280590464e+00,2.144257968108056467e+00,7.458905728057010798e+00,4.023882211362444394e+00,4.325482623441732066e-01,2.044840865127546081e+01,3.673420257370736852e+00,6.318739918452035420e-01,2.002837973082331757e+01,1.975096730356183314e-02,-2.097599320226016528e-02,-2.241465563854820684e-03,-5.687791336273993227e-03,1.758788824368326159e-04,4.716312916667730198e-02,-6.481496497319442357e-04,-4.696889111855326112e-06,-7.561595499400690238e-05,1.494072777174806355e-01,1.377002788274382106e-01,2.109326471411961279e+00,7.172007147119883186e-01,8.231168097812695539e-01,6.454305734826476515e-01,7.476167345117813445e-01,7.663604452952658130e-01,9.927372607597240162e-03,-5.526873768785034446e-02,1.969972363409191463e-01
2.729999999999563443e+00,8.500000000000000000e+01,1.883903154081740583e+00,6.868956778845395350e-01,1.533476836472096636e+02,nan,nan,nan,8.478425537283572622e-01,8.927780495489835433e-01,6.418870184845152371e-01,6.999100373820175136e-01,2.955850131620799681e-01,-1.300601024619610246e+00,-2.878595247335747231e+00,-9.424350223155729012e+00,4.600819949714072266e+00,8.214526990020981856e+00,3.934762580588269110e+00,5.466070299078320538e-01,2.264198951331295362e+01,3.585745466790771108e+00,7.475350239914499983e-01,2.223719932421772683e+01,1.870372664360676895e-02,-2.115292437153631216e-02,-2.477082011178485463e-03,-4.733189228248682601e-03,1.852032027289994900e-04,4.575687183002175029e-02,-6.108168706805650007e-04,-4.327918704548036010e-06,-6.076554785533826262e-05,1.462148030307781621e-01,1.363014378508142777e-01,2.348831942460464006e+00,7.256262007911680190e-01,8.276094731603247379e-01,6.452020389371118103e-01,7.445399857796994869e-01,7.706044147859684168e-01,6.543761538437997682e-03,-5.147925735906427880e-02,1.994117737054039718e-01
2.739999999999781721e+00,8.500000000000000000e+01,2.068437657945986885e+00,-6.512650937915995773e-03,1.517000462699601542e+02,nan,nan,nan,8.534967265316301122e-01,8.980263530925927107e-01,6.485102649925503782e-01,6.993601924914549794e-01,2.341203409752693476e-01,-1.397199717630361215e+00,-2.833549735393310787e+00,-1.210413885842435455e+01,5.710696566009920261e+00,1.095890668037379534e+01,3.947664455935909533e+00,6.548311598851710436e-01,2.476150152701450224e+01,3.592422687664583503e+00,8.572890245782054386e-01,2.436686429228787176e+01,1.791715356650153135e-02,-2.132622699136913283e-02,-2.719489014272725644e-03,-3.737110903548292260e-03,1.982243251976824674e-04,4.490074655028080536e-02,-5.820540191767778222e-04,-3.728110616980638320e-06,-4.625356269462514675e-05,1.469852046057766870e-01,1.349165930384426115e-01,2.580003116339103286e+00,7.338729565217625428e-01,8.321508700518233104e-01,6.454153964096240870e-01,7.416262046948922659e-01,7.748483842770570451e-01,3.160150468971001381e-03,-4.768977702993359991e-02,2.018263110701087326e-01
2.750000000000000000e+00,8.500000000000000000e+01,2.274112126468853301e+00,-6.947777366322819281e-01,1.500665972100953809e+02,nan,nan,nan,8.591508993349029621e-01,9.032746566362017671e-01,6.551335115005855192e-01,6.988103476008923343e-01,2.508567957303496909e-01,-1.342433534909896808e+00,-2.720780707186190917e+00,-1.258684078971919540e+01,6.075248527379876862e+00,1.358709460418842774e+01,4.046849663635246230e+00,6.278426199451393463e-01,2.684416815853045080e+01,3.729598697892879677e+00,8.315942734432794081e-01,2.646544362081760582e+01,1.667345379965515240e-02,-2.145356098857862867e-02,-2.489663765461665873e-03,-3.991148868921680186e-03,1.910834550071938013e-04,4.297322015699973907e-02,-5.385329571155017493e-04,-4.293671273305829238e-06,-4.753440193486684816e-05,1.515024262651964992e-01,1.335452305566857123e-01,2.803428672154398171e+00,7.419525087628185966e-01,8.367378574846177086e-01,6.460421469516498538e-01,7.388648809824448493e-01,7.790923537681456734e-01,-2.234606004959949210e-04,-4.390029670080280999e-02,2.042408484348133269e-01
2.760000000000218279e+00,8.500000000000000000e+01,2.340037677843928687e+00,-1.319490267183387022e+00,1.486663929732156930e+02,nan,nan,nan,8.648050721381757011e-01,9.085229601798108234e-01,6.617567580086206602e-01,6.982605027103298001e-01,2.817193100202852740e-01,-1.260325172739078292e+00,-2.595778269307423614e+00,-1.165941313163901505e+01,5.929337572999717310e+00,1.440314388840166693e+01,4.236391965457849018e+00,5.816717526075414479e-01,2.886353277086260150e+01,3.964108265771427053e+00,7.865859451573592453e-01,2.850191419507127222e+01,1.538323332013427809e-02,-2.156257840850525978e-02,-2.199343219010611600e-03,-4.467002505280009104e-03,1.796002238851644782e-04,4.086007030540829421e-02,-4.937214510524638505e-04,-5.134131348207171026e-06,-5.109072416643818036e-05,1.595674141514479283e-01,1.321866820992979030e-01,3.019650953157627882e+00,7.498756409714896209e-01,8.413674951872456287e-01,6.470556295977692995e-01,7.362461822067595252e-01,7.833363232592341907e-01,-3.607071669962991223e-03,-4.011081637167213110e-02,2.066553857995180876e-01
2.770000000000436557e+00,8.500000000000000000e+01,2.386933832753522111e+00,-1.930418338280933455e+00,1.473206848401806894e+02,nan,nan,nan,8.704592449414485511e-01,9.137712637234198798e-01,6.683800045166558013e-01,6.977106578197671549e-01,2.592853349621476733e-01,-1.261354392181029072e+00,-2.447918609098805653e+00,-1.123391424451131471e+01,5.808157708537958541e+00,1.423705726009934835e+01,4.522798371289635355e+00,6.308667726080361415e-01,3.078533734940480215e+01,4.274178576923747919e+00,8.370548345400947721e-01,3.044693747388722471e+01,1.406181661648097866e-02,-2.169322612963284561e-02,-2.223298357482349566e-03,-4.096944225229042814e-03,1.771448818329416665e-04,3.839879677249692647e-02,-4.481729421510306311e-04,-4.992387656394651238e-06,-4.489834789449947960e-05,1.709964131770735918e-01,1.308401604292596110e-01,3.229170267887672807e+00,7.576524411472657095e-01,8.460370325152164472e-01,6.484309028286044940e-01,7.337609100556546915e-01,7.875802927503228190e-01,-6.990682739429987524e-03,-3.632133604254134118e-02,2.090699231642226819e-01
2.779999999999745341e+00,8.500000000000000000e+01,2.448848008935972764e+00,-2.540559758284056890e+00,1.459832390333307899e+02,nan,nan,nan,8.761134177442071458e-01,9.190195672665516513e-01,6.750032510240886463e-01,6.971608129292545808e-01,2.140426238606569775e-01,-1.297963124976453164e+00,-2.290276984702436014e+00,-1.117447617509705715e+01,5.944317240610883069e+00,1.348206216703676041e+01,4.898459786975257302e+00,7.115724942121230967e-01,3.263315373086140880e+01,4.663388896094523339e+00,9.190760312642485275e-01,3.232036960909242396e+01,1.277196240862782557e-02,-2.183231203549257371e-02,-2.366945194200911502e-03,-3.369944240224951627e-03,1.782606469562445352e-04,3.579787785509569442e-02,-4.039453341374701434e-04,-4.326204575368081078e-06,-3.529977629130546385e-05,1.856194635619969890e-01,1.295047892960828895e-01,3.432448732763528909e+00,7.652923466841013989e-01,8.507438962213647038e-01,6.501446336785209335e-01,7.314004594438375806e-01,7.918242622410256448e-01,-1.037429380858928551e-02,-3.253185571375522001e-02,2.114844605287078405e-01
2.789999999999963620e+00,8.500000000000000000e+01,2.525819951496917515e+00,-3.149982787195806377e+00,1.446553115377255097e+02,nan,nan,nan,8.817675905474799958e-01,9.242678708101607077e-01,6.816264975321237873e-01,6.966109680386920466e-01,-1.585771649722759746e-01,-9.727702307105858814e-01,-2.253853472368704924e+00,-1.101950029259035624e+01,6.201236466251798696e+00,1.330376054738626124e+01,5.539889541542478035e+00,1.251350380500778181e+00,3.419254941904869582e+01,5.173514877992505312e+00,1.462587145448854375e+00,3.390234191067696656e+01,1.191018201526503582e-02,-2.218835164822768186e-02,-4.135085016566216430e-03,2.487506438158999106e-03,1.369685993568593707e-04,3.509539824526039520e-02,-3.735534578037446674e-04,3.346269413185395132e-06,2.483830369690793178e-05,2.032790723617550199e-01,1.281796285162510041e-01,3.629913709430391933e+00,7.728041863300282310e-01,8.554856790150549006e-01,6.521749939952639075e-01,7.291567802539030696e-01,7.960682317321140511e-01,-1.375790487805622631e-02,-2.874237538462448560e-02,2.138989978934123792e-01
2.800000000000181899e+00,8.500000000000000000e+01,2.617899483600140353e+00,-3.758755293636398598e+00,1.433380995745058897e+02,nan,nan,nan,8.874217633507527347e-01,9.295161743537697641e-01,6.882497440401589284e-01,6.960611231481294015e-01,-6.782106567569831101e-01,-4.851047610952355926e-01,-2.271864814316684633e+00,-1.081383638151888427e+01,6.821426116949965035e+00,1.460110396380258102e+01,6.338515752329490383e+00,2.012798608511052745e+00,3.586378774478047404e+01,5.778541267153554095e+00,2.226514589200363492e+00,3.559287992414090240e+01,1.118363690221371894e-02,-2.239835583238539152e-02,-6.413905729287714547e-03,1.059871039650372819e-02,7.667599167622283552e-05,3.523786559399987722e-02,-3.475742221147829630e-04,1.487257752259422507e-05,1.005842345223463379e-04,2.238290380853930062e-01,1.268636949001236414e-01,3.821960883683370724e+00,7.801962194404654660e-01,8.602601288590514539e-01,6.545015633898899621e-01,7.270223415447919502e-01,8.003122012232026794e-01,-1.714151594752327812e-02,-2.495289505549375120e-02,2.163135352581170845e-01
2.810000000000400178e+00,8.500000000000000000e+01,2.231998842954510121e+00,-3.993041253599990625e+00,1.423729490933003490e+02,nan,nan,nan,8.902692987099145583e-01,9.309884678222926091e-01,6.917557785626298195e-01,6.960180752582665331e-01,-1.087482211243269159e+00,-2.224449560842196583e-01,-1.965102365067070034e+00,-1.055830481336072424e+01,8.109900137200993342e+00,1.633985879369785721e+01,7.018012720554653860e+00,2.393659980822035127e+00,3.756662355053237690e+01,6.344877457274634480e+00,2.605268049670392827e+00,3.735497015044193603e+01,9.114292281235329696e-03,-2.215231482448595801e-02,-7.921375383939849996e-03,1.693266719522144512e-02,4.084987026960396121e-05,3.036689452132579001e-02,-2.806040437924099099e-04,2.467297960236052289e-05,1.524925782443051431e-04,2.439160580385072441e-01,1.255614644757755971e-01,4.004340403691145411e+00,7.872951641894060382e-01,8.648216126824965766e-01,6.569042000466608355e-01,7.250227829350913700e-01,8.022579050882758800e-01,-1.822843620837066858e-02,-2.249073290400738223e-02,2.167419563556554074e-01
2.819999999999708962e+00,8.500000000000000000e+01,1.707151832012897552e+00,-4.126500319696076780e+00,1.415132137393835308e+02,nan,nan,nan,8.915544842090451505e-01,9.303587980236808219e-01,6.935265780195098984e-01,6.962571422616714578e-01,-1.404393555141536742e+00,-1.480889365025996329e-01,-1.386541717384236483e+00,-1.048005187112118719e+01,9.562126373545273950e+00,1.731262448921976116e+01,7.551714811246133863e+00,2.260653433974869397e+00,3.909317672402652732e+01,6.826958903915498311e+00,2.468419395347401402e+00,3.897437654560538078e+01,6.137441992894531774e-03,-2.174495811912546470e-02,-8.854500062052296852e-03,2.179205512566851494e-02,2.635649891712345185e-05,2.135256688567732999e-02,-1.872002446642867925e-04,3.283324088778340292e-05,1.861037242278155393e-04,2.618145429434740601e-01,1.242748238858934484e-01,4.175000042581105575e+00,7.940191620760259639e-01,8.690483033576912320e-01,6.592660876174415430e-01,7.231676000405653504e-01,8.029242506284768321e-01,-1.803687478623705598e-02,-2.076743902839861544e-02,2.160647809757723081e-01
2.829999999999927240e+00,8.500000000000000000e+01,1.184619251238926863e+00,-4.268386420587257035e+00,1.406602330724059016e+02,nan,nan,nan,8.928396697082925382e-01,9.297291282250118583e-01,6.952973774765509596e-01,6.964962092650982539e-01,-1.381218904340499209e+00,-2.172867741600181257e-01,-1.203109398880549241e+00,-1.040170158277551771e+01,1.003291505659049854e+01,1.732193020741271638e+01,7.926985817477502749e+00,2.067114168788994011e+00,4.050894986986393320e+01,7.238292019904287500e+00,2.268891658273239909e+00,4.041182970261692731e+01,5.154736541364899130e-03,-2.112598110903737489e-02,-8.271459485465598380e-03,2.136295513487255701e-02,3.210589446119944880e-05,1.846801940782603207e-02,-1.557847304101080588e-04,3.315924257750562092e-05,1.728585530046400365e-04,2.776938228556382615e-01,1.230025664739952118e-01,4.334566023181995575e+00,8.003923945539369589e-01,8.729617927041530834e-01,6.615898541336552308e-01,7.214474816360555431e-01,8.035905961687384025e-01,-1.784531336408601288e-02,-1.904414515263330721e-02,2.153876055958275360e-01
2.840000000000145519e+00,8.500000000000000000e+01,6.643330587785108987e-01,-4.418705027216232040e+00,1.398145358959645819e+02,nan,nan,nan,8.941248552075399258e-01,9.290994584263428946e-01,6.970681769335920208e-01,6.967352762685249390e-01,-1.269918217635954250e+00,-3.236835337778773969e-01,-1.122066163926769500e+00,-9.880682911340718633e+00,9.935863046160735124e+00,1.678814924441469003e+01,8.228496523744810887e+00,1.905999519672640474e+00,4.183257418316527776e+01,7.598082505653758645e+00,2.101426589070646056e+00,4.173938385515646132e+01,4.690302529771448424e-03,-2.047210609760861250e-02,-7.371653690979702855e-03,1.958123627213216936e-02,4.300889827690982444e-05,1.717150894845178785e-02,-1.404725126146373626e-04,3.121231954770584696e-05,1.499784008893808207e-04,2.917094752452694673e-01,1.217435944988138341e-01,4.483639887072429886e+00,8.064374835418930410e-01,8.765822800198643794e-01,6.638779581370446436e-01,7.198537170053855849e-01,8.042569417089999728e-01,-1.765375194193502528e-02,-1.732085127686794346e-02,2.147104302158829303e-01
2.850000000000363798e+00,8.500000000000000000e+01,1.462242079606568546e-01,-4.577462222110174395e+00,1.389766294443596166e+02,nan,nan,nan,8.954100407067873135e-01,9.284697886276739309e-01,6.988389763906330820e-01,6.969743432719516241e-01,-1.242475510463067589e+00,-3.522019521696508892e-01,-1.113180385107653159e+00,-9.324078292338386476e+00,1.029855072816409134e+01,1.692923794598785747e+01,8.529921918041930340e+00,1.871917886975250189e+00,4.312254081009750450e+01,7.917480951925380595e+00,2.062031907716155743e+00,4.302630586912387400e+01,4.473505411336896852e-03,-1.991970420991642093e-02,-6.849253961999996615e-03,1.910237357666032601e-02,4.519192658775503170e-05,1.698581288089978311e-02,-1.327874203537166117e-04,3.118187341447350910e-05,1.383448749712563527e-04,3.040045347959869915e-01,1.204969070830186340e-01,4.622798144136613274e+00,8.121755920029037901e-01,8.799286618891799527e-01,6.661326996105831899e-01,7.183781572127280191e-01,8.049232872492615432e-01,-1.746219051978403769e-02,-1.559755740110257971e-02,2.140332548359383247e-01
2.859999999999672582e+00,8.500000000000000000e+01,-5.093412415860771869e-01,-4.666510196547848821e+00,1.385375369131192258e+02,nan,nan,nan,8.966952262059179057e-01,9.278401188290622548e-01,7.006097758475131609e-01,6.972134102753566598e-01,-1.259909824563934189e+00,-3.390433829269759447e-01,-1.142910033371183243e+00,-8.030853785798976574e+00,9.844684117155697578e+00,1.883758034464790043e+01,8.812871494411744777e+00,1.901990678421071390e+00,4.435151961264838150e+01,8.197457674398355820e+00,2.087510570842904478e+00,4.424842130997472367e+01,4.368485145209689835e-03,-1.943869009738616316e-02,-6.515336528892192239e-03,1.931691942542194257e-02,4.266462813706456896e-05,1.739091568561068266e-02,-1.285177313185403153e-04,3.221154015847282822e-05,1.321185730856558327e-04,3.147105868560833852e-01,1.192615896405598425e-01,4.752592185982194906e+00,8.176265180366809604e-01,8.830186161987607640e-01,6.683562302043976056e-01,7.170131788716940235e-01,8.055896327894624953e-01,-1.727062909765042509e-02,-1.387426352549392394e-02,2.133560794560551699e-01
2.869999999999890861e+00,8.500000000000000000e+01,-1.209954173163665603e+00,-4.734670273754422176e+00,1.382308626810224439e+02,nan,nan,nan,8.979804117051652934e-01,9.272104490303932911e-01,7.023805753045542222e-01,6.974524772787833449e-01,-1.283619030004402140e+00,-2.859884384187171835e-01,-9.144477023109505165e-01,-4.819622590941516016e+00,7.727176608866932028e+00,2.105256766490642661e+01,9.044382744943147756e+00,1.719785994981537947e+00,4.549145558718954163e+01,8.446676469838228840e+00,1.901122992119142374e+00,4.541848357823770499e+01,3.347984061571958932e-03,-1.899558241744150194e-02,-6.213260005640738708e-03,1.962871934801296847e-02,3.499832946338962057e-05,1.387779765731710774e-02,-9.762817938022182521e-05,3.336380343585955514e-05,1.266072696997570910e-04,3.239487567022645842e-01,1.180368045949229810e-01,4.873548416162723385e+00,8.228087829038103207e-01,8.858686807350514281e-01,6.705505628022313536e-01,7.157516502510703482e-01,8.062559783297239546e-01,-1.707906767549943750e-02,-1.215096964972856020e-02,2.126789040761104532e-01
2.880000000000109139e+00,8.500000000000000000e+01,-1.910329728941195127e+00,-4.806950450723202373e+00,1.379285975575367900e+02,nan,nan,nan,8.992655972044126811e-01,9.265807792317243274e-01,7.041513747615952834e-01,6.976915442822101410e-01,-1.310827318154267118e+00,-2.106859824660021474e-01,-5.420091584527647610e-01,-5.919110498251715091e-01,5.775897663695957363e+00,2.089722882901906686e+01,9.233083499500420288e+00,1.407955450847544032e+00,4.655202133203140136e+01,8.661796861807538050e+00,1.585453198774775752e+00,4.652957657114735213e+01,1.928959928269116143e-03,-1.858609867569426324e-02,-5.929954692263155087e-03,1.999458816560052352e-02,2.502876769766666575e-05,8.204927668654755576e-03,-5.576703453287115410e-05,3.457488459252057623e-05,1.214306211669888389e-04,3.318306054190582888e-01,1.168217832246091353e-01,4.986168556928344486e+00,8.277397133729339496e-01,8.884943267127916045e-01,6.727175804708764861e-01,7.145868995664901302e-01,8.069223238699856360e-01,-1.688750625334839439e-02,-1.042767577396325196e-02,2.120017286961657921e-01
2.890000000000327418e+00,8.500000000000000000e+01,-2.610587821557322386e+00,-4.883352144648255511e+00,1.376308790455544795e+02,nan,nan,nan,9.005507827036601798e-01,9.259511094330553638e-01,7.059221742186363446e-01,6.979306112856368260e-01,-1.326958771716601149e+00,-5.414471862367152555e-02,-2.681781861669361167e-01,2.658297244099809831e+00,4.884730955504435812e+00,1.885945751341190402e+01,9.390634122968897657e+00,1.167278841261124800e+00,4.762365384066836071e+01,8.841190592614621480e+00,1.341200418872526834e+00,4.763726738083806111e+01,8.641441282475380899e-04,-1.819504483158390293e-02,-5.618634570434710707e-03,2.019226396197603898e-02,6.355726163088569279e-06,4.049874728014265374e-03,-2.474021369328715974e-05,3.546023515254859973e-05,1.152564254444845421e-04,3.384589419972640623e-01,1.156158184929362842e-01,5.090930098101850376e+00,8.324355187571443881e-01,8.909100275614370013e-01,6.748590448324698343e-01,7.135126853170753458e-01,8.075886694102472063e-01,-1.669594483119735129e-02,-8.704381898197832701e-03,2.113245533162211864e-01
2.899999999999636202e+00,8.500000000000000000e+01,-3.310848607551807543e+00,-4.963876889830034500e+00,1.373378396216198780e+02,nan,nan,nan,9.018359682027906610e-01,9.253214396344436876e-01,7.076929736755164235e-01,6.981696782890418618e-01,-1.332079652914136103e+00,1.831493781469956117e-01,-9.236490964663746084e-02,3.635000284635727663e+00,4.737591005406293299e+00,1.812831768950713140e+01,9.516786817266556397e+00,1.012904264795488229e+00,4.871014699051990959e+01,8.986047407706138301e+00,1.176949288750893441e+00,4.874462675787923160e+01,9.441100661718626521e-05,-1.713720903980166591e-02,-5.181358795378102414e-03,2.022385432162153787e-02,-2.115739368615758480e-05,1.391717897040980123e-03,-2.556116660330744187e-06,3.601217595671940981e-05,1.082722720582326005e-04,3.439285601965266226e-01,1.144182587375858762e-01,5.188286858766192111e+00,8.369113629820549294e-01,8.931293232753445555e-01,6.769766038968152433e-01,7.125231685351562927e-01,8.082550149504481585e-01,-1.650438340906379420e-02,-6.981088022589232445e-03,2.106473779363380316e-01
2.909999999999854481e+00,8.500000000000000000e+01,-3.988293485543063621e+00,-4.867073358862316290e+00,1.374161990654424983e+02,nan,nan,nan,9.028786501405480225e-01,9.216045268609381891e-01,7.088324110902655129e-01,7.073942233781944644e-01,-1.255854716167884355e+00,2.239664311811795649e-01,-2.761500462316222176e-02,2.968863519439081333e+00,5.159833885563414491e+00,1.921733334061457654e+01,9.366548031849465161e+00,9.628685478475608184e-01,4.947627010654704804e+01,8.873061913283503799e+00,1.108804029178247941e+00,4.951301489303972403e+01,-1.362418383194506947e-04,-1.524058752292247604e-02,-4.434462045767916492e-03,1.902197262818048837e-02,-2.578889020249366048e-05,4.152615516857935049e-04,3.992309918047761289e-06,3.422276507153632812e-05,9.599814866647801129e-05,3.396293685133576212e-01,1.133571758089025883e-01,5.267861423283029865e+00,8.411657922201911664e-01,8.949657750064179407e-01,6.790310809469723985e-01,7.121923873983763142e-01,8.101774528674865472e-01,-1.008203221623060752e-02,-8.643844504159559072e-03,2.041282712665131172e-01
2.920000000000072760e+00,8.500000000000000000e+01,-4.656154145029728575e+00,-4.697105285325852364e+00,1.376411744361695639e+02,nan,nan,nan,9.038699275541216549e-01,9.172331978999507252e-01,7.098380159741756179e-01,7.185234589499208679e-01,-1.167345512251898088e+00,2.351129177469340192e-01,2.036289954133964353e-02,2.185289597896910685e+00,5.489495581530291268e+00,2.089756338889408127e+01,8.926967757935642567e+00,9.343829083051148343e-01,5.003960645706949606e+01,8.473188853400225540e+00,1.061761826685109877e+00,5.007634129291054137e+01,-2.765459386598232111e-04,-1.330026565009492442e-02,-3.701468218310566966e-03,1.763844329285907397e-02,-2.697257805298693855e-05,-3.051952687242289255e-04,7.908062220736276931e-06,3.194335814739604013e-05,8.452356226683350592e-05,3.243492348061187691e-01,1.124504570294575789e-01,5.328457404015063403e+00,8.452097709588617391e-01,8.964018682443978259e-01,6.810179130688117644e-01,7.126006972907159565e-01,8.123661500945422720e-01,-2.338913685041910107e-03,-1.102435666078716014e-02,1.963708252649878916e-01
2.930000000000291038e+00,8.500000000000000000e+01,-5.323486084369652538e+00,-4.524861587472743807e+00,1.378670955292507472e+02,nan,nan,nan,9.048612049676952873e-01,9.128618689389632612e-01,7.108436208580857230e-01,7.296526945216471605e-01,-1.156550016626812782e+00,2.951347835448118184e-01,3.202128904537759890e-01,2.322836594905385521e+00,5.573253712147405281e+00,2.225379658884485323e+01,8.227692945439155636e+00,7.163674682341895084e-01,5.044403834296319644e+01,7.799603330829126158e+00,8.270421056569193796e-01,5.051835759425263461e+01,-1.075207023313195023e-03,-1.154968342979681949e-02,-3.225394079222903762e-03,1.743145890676126714e-02,-3.375540359584941312e-05,-4.789539185474082049e-03,3.021569414748013837e-05,3.166905955949175609e-05,7.994469084059499520e-05,2.987803410840069174e-01,1.116883459804285383e-01,5.371230390548111799e+00,8.490568717852788883e-01,8.974634233155720509e-01,6.829414628877079618e-01,7.137004320033711879e-01,8.145548473215977747e-01,5.404204846146731800e-03,-1.340486881741470571e-02,1.886133792634628326e-01
2.939999999999599822e+00,8.500000000000000000e+01,-5.990390904268293681e+00,-4.350342363452380567e+00,1.380938786143099151e+02,nan,nan,nan,9.058524823811787696e-01,9.084905399783733682e-01,7.118492257419043456e-01,7.407819300923612627e-01,-1.197240660224499154e+00,3.875370959148587424e-01,7.869307558694537130e-01,3.423179179314373322e+00,5.595669670494252124e+00,2.182556277660710009e+01,7.279402191351302065e+00,3.503156404561190151e-01,5.070144431558178866e+01,6.866198230822142534e+00,4.458326312866302543e-01,5.083795188659981079e+01,-2.244312954802959829e-03,-9.957484679325601801e-03,-2.914095322773846940e-03,1.799804300338773630e-02,-4.489090045065144592e-05,-1.174033279538727256e-02,6.294260840832982811e-05,3.269948001258313474e-05,7.965782002735400367e-05,2.635549742262008333e-01,1.110625265603363832e-01,5.397247097937153626e+00,8.527197919495785872e-01,8.981745953155642059e-01,6.848058116701660758e-01,7.154469994649906850e-01,8.167435445484543255e-01,1.314732337663115924e-02,-1.578538097382575778e-02,1.808559332626432647e-01
2.949999999999818101e+00,8.500000000000000000e+01,-6.656970268657448564e+00,-4.173547607363921053e+00,1.383214393001682936e+02,nan,nan,nan,9.068437597947522910e-01,9.041192110173860152e-01,7.128548306258144507e-01,7.519111656640875552e-01,-1.085433938787214947e+00,4.727408949393993032e-01,1.003121256917086423e+00,4.428542854240657078e+00,5.473285885509575621e+00,2.028675550479140099e+01,6.053291124118825195e+00,2.648508606771006746e-01,5.080381994357761499e+01,5.698210748693287364e+00,3.448265892946179578e-01,5.096434824506710015e+01,-2.759672526989815407e-03,-8.321089341047445756e-03,-2.283048503128618390e-03,1.627385800284934098e-02,-5.593426555044250581e-05,-1.492649132713787068e-02,7.762535246772628685e-05,2.948142351067064963e-05,7.010131333512401302e-05,2.192516243002998744e-01,1.105659107803903529e-01,5.407493342816751536e+00,8.562104098179655898e-01,8.985579815050031005e-01,6.866147774695211536e-01,7.177986834814786832e-01,8.189322417755100503e-01,2.089044190781969013e-02,-1.816589313045341436e-02,1.730984872611180947e-01
2.960000000000036380e+00,8.500000000000000000e+01,-7.259991204591518255e+00,-3.841125396835655792e+00,1.389934043626706739e+02,nan,nan,nan,9.078350372083259234e-01,8.997478820563985513e-01,7.138604355097245557e-01,7.630404012358138477e-01,-8.578322441605887860e-01,5.524786869899322994e-01,1.029080212404879680e+00,4.657693172702028761e+00,4.988963960852084156e+00,1.970918191398318342e+01,4.574927352480452569e+00,4.121310515222156856e-01,5.074083509758948196e+01,4.311597258755811346e+00,4.764531534299879523e-01,5.089688621926781309e+01,-2.826550803432798745e-03,-6.670228864768640645e-03,-1.443563828472020508e-03,1.282639835658051092e-02,-6.655666317870269951e-05,-1.527207912461073930e-02,7.993456666584021183e-05,2.310541197327787934e-05,5.422823251959299273e-05,1.664003891663631829e-01,1.101924563043524402e-01,5.402881195720725671e+00,8.595398376849892053e-01,8.986347217790751074e-01,6.883719321013314074e-01,7.207164582618044157e-01,8.211209390025657751e-01,2.863356043900833203e-02,-2.054640528708095992e-02,1.653410412595929246e-01
2.970000000000254659e+00,8.500000000000000000e+01,-7.827990747927351833e+00,-3.427972364585952558e+00,1.398810919408402071e+02,nan,nan,nan,9.088263146218995558e-01,8.953765530954110874e-01,7.148660403936346608e-01,7.741696368075401402e-01,-8.365543489942741662e-01,5.424067070745791641e-01,1.277112959167385098e+00,4.589687371704031627e+00,3.710609852946397336e+00,1.979387044868434842e+01,2.954580279399442233e+00,3.009262156219211226e-01,5.052301361069967101e+01,2.712517885545742580e+00,3.522187350502220538e-01,5.070994296631096176e+01,-3.301880172577257699e-03,-5.307383535124396770e-03,-1.109609555978718042e-03,1.247346442273374219e-02,-6.860717321837649367e-05,-1.890082239518973972e-02,9.411020555268116402e-05,2.228556547046047593e-05,5.218055386514856072e-05,1.054877689750054470e-01,1.099370097349663677e-01,5.384255403233712656e+00,8.627184711798202565e-01,8.984245926573900531e-01,6.900806170240009196e-01,7.241638149058622353e-01,8.233096362296213888e-01,3.637667897019697394e-02,-2.292691744370850548e-02,1.575835952580678656e-01
2.979999999999563443e+00,8.500000000000000000e+01,-8.390609161866585453e+00,-3.006700604358948148e+00,1.407715823670259851e+02,nan,nan,nan,9.098175920353830382e-01,8.910052241348211943e-01,7.158716452774532835e-01,7.852988723782542424e-01,-8.585580250970434868e-01,5.134948838846910002e-01,1.571731231419968289e+00,4.382971928290436914e+00,2.501771191946677853e+00,1.990809363581634628e+01,1.150880157959923933e+00,1.269885537247873730e-01,5.017844736218656010e+01,9.151332568966216163e-01,1.664378825632061021e-01,5.040359848817193011e+01,-3.852342641752247183e-03,-4.069851964642058270e-03,-8.968623655013313557e-04,1.276533053364988825e-02,-7.027367502948209577e-05,-2.319552798737477620e-02,1.109613443189707795e-04,2.256469629989295690e-05,5.324058901508338306e-05,3.696092385017690773e-02,1.097951721711559470e-01,5.352399162401816568e+00,8.657560354861557617e-01,8.979460952122080286e-01,6.917439581952008476e-01,7.281065990825220657e-01,8.254983334564779396e-01,4.411979750068140138e-02,-2.530742960011955756e-02,1.498261492572482978e-01
2.989999999999781721e+00,8.500000000000000000e+01,-8.947981688440826531e+00,-2.577297402926824521e+00,1.416643230842376511e+02,nan,nan,nan,9.108088694489566706e-01,8.866338951738338414e-01,7.168772501613633885e-01,7.964281079499805349e-01,-9.019200410476855279e-01,4.934849738464375801e-01,1.868293207957086866e+00,4.270350818928149828e+00,1.987052201806831064e+00,2.027079130498302817e+01,-8.330849831094726543e-01,-8.267571172737678276e-02,4.972670389312897754e+01,-1.070450395328776283e+00,-5.410594656794796148e-02,4.999073514315454503e+01,-4.414405603153317807e-03,-2.930580878573281305e-03,-7.529587245505629627e-04,1.337157218866860155e-02,-7.474567421636323019e-05,-2.749336624992955447e-02,1.287362222822515875e-04,2.333034029135592049e-05,5.598511308136508630e-05,-3.876854101125937202e-02,1.097631840155930960e-01,5.308039319974367842e+00,8.686616285812867044e-01,8.972165373258078613e-01,6.933648799701792598e-01,7.325128591765734942e-01,8.276870306835336644e-01,5.186291603186998778e-02,-2.768794175674715863e-02,1.420687032557233498e-01
3.000000000000000000e+00,8.500000000000000000e+01,-9.500244770949006323e+00,-2.139747552235944372e+00,1.425587546072870282e+02,nan,nan,nan,9.118001468625301920e-01,8.822625662128463775e-01,7.178828550452734936e-01,8.075573435217068274e-01,-9.548868076822630835e-01,4.774782146651213033e-01,2.165729259676715923e+00,4.952555677588073912e+00,1.424740495602995649e+00,1.980370166944856436e+01,-2.991856812201763915e+00,-3.279523171211133903e-01,4.916880169758923813e+01,-3.234113217911143145e+00,-3.046967030064202109e-01,4.947119406667853525e+01,-4.990161023362765617e-03,-2.369943330923880102e-03,-5.675795934508710405e-04,1.411576853676876735e-02,-8.163843638161932315e-05,-3.177822900997703121e-02,1.475133522749722090e-04,2.425508742727778985e-05,5.969226191381467588e-05,-1.213212064918514077e-01,1.098378264088744616e-01,5.251851060437477514e+00,8.714437616865127190e-01,8.962521106429829354e-01,6.949461181036916679e-01,7.373527042287386646e-01,8.298757279105891671e-01,5.960603456305857417e-02,-3.006845391337475970e-02,1.343112572541981797e-01
3.010000000000218279e+00,8.500000000000000000e+01,-9.955499132879337409e+00,-1.609953651191973201e+00,1.437221163982184464e+02,nan,nan,nan,9.083075960811789473e-01,8.760560198218320105e-01,7.242671534874103312e-01,8.164860466226849800e-01,-8.506475488731229939e-01,5.032525638824733027e-01,2.254319298497903912e+00,5.917071440722198261e+00,6.713668335421298927e-01,1.811959772840470961e+01,-5.183942766759554566e+00,-2.285079931193254310e-01,4.842042484655681278e+01,-5.380754011434740747e+00,-2.052483581069199092e-01,4.872847782323948707e+01,-5.158913582257605192e-03,-2.357549342672111622e-03,3.925339378246859960e-05,1.253822851588214451e-02,-9.132784841845804837e-05,-3.298323467635048967e-02,1.542503987511312984e-04,2.113082621731578818e-05,5.348780060565337170e-05,-2.032503239167794962e-01,1.099171555342617485e-01,5.174392657302758991e+00,8.738212215099199209e-01,8.949496038553517163e-01,6.968371200775822505e-01,7.424562520642494778e-01,8.312792040032765950e-01,6.223523469731079283e-02,-2.998365843796385599e-02,1.218052078964578233e-01
3.020000000000436557e+00,8.500000000000000000e+01,-1.035012895998335658e+01,-1.024901750801636702e+00,1.450418856905999121e+02,nan,nan,nan,9.033796283532324889e-01,8.692619615804018096e-01,7.323733439263814260e-01,8.247102888338323501e-01,-6.659275519009013600e-01,5.504165159201090951e-01,2.235991798802092756e+00,5.831006379814137830e+00,-1.800897197296454089e-02,1.710575828929789921e+01,-7.326112043517902350e+00,5.246486080077906317e-02,4.744925892205871776e+01,-7.452230116209132227e+00,7.654111006831156028e-02,4.774677844482758360e+01,-5.113652367077733442e-03,-2.427597428407534362e-03,8.141823373868748315e-04,9.786959117706025071e-03,-1.014858788227395239e-04,-3.262200725867464568e-02,1.542565411985407026e-04,1.610205847639173082e-05,4.197727467945642767e-05,-2.823122534647266590e-01,1.099724779687325377e-01,5.073646165020898380e+00,8.757275322849071841e-01,8.932929303576109259e-01,6.991289582941826453e-01,7.477610628888400335e-01,8.324313056734620186e-01,6.322730584014080168e-02,-2.910963906731012241e-02,1.077789785867103167e-01
3.029999999999745341e+00,8.500000000000000000e+01,-1.073446103284698339e+01,-4.312362658538829163e-01,1.463693902214401135e+02,nan,nan,nan,8.984516606257342275e-01,8.624679033395894479e-01,7.404795343646152217e-01,8.329345310442317629e-01,-5.999559399855706188e-01,5.948948288480443436e-01,2.393577991871612021e+00,4.393778371622033774e+00,-6.181315726844052172e-01,1.721995329240881389e+01,-9.366420941329515415e+00,8.587564178109832747e-02,4.627820155496296195e+01,-9.458863330859927032e+00,1.116416140641399574e-01,4.659165724625420069e+01,-5.417977770530216924e-03,-2.589025182249858007e-03,1.316062802572333683e-03,8.791796139433165694e-03,-1.143773386064412048e-04,-3.482118847738682049e-02,1.647029292963935767e-04,1.405483701617895700e-05,3.779001612244925750e-05,-3.586600795728792646e-01,1.100083581299095836e-01,4.950951398130417402e+00,8.771930798341355251e-01,8.913049314287369018e-01,7.017957816156442652e-01,7.532541566454947768e-01,8.335834073435426372e-01,6.421937698288066043e-02,-2.823561969673588079e-02,9.375274927823828985e-02
3.039999999999963620e+00,8.500000000000000000e+01,-1.110863168059423067e+01,1.711031513813239535e-01,1.477032697586595020e+02,nan,nan,nan,8.935236928977877691e-01,8.556738450981591360e-01,7.485857248035863165e-01,8.411587732553791330e-01,-6.405221980746889088e-01,6.369636583179074663e-01,2.708989237703641528e+00,3.120118691025419722e+00,-9.382471096692072132e-01,1.648136350692553620e+01,-1.131317786574753903e+01,-1.126277614303158175e-01,4.492748269709522901e+01,-1.140511779932942460e+01,-8.444658347423723843e-02,4.528038170639180038e+01,-6.024210380265560688e-03,-2.825147790880251988e-03,1.577644189553994904e-03,9.359143522595111606e-03,-1.307575622878250879e-04,-3.929648916367607658e-02,1.843550845018832257e-04,1.446829690188876850e-05,4.018758845990098573e-05,-4.324373180544395234e-01,1.100288825147813232e-01,4.807571693820204217e+00,8.782462903068924964e-01,8.890069752446791984e-01,7.048134061220339142e-01,7.589233904003058750e-01,8.347355090137280609e-01,6.521144812571072480e-02,-2.736160032608209169e-02,7.972651996849078326e-02
3.050000000000181899e+00,8.500000000000000000e+01,-1.144939249488357191e+01,7.891411033337647485e-01,1.490916341341110467e+02,nan,nan,nan,8.885957251698413106e-01,8.488797868567289351e-01,7.566919152425574113e-01,8.493830154665266141e-01,-6.416100150448387218e-01,6.052239570893358511e-01,2.868628801088088931e+00,4.123315107494152976e+00,-2.336601697877111583e+00,1.413881419538085460e+01,-1.318318824790969934e+01,-1.835268860460334273e-01,4.337227397861131806e+01,-1.326954339273925854e+01,-1.535072155216110623e-01,4.374272193281533561e+01,-6.234492108994541155e-03,-3.011198507964142623e-03,1.900246236007797473e-03,9.348158220608450419e-03,-1.360382848259645183e-04,-4.149256163469511316e-02,1.918468758879739861e-04,1.390533890062797557e-05,3.997555649137485485e-05,-5.037785830264895903e-01,1.100377133613953118e-01,4.644697621807079457e+00,8.789137565644229433e-01,8.864190518833360288e-01,7.081592075872812364e-01,7.647574043537358479e-01,8.358876106839135955e-01,6.620351926854078917e-02,-2.648758095542841362e-02,6.570029065874316565e-02
3.060000000000400178e+00,8.500000000000000000e+01,-1.162629195717328123e+01,1.459242235536789556e+00,1.508131450887381106e+02,nan,nan,nan,8.836677574418948522e-01,8.420857286152986232e-01,7.647981056815285061e-01,8.576072576776739842e-01,-6.314327755500505068e-01,5.524232098228427645e-01,2.983819375387016137e+00,7.383276120461809811e+00,-5.669165853316951775e+00,1.094803934766557951e+01,-1.498800346029991104e+01,-2.136755141065069807e-01,4.163885412733577596e+01,-1.506747457625353093e+01,-1.820740865059007341e-01,4.202070582732167736e+01,-6.327244190837529904e-03,-3.173427241928180979e-03,2.226505471459733383e-03,9.173763216135805143e-03,-1.380633802111010566e-04,-4.303536164449740797e-02,1.954862476294981022e-04,1.306178001607709478e-05,3.895034479592211774e-05,-5.728101989453167064e-01,1.100381360034763528e-01,4.463450606411928590e+00,8.792203564141733985e-01,8.835598622022123871e-01,7.118120208898661705e-01,7.707455713339687042e-01,8.370397123540990192e-01,6.719559041137085353e-02,-2.561356158477462452e-02,5.167406134899549253e-02
3.069999999999708962e+00,8.500000000000000000e+01,-1.178879042925227338e+01,2.135074415654574675e+00,1.525518602189718251e+02,nan,nan,nan,8.787397897143965908e-01,8.352916703744862614e-01,7.729042961197623018e-01,8.658314998880733970e-01,-5.106622071912869654e-01,5.027717996473203277e-01,3.090165911026070411e+00,9.703153328778951092e+00,-8.360498328951109670e+00,8.183729127058329667e+00,-1.677636299400202802e+01,-1.359729872124289946e-02,3.971374597551991315e+01,-1.680773714985204847e+01,1.870599123219451182e-02,4.010395114811384332e+01,-6.395451460824843476e-03,-3.241464114648047457e-03,2.750459131509500575e-03,7.398356294670786065e-03,-1.402488700791633565e-04,-4.444335187671316634e-02,1.980390107721285292e-04,1.002659686786409349e-05,3.109540101274817437e-05,-6.396507631365312418e-01,1.100331006797362898e-01,4.264886447676623504e+00,8.791893632188113594e-01,8.804469009841700000e-01,7.157520459107203914e-01,7.768779495474911201e-01,8.381918140241795268e-01,6.818766155411071228e-02,-2.473954221420038291e-02,3.764783204052357668e-02
3.079999999999927240e+00,8.500000000000000000e+01,-1.193693696457748743e+01,2.816738118277254621e+00,1.543049176598461543e+02,nan,nan,nan,8.738118219864501324e-01,8.284976121330560606e-01,7.810104865587333967e-01,8.740557420992207671e-01,-3.274666184110018863e-01,4.548980503253243768e-01,3.191520379803615359e+00,8.791035218816896091e+00,-9.113524661294096774e+00,7.179573793562926909e+00,-1.853281101458097169e+01,3.357617522150693756e-01,3.762762453833445875e+01,-1.849322244415529681e+01,3.683259938109449405e-01,3.802458342125137847e+01,-6.446251238707807057e-03,-3.262484217717978585e-03,3.370836009763776911e-03,4.731168368038586591e-03,-1.425051974971948865e-04,-4.577334626862510775e-02,1.997066419918893526e-04,6.065953300321618018e-06,1.962634134940856930e-05,-7.044116636078359139e-01,1.100252594661913774e-01,4.049998731528674512e+00,8.788425493716196524e-01,8.770965347206983731e-01,7.199607595002459615e-01,7.831452383771241310e-01,8.393439156943651724e-01,6.917973269694072114e-02,-2.386552284354664932e-02,2.362160273077601458e-02
3.090000000000145519e+00,8.500000000000000000e+01,-1.207076989408357548e+01,3.504338936710882813e+00,1.560693015153256056e+02,nan,nan,nan,8.688838542585036739e-01,8.217035538916257487e-01,7.891166769977044915e-01,8.822799843103681372e-01,-2.512026262236507490e-01,4.291838791969851408e-01,3.351502585041027604e+00,6.664085373514856414e+00,-9.386668582991349652e+00,7.574000002398442177e+00,-2.020551662304652041e+01,4.712536178152641475e-01,3.542862040195839768e+01,-2.013263958004085552e+01,5.015920435439712444e-01,3.584233239936346394e+01,-6.613667310846267286e-03,-3.021987704421620277e-03,3.750457478109096594e-03,3.619487800044774144e-03,-1.489748183624468869e-04,-4.793682940719356383e-02,2.045829833285162157e-04,4.360693496444057595e-06,1.477553487890075170e-05,-7.671975563995221403e-01,1.100169989179684005e-01,3.819722121739802745e+00,8.782002830986238573e-01,8.735240743789457474e-01,7.244208331225617803e-01,7.895387370304836061e-01,8.404960173645505961e-01,7.017180383977078550e-02,-2.299150347289286023e-02,9.595373421028452476e-03
3.100000000000363798e+00,8.500000000000000000e+01,-1.216413416184566820e+01,4.173981998830961437e+00,1.578570310510539230e+02,nan,nan,nan,8.619587417219528591e-01,8.148884532734114172e-01,7.948809021732304858e-01,8.894996595446638121e-01,-2.821700588438221802e-01,4.256914200653835745e-01,3.570276914534882273e+00,6.259689373466057027e+00,-1.012007565211936999e+01,7.521430495473870437e+00,-2.177806796531664091e+01,3.789869411201025051e-01,3.312480798662235060e+01,-2.170896261409504646e+01,3.934229255082078991e-01,3.356559751755860077e+01,-6.913629670892783297e-03,-1.351421135092872004e-03,3.856958320012694903e-03,4.055357378353038021e-03,-1.599070426156802029e-04,-5.093588897921588754e-02,2.130490528623366184e-04,4.558677546684795373e-06,1.629438703409276322e-05,-8.273413942465117632e-01,1.100632780880342332e-01,3.575824173863878741e+00,8.771528171275085883e-01,8.697424863893060687e-01,7.289650154105198343e-01,7.959855183024439063e-01,8.403069391783146713e-01,7.084452290998738411e-02,-2.377423446144594221e-02,-3.766683361265010799e-03
3.109999999999672582e+00,8.500000000000000000e+01,-1.200066791839583402e+01,4.619245489912579217e+00,1.598029146008840371e+02,nan,nan,nan,8.479898287329488138e-01,8.079991375550953370e-01,7.923851674731708927e-01,8.931762920824425356e-01,-3.429626126173714318e-01,4.140886900586264741e-01,3.627910542509729108e+00,7.022891446683422245e+00,-1.047451058102593358e+01,6.092340375955563658e+00,-2.319322805768248230e+01,2.524098722831075170e-01,3.075776825820430460e+01,-2.314435728844541629e+01,2.407625279313333200e-01,3.120534207002812011e+01,-7.004348188004575967e-03,1.375559258893103726e-03,3.849007401659242968e-03,4.919316140892563208e-03,-1.649846511710715636e-04,-5.165567245728483470e-02,2.143506564297979755e-04,5.127955768989941304e-06,1.967822299415505625e-05,-8.823276304222045230e-01,1.103486843087037594e-01,3.322374659710813916e+00,8.752720080804554659e-01,8.657604716687432589e-01,7.330551722267935055e-01,8.022536443306260701e-01,8.353876064609143670e-01,7.039090789356255984e-02,-3.040021671570908302e-02,-1.478624663378469428e-02
3.119999999999890861e+00,8.500000000000000000e+01,-1.182915523365785759e+01,5.061585513771333034e+00,1.617695505362641768e+02,nan,nan,nan,8.340209157426743403e-01,8.011098218361527579e-01,7.898894327728843701e-01,8.968529246205556582e-01,-4.153883732298655485e-01,3.993225711051228144e-01,3.622691681140196795e+00,7.436999895545271855e+00,-9.854378566402465012e+00,4.477221673770407584e+00,-2.447690321894933163e+01,1.107110259434225669e-01,2.831837034020265875e+01,-2.445314975756874176e+01,7.465593096145269059e-02,2.876495578751081794e+01,-7.073119761904522219e-03,3.925060343628078430e-03,3.801138096193335328e-03,5.949516309663878920e-03,-1.674853746542895663e-04,-5.150654869764231814e-02,2.143654995205392154e-04,5.709610984225505973e-06,2.395041235110167177e-05,-9.325589323987180101e-01,1.108589245273042395e-01,3.060240277221121019e+00,8.726116007648528905e-01,8.615909563413743921e-01,7.367205850429094927e-01,8.083546371303627076e-01,8.304682737430667538e-01,6.993729287709643527e-02,-3.702619897057485288e-02,-2.580580990730646507e-02
3.130000000000109139e+00,8.500000000000000000e+01,-1.164955785743302741e+01,5.501022724428529465e+00,1.637526165123721000e+02,nan,nan,nan,8.200520027523999778e-01,7.942205061172102898e-01,7.873936980725977364e-01,9.005295571586688919e-01,-4.272946861320620071e-02,-4.440148950898620273e-02,3.467796768061413903e+00,7.758183228282997668e+00,-9.188978535798112190e+00,3.708371447699732038e+00,-2.570618026348396512e+01,1.033181416548725418e+00,2.571424914268875028e+01,-2.555139782320226161e+01,9.717866430769227515e-01,2.613236699798664375e+01,-6.738663793695308032e-03,6.525427820872844835e-03,4.598117840137694312e-03,6.114211324423680666e-04,-1.178259153432092738e-04,-4.924262460519036877e-02,2.024611372540410846e-04,5.355411194529511589e-07,2.501540953317476745e-06,-9.784280519685135680e-01,1.115799214710088832e-01,2.790250841969296403e+00,8.692218738235036879e-01,8.572460328866406964e-01,7.399886468800277450e-01,8.142992756274577415e-01,8.255489410252192517e-01,6.948367786063042173e-02,-4.365218122544073376e-02,-3.682537318082823585e-02
3.140000000000327418e+00,8.500000000000000000e+01,-1.146183598062960129e+01,5.937576820774362218e+00,1.657475611773744220e+02,nan,nan,nan,8.060830897621255042e-01,7.873311903982675997e-01,7.848979633723111027e-01,9.042061896967820145e-01,4.972342386070202069e-01,-6.493684087549707051e-01,3.256639475615315416e+00,7.964940921477323243e+00,-9.104181704222092719e+00,3.450373801880232350e+00,-2.686920317064056363e+01,2.226173527742719038e+00,2.335966554717539978e+01,-2.652312243188795549e+01,2.140397082108365989e+00,2.373855445445259704e+01,-6.323816796253403823e-03,9.006702217909808364e-03,5.775909415063862698e-03,-7.111543424820724289e-03,-4.807908284088225064e-05,-4.619964888636057809e-02,1.880386060285958142e-04,-5.625636635161026036e-06,-2.983208443391063662e-05,-1.020316017759130833e+00,1.124979029453020557e-01,2.513198374763316423e+00,8.651498632779477393e-01,8.527370139035259644e-01,7.428849841007844068e-01,8.200976435822917576e-01,8.206296083073716385e-01,6.903006284416440819e-02,-5.027816348030650362e-02,-4.784493645434995113e-02
3.149999999999636202e+00,8.500000000000000000e+01,-1.126594832150558467e+01,6.371266570312707600e+00,1.677496638862812688e+02,nan,nan,nan,7.921141767731214589e-01,7.804418746799516304e-01,7.824022286722515096e-01,9.078828222345607379e-01,5.569049112967162651e-01,-8.878179014188035678e-01,3.232501730135986406e+00,7.341193808019074396e+00,-9.300007251380566942e+00,2.683875698336559701e+00,-2.784965227137166721e+01,2.375803989519011949e+00,2.081757274098130495e+01,-2.747582758751202192e+01,2.269645493798370772e+00,2.119078093840020927e+01,-6.536051428979585548e-03,1.111048790269895600e-02,6.033200110613213749e-03,-7.964659956387939999e-03,-2.447844357038406887e-05,-4.584573013551509341e-02,1.914035845902994915e-04,-5.616239340668424713e-06,-3.451809262256400751e-05,-1.058590778340967153e+00,1.135994715164896918e-01,2.229836718085175917e+00,8.604395716549658735e-01,8.480744824074386568e-01,7.454335703464413099e-01,8.257591744231146391e-01,8.157102755899713342e-01,6.857644782773952841e-02,-5.690414573456969993e-02,-5.886449972686963461e-02
3.159999999999854481e+00,8.500000000000000000e+01,-1.089517827881917533e+01,6.520948612634762220e+00,1.697673581034870551e+02,nan,nan,nan,7.781452637828469854e-01,7.735525589610090513e-01,7.799064939719649869e-01,9.115594547726738606e-01,2.748712977929662071e-01,-8.655087184218308582e-01,3.341418966107511768e+00,6.177415708006657624e+00,-9.641279377681001961e+00,4.440834141257455348e-01,-2.867504383867702700e+01,1.827068049457547083e+00,1.793331787922147313e+01,-2.838920644025945350e+01,1.703244516543768627e+00,1.832561293327107776e+01,-7.216472459556162039e-03,1.296060405751133307e-02,5.542684316752375176e-03,-3.932626402968792713e-03,-3.397498578031899055e-05,-4.740989413565672300e-02,2.077793308643001544e-04,-2.430916564013726846e-06,-1.772197812060568122e-05,-1.093606223329491201e+00,1.148716576359078423e-01,1.940881584768321844e+00,8.551321636255566627e-01,8.432683388831354598e-01,7.476568331258262035e-01,8.312926931879901504e-01,8.107909428721237211e-01,6.812283281127340384e-02,-6.353012798943546979e-02,-6.988406300039140540e-02
3.170000000000072760e+00,8.500000000000000000e+01,-1.037998017550962260e+01,6.404614286613667495e+00,1.718055394984643840e+02,nan,nan,nan,7.641763507925725118e-01,7.666632432420664722e-01,7.774107592716783532e-01,9.152360873107869832e-01,2.077792134874663632e-01,-8.968227766729917061e-01,3.421092131912017553e+00,5.823641051839625327e+00,-1.001811945322871900e+01,-1.923024129572121765e+00,-2.949499474082703188e+01,1.721855695036526246e+00,1.513762376034972768e+01,-2.921667439394938270e+01,1.580703490536006894e+00,1.554129424292026407e+01,-7.902446987027205230e-03,1.477085852712013009e-02,5.492009669435036004e-03,-2.975072381139857568e-03,-3.638705538303674828e-05,-4.857746983270308516e-02,2.239384714421182503e-04,-1.576858936286889429e-06,-1.401421552733677321e-05,-1.125701520120780064e+00,1.163019588381642710e-01,1.647010956619000765e+00,8.492661490270575486e-01,8.383278453033016220e-01,7.495757535301188490e-01,8.367064557616484821e-01,8.058716101542762189e-01,6.766921779480733479e-02,-7.015611024430129516e-02,-8.090362627391312067e-02
3.180000000000291038e+00,8.500000000000000000e+01,-9.876117239212186760e+00,6.274581909477954689e+00,1.738503286111587158e+02,nan,nan,nan,7.502074378022981493e-01,7.597739275231238931e-01,7.749150245713917196e-01,9.189127198489001058e-01,4.042441066658785109e-01,-9.938885741946655861e-01,3.464906807403848710e+00,6.399927363362251320e+00,-1.028220945337182535e+01,-2.966541847911458252e+00,-3.033288743910466678e+01,2.206517610070207080e+00,1.247769056201149951e+01,-2.996384621379422697e+01,2.048472855722540231e+00,1.288222930007362166e+01,-8.570598965864244939e-03,1.652863710057190030e-02,6.089772192436205232e-03,-5.794933792662151570e-03,-3.001241058468422925e-05,-4.925329483014671828e-02,2.393267797748718892e-04,-2.554237884619923755e-06,-2.865446999280323482e-05,-1.155200712771438543e+00,1.178783672773007773e-01,1.348865762977624172e+00,8.428775540812905032e-01,8.332616663080796293e-01,7.512099595166714661e-01,8.420081855819223637e-01,8.009522774364284947e-01,6.721560277834132124e-02,-7.678209249916706503e-02,-9.192318954743483594e-02
3.189999999999599822e+00,8.500000000000000000e+01,-9.383596213151287557e+00,6.130861158041956749e+00,1.758962719776706649e+02,nan,nan,nan,7.362385248132941040e-01,7.528846118048079239e-01,7.724192898713321265e-01,9.225893523866789403e-01,4.621451892788886462e-01,-9.166061129471630986e-01,3.465362534958073670e+00,7.305605281330303846e+00,-1.035243182380459359e+01,-3.541357944528824131e+00,-3.109939762908296856e+01,2.369945445099841841e+00,9.666257265804892640e+00,-3.069145804207034089e+01,2.196650697690781584e+00,1.006893983300129136e+01,-9.234465503919580404e-03,1.813072168089906178e-02,6.378870819032433047e-03,-6.635180551315612157e-03,-4.059412246640078784e-05,-4.933831334011269665e-02,2.544837432749840508e-04,-2.324682352014074184e-06,-3.455316855042493213e-05,-1.182412537225176807e+00,1.195893875444270504e-01,1.047050779900033035e+00,8.360000815704958788e-01,8.280779077288856760e-01,7.525778131767039136e-01,8.472051079788311956e-01,7.960329447190281904e-01,6.676198776191649698e-02,-8.340807475343031685e-02,-1.029427528199545749e-01
3.199999999999818101e+00,8.500000000000000000e+01,-8.901193774428136862e+00,5.973204918629592797e+00,1.779373510404429055e+02,nan,nan,nan,7.222696118230196305e-01,7.459952960858653448e-01,7.699235551710456038e-01,9.262659849247920629e-01,4.868225662651651797e-01,-7.975198415663331541e-01,3.455422005964778887e+00,6.957325533727757083e+00,-8.796141110067424052e+00,-3.906534556484030141e+00,-3.181160260124656602e+01,2.435243048607127925e+00,6.791073634743321819e+00,-3.137655919598796572e+01,2.267167698825139688e+00,7.191212493945942974e+00,-9.920195629071041493e-03,1.759983999352287068e-02,6.610578849828446096e-03,-7.002747164910600071e-03,-5.500467415161091608e-05,-4.929448604952482715e-02,2.702971519917191415e-04,-1.811998481150554675e-06,-3.849945323573761524e-05,-1.207630413744584130e+00,1.214240464332312364e-01,7.421356997924632992e-01,8.286652606827108469e-01,8.227841526275484485e-01,7.536964923747826450e-01,8.523039822991205217e-01,7.911136120011805772e-01,6.630837274545037241e-02,-9.003405700829608671e-02,-1.139623160934763457e-01
3.210000000000036380e+00,8.500000000000000000e+01,-8.364426566598789137e+00,5.787538562523571350e+00,1.799483496147263679e+02,nan,nan,nan,7.075176822684772215e-01,7.371552387522695149e-01,7.763285278203814199e-01,9.199922669854967427e-01,5.675896116248447809e-01,-8.015265522609221760e-01,3.509537604820245793e+00,4.361000850100074544e+00,-5.278664940741432332e+00,-3.573260106134226621e+00,-3.212636055998893880e+01,2.624841957616519394e+00,3.936222927540432348e+00,-3.164087392721362590e+01,2.484745670913408144e+00,4.340873003674211361e+00,-1.068892032680750573e-02,1.468074910209415593e-02,7.023251084652155397e-03,-8.183052790652954253e-03,-5.671982908475870216e-05,-5.018035675810626067e-02,2.884553309434816190e-04,-1.347077251941374574e-06,-4.695888347808312429e-05,-1.217884813768847385e+00,1.229155164227547226e-01,4.334000419708488039e-01,8.208520880946583720e-01,8.172616858032637488e-01,7.551561005755406120e-01,8.566694038565830782e-01,7.852484289566561415e-01,5.701309134066151474e-02,-8.665064782445380809e-02,-1.258239368925657131e-01
3.220000000000254659e+00,8.500000000000000000e+01,-7.840224597057338762e+00,5.587470695275404076e+00,-1.780372776900238705e+02,nan,nan,nan,6.926092245646494616e-01,7.279252203519357423e-01,7.845127875401874951e-01,9.117294341078420183e-01,6.797976820770146311e-01,-8.745329495355426142e-01,3.599559822156910727e+00,2.400480198955352584e+00,-2.528850876035530604e+00,-3.459505399942031989e+00,-3.200098242193519837e+01,2.903626333792094449e+00,1.091456847083063009e+00,-3.145251603456432576e+01,2.793583311985008866e+00,1.504687582026298598e+00,-1.147495071252857025e-02,1.153667435660486913e-02,7.539076969500370200e-03,-9.826519244644664475e-03,-5.016522004624296427e-05,-5.160111045531598495e-02,3.072052814439775090e-04,-6.648389446854317635e-07,-5.817901970169440441e-05,-1.211476355528250393e+00,1.239877296346954955e-01,1.213584007773480522e-01,8.125813191774293731e-01,8.115001077996888412e-01,7.570494018273736803e-01,8.602203912117371010e-01,7.791941666411537071e-01,4.595032539018412132e-02,-8.126632117747040196e-02,-1.378538883657220993e-01
3.229999999999563443e+00,8.500000000000000000e+01,-7.328569322176126555e+00,5.373013876728151672e+00,-1.760248266555237535e+02,nan,nan,nan,6.777007668621777281e-01,7.186952019524414093e-01,7.926970472592491657e-01,9.034666012309388039e-01,6.844316347264187694e-01,-9.577993759059829637e-01,3.487289178173742954e+00,3.284556627060633005e+00,-2.027619483038594517e+00,-4.352338671273965787e+00,-3.141761858810239616e+01,2.842497878117649979e+00,-1.802371866871451012e+00,-3.086553473735505193e+01,2.760555284636355022e+00,-1.404349470320112037e+00,-1.151615140839869385e-02,8.584770772865971122e-03,7.700696508614759614e-03,-9.922939800785169490e-03,-3.225392353410540952e-05,-5.013709117972373758e-02,3.063568198514343330e-04,3.187109165239329845e-07,-6.003948259123461213e-05,-1.189467723872214222e+00,1.246609015224407063e-01,-1.932712273758294685e-01,8.038824656980181338e-01,8.055148396177429504e-01,7.593484259577991669e-01,8.630094696818313427e-01,7.731399043262017212e-01,3.488755944071297854e-02,-7.588199453097665970e-02,-1.498838398377843606e-01
3.239999999999781721e+00,8.500000000000000000e+01,-6.829434592808434346e+00,5.144180576598821553e+00,-1.740195644544519951e+02,nan,nan,nan,6.627923091583499682e-01,7.094651835521077476e-01,8.008813069790551298e-01,8.952037683532840795e-01,5.901238330409259714e-01,-1.050502507876008185e+00,3.188958810908623764e+00,5.130505079723235440e+00,-2.480212652422317809e+00,-5.635705596351886726e+00,-3.040854535646231227e+01,2.487847819282521300e+00,-4.752497208309308441e+00,-2.990899644373324051e+01,2.432037188345873790e+00,-4.391514613504343245e+00,-1.082438956637840968e-02,5.828774752834559557e-03,7.505882642933682167e-03,-8.584031960601683914e-03,-4.643594383715692392e-06,-4.599495605764630096e-02,2.866260372318546468e-04,1.156138854690948439e-06,-5.265992411060314252e-05,-1.152876888820921986e+00,1.249546184376774394e-01,-5.098532073635695383e-01,7.947831361204138467e-01,7.993203077113939514e-01,7.620270066751830829e-01,8.650857770679458714e-01,7.670856420106991758e-01,2.382479349023558512e-02,-7.049766788399336459e-02,-1.619137913109408022e-01
3.250000000000000000e+00,8.500000000000000000e+01,-6.342787407945143840e+00,4.900982970312501408e+00,-1.720266493124277645e+02,nan,nan,nan,6.478838514545222083e-01,7.002351651517739750e-01,8.090655666988612049e-01,8.869409354756293551e-01,6.235957974434886975e-01,-1.100058028830239065e+00,3.155913449795649584e+00,5.056614501746312662e+00,-2.346376667732824828e+00,-6.895129589835851114e+00,-2.910558438118157909e+01,2.519068787872101201e+00,-7.684887716987190309e+00,-2.858992819239862726e+01,2.487917362937952070e+00,-7.328739531220685777e+00,-1.092283368448012174e-02,3.240005378374486052e-03,7.715453975274881408e-03,-9.104046642964509078e-03,9.269024839771677194e-06,-4.568477207461049683e-02,2.885285190839224109e-04,2.184985730038118549e-06,-5.625045289490253477e-05,-1.102676608120410684e+00,1.248877914111374277e-01,-8.278243858915370623e-01,7.853091583556117694e-01,7.929300081291521529e-01,7.650606652308812317e-01,8.664952821262689175e-01,7.610313796951967413e-01,1.276202753975819171e-02,-6.511334123700995846e-02,-1.739437427840971884e-01
3.260000000000218279e+00,8.500000000000000000e+01,-5.742136824952885910e+00,4.489761262799930819e+00,-1.702902467215386082e+02,nan,nan,nan,6.329753937506945594e-01,6.910051467514402024e-01,8.172498264186671690e-01,8.786781025979747417e-01,6.712497401039931866e-01,-1.144824697057298390e+00,3.152311452875524278e+00,3.707547231427387402e+00,-2.112930998063215604e+00,-8.131264969323876102e+00,-2.747660848903089814e+01,2.589099069291742161e+00,-1.061930787935419040e+01,-2.693858256812251994e+01,2.581096744506343743e+00,-1.026414192375853496e+01,-1.104757442349804317e-02,8.087439785646578045e-04,7.956120777529116297e-03,-9.838803905747164902e-03,2.308212279863372586e-05,-4.581593515831638985e-02,2.917551289080520804e-04,3.424103462508786037e-06,-6.088248547563681397e-05,-1.039794410240206357e+00,1.244786239142136458e-01,-1.146685423701278239e+00,7.754846945947567738e-01,7.863565665186691422e-01,7.684265015845523905e-01,8.672809889493078295e-01,7.549771173796941959e-01,1.699261589280964824e-03,-5.972901459002660784e-02,-1.859736942572535745e-01
3.270000000000436557e+00,8.500000000000000000e+01,-5.155945270180339435e+00,4.061324438193119946e+00,-1.685630345163457662e+02,nan,nan,nan,6.180669360468667994e-01,6.817751283511064297e-01,8.254340861384732442e-01,8.704152697203200173e-01,7.620808584478611092e-01,-1.147493588920330820e+00,3.035883387415754253e+00,3.272102653082913815e+00,-2.601738690370187790e+00,-9.123843808821344936e+00,-2.556078758656661165e+01,2.689899565868385523e+00,-1.352688343661590942e+01,-2.499538739233513951e+01,2.703728263384435060e+00,-1.318915049675993245e+01,-1.070749868796126540e-02,-1.485583171364872552e-03,8.326128666937500367e-03,-1.121835487120665525e-02,3.705410073374365413e-05,-4.431632672882695329e-02,2.833945156794973855e-04,5.145711106568202380e-06,-6.919398358776838857e-05,-9.651129691717332815e-01,1.237445913160916122e-01,-1.465993189290454524e+00,7.653323487364385169e-01,7.796117942615136132e-01,7.721030925884997398e-01,8.674831281659878268e-01,7.489228550641915394e-01,-9.363504361196428594e-03,-5.434468794304320172e-02,-1.980036457304100717e-01
3.279999999999745341e+00,8.500000000000000000e+01,-4.585946265796159160e+00,3.617914284786318824e+00,-1.668449381638343141e+02,nan,nan,nan,6.031584783443949549e-01,6.725451099516120967e-01,8.336183458575349148e-01,8.621524368434168029e-01,8.669989598273943887e-01,-1.136427662503759262e+00,2.882644694840647226e+00,3.774874718658559836e+00,-3.054745540178076979e+00,-1.006420214447255645e+01,-2.336475825538569140e+01,2.781151497343967716e+00,-1.642672107410732707e+01,-2.277100852220799609e+01,2.815573356078365563e+00,-1.611169806266807214e+01,-1.017616907133275274e-02,-3.651195633224222064e-03,8.721455115407479933e-03,-1.282211571644137696e-02,5.104809222600294725e-05,-4.227761835727324863e-02,2.706585621638054793e-04,7.333536391362515430e-06,-7.851354648401648513e-05,-8.794707954023204266e-01,1.227024300717167171e-01,-1.785354082701340772e+00,7.548732668857640604e-01,7.727067409877000914e-01,7.760703967383634216e-01,8.671393358107294391e-01,7.428685927492397756e-01,-2.042627031066762688e-02,-4.896036129654951496e-02,-2.100335972024723330e-01
3.289999999999963620e+00,8.500000000000000000e+01,-4.031991161690190673e+00,3.159527533876139938e+00,-1.651393891501564042e+02,nan,nan,nan,5.882500206405673060e-01,6.633150915512783241e-01,8.418026055773409899e-01,8.538896039657620785e-01,8.958060651964421250e-01,-1.140941717982627557e+00,2.769813516995814240e+00,3.836590325166687521e+00,-2.902789505760125177e+00,-1.157354628607401636e+01,-2.087071457400468688e+01,2.737389334780277572e+00,-1.937771509160675620e+01,-2.027530906700021873e+01,2.790955876516820755e+00,-1.907728822460441620e+01,-9.737990124286773769e-03,-5.666190568622355567e-03,8.832721010800822017e-03,-1.331409715513862807e-02,6.597561553653517180e-05,-4.082831633575683544e-02,2.610811370820611730e-04,9.156584785330975477e-06,-8.066641857282934086e-05,-7.836631786976669956e-01,1.213681349542040933e-01,-2.104418174297403965e+00,7.441272313715922015e-01,7.656517437031808981e-01,7.803096650669204548e-01,8.662848206565249010e-01,7.368143304337371191e-01,-3.148903626114496479e-02,-4.357603464956605333e-02,-2.220635486756287191e-01
3.300000000000181899e+00,8.500000000000000000e+01,-3.493926728504857415e+00,2.686156088657592811e+00,-1.634496791166766343e+02,nan,nan,nan,5.733415629367395461e-01,6.540850731509446625e-01,8.499868652971469540e-01,8.456267710881073540e-01,8.784771443939001223e-01,-1.154899855001805919e+00,2.681476068772878030e+00,3.149136742477206319e+00,-2.377227219856125728e+00,-1.311177889712861777e+01,-1.811088090827693264e+01,2.631816386499924221e+00,-2.235673226949266379e+01,-1.753044546151808092e+01,2.693101517455925631e+00,-2.206460084106109676e+01,-9.345514973212492443e-03,-6.489030537709370751e-03,8.628040642603534635e-03,-1.312591186475466944e-02,8.175755608162399554e-05,-3.974013217998815378e-02,2.534465259114649835e-04,1.057957608378601106e-05,-7.847492353359377803e-05,-6.784433280834251123e-01,1.197569628872786063e-01,-2.422874057732949282e+00,7.331127487008380905e-01,7.584564727492829617e-01,7.848033577843234188e-01,8.649525207564913165e-01,7.307600681182346847e-01,-4.255180221162235821e-02,-3.819170800258275822e-02,-2.340935001487850498e-01
3.310000000000400178e+00,8.500000000000000000e+01,-2.924073719211235378e+00,2.140316105305381633e+00,-1.619152167032658269e+02,nan,nan,nan,5.655586284361681093e-01,6.520367422548066783e-01,8.521904630353507315e-01,8.417397995033403246e-01,9.386660528139721960e-01,-1.206712609750406839e+00,2.586743026088430319e+00,3.768172317003963379e+00,6.174221764403308582e-02,-1.396775599808848511e+01,-1.534873441209161982e+01,2.667180812445290261e+00,-2.510804188803150794e+01,-1.475249042325378923e+01,2.725380444210387942e+00,-2.482620311342749275e+01,-8.969454466262995196e-03,-6.189153722903214042e-03,8.537480740239324767e-03,-1.410048925152033485e-02,1.015285589790006270e-04,-3.854559522226075341e-02,2.468420634072574643e-04,1.298364958757188961e-05,-8.351611639433780335e-05,-5.721673329040498635e-01,1.181624098978062282e-01,-2.725536699650618289e+00,7.223066783145946079e-01,7.515931434775715569e-01,7.891493553719538534e-01,8.634554623772550119e-01,7.278814083074165442e-01,-4.846438867532448791e-02,-3.801372514331408103e-02,-2.381674459238581343e-01
3.319999999999708962e+00,8.500000000000000000e+01,-2.314100854994037171e+00,1.512635910048340193e+00,-1.605562955183511349e+02,nan,nan,nan,5.581586251093408890e-01,6.503743608452177138e-01,8.540726553350694861e-01,8.380879901168639678e-01,1.083135982383431450e+00,-1.299682681071111068e+00,2.485056393025533161e+00,5.603776047752788259e+00,4.637024724464145820e+00,-1.553786377150155751e+01,-1.260265806673473676e+01,2.828100231045006741e+00,-2.761322111541333513e+01,-1.195645507744482039e+01,2.883332830399675917e+00,-2.734525136153888170e+01,-8.618301265179113130e-03,-5.907434509782092009e-03,8.719879117407951241e-03,-1.635856483220557434e-02,1.255974179191816800e-04,-3.723432981608732623e-02,2.414276023614714435e-04,1.688238667162402607e-05,-9.639909112660224573e-05,-4.653995766824542413e-01,1.165969768889381086e-01,-3.012671917169718938e+00,7.117202754621974048e-01,7.450652390141816461e-01,7.933364547282718560e-01,8.618194376090555497e-01,7.251734078516229864e-01,-5.410020047704117152e-02,-3.811553525883565330e-02,-2.418138297486874255e-01
3.329999999999927240e+00,8.500000000000000000e+01,-1.720276094327930938e+00,8.716259314699228433e-01,-1.592105827610060658e+02,nan,nan,nan,5.507586217818406515e-01,6.487119794354775371e-01,8.559548476349594370e-01,8.344361807300554323e-01,1.045871688293807500e+00,-1.294941670116393606e+00,2.332403669339577768e+00,5.599360455874198728e+00,8.563128944049120506e+00,-1.792739975952887121e+01,-9.790264584743576748e+00,2.651309048145264580e+00,-3.018397489428392433e+01,-9.170388313293951654e+00,2.703053058826605959e+00,-2.993203403000551077e+01,-8.077045540270307369e-03,-5.557054174300788719e-03,8.336396652530362467e-03,-1.588159942908039940e-02,1.381202190995500388e-04,-3.514235257024043296e-02,2.309438582568780300e-04,1.810398651995160141e-05,-9.350612814721252276e-05,-3.582529313724183706e-01,1.150575355045120041e-01,-3.285331012841645304e+00,7.013393731220546323e-01,7.388511268019197775e-01,7.973749036792988631e-01,8.600534088132750776e-01,7.224654073955832922e-01,-5.973601227927044510e-02,-3.821734537436644041e-02,-2.454602135738483404e-01
3.340000000000145519e+00,8.500000000000000000e+01,-1.142310687663730340e+00,2.172152109997121106e-01,-1.578798808200029669e+02,nan,nan,nan,5.433586184543404141e-01,6.470495980257373603e-01,8.578370399348494990e-01,8.307843713432468968e-01,9.327817770791757557e-01,-1.249432316444399671e+00,2.158486182225181516e+00,2.963781256154532251e+00,1.092816084067399984e+01,-1.966036898673861089e+01,-6.945586404893307808e+00,2.360948440057033526e+00,-3.271084846912475541e+01,-6.384224340747724824e+00,2.408988485911371491e+00,-3.247623495918276859e+01,-7.464531661088998592e-03,-5.176717478470119378e-03,7.740140914847634668e-03,-1.424175992221767342e-02,1.447646264438231373e-04,-3.270545839112054542e-02,2.184045861101222463e-04,1.772770924096795216e-05,-8.412110609142811266e-05,-2.508297950919092245e-01,1.135412500666136137e-01,-3.544487123223422742e+00,6.911507179465533612e-01,7.329305694324371734e-01,8.012742891378484833e-01,8.581657603416104063e-01,7.197574069395434870e-01,-6.537182408149977419e-02,-3.831915548989717202e-02,-2.491065973990093108e-01
3.350000000000363798e+00,8.500000000000000000e+01,-5.799180319091993274e-01,-4.506773096809814638e-01,-1.565658868076963870e+02,nan,nan,nan,5.359586151268400656e-01,6.453872166159971835e-01,8.597192322347394500e-01,8.271325619564383613e-01,9.978167743897521369e-01,-1.245215245180152808e+00,2.025145216051266850e+00,-1.979741975876949389e-01,1.207223966244835722e+01,-2.126161293874694991e+01,-4.162090621524649592e+00,2.353916188060682479e+00,-3.495542512904837906e+01,-3.583995663785903840e+00,2.399466627917630657e+00,-3.473776779684030203e+01,-7.020590090465312488e-03,-4.929963223655841990e-03,7.711985987370996790e-03,-1.531850258598488682e-02,1.549628727708712785e-04,-3.085990056124957720e-02,2.107018945647839980e-04,2.063018462473039099e-05,-9.113068185139726026e-05,-1.432231800285612699e-01,1.120455449731081743e-01,-3.791041382672460713e+00,6.811419113364269862e-01,7.272846346688641717e-01,8.050435797278224781e-01,8.561643358136387105e-01,7.170494064835037928e-01,-7.100763588372910329e-02,-3.842096560542801464e-02,-2.527529812241703366e-01
3.359999999999672582e+00,8.500000000000000000e+01,-1.424477548767313084e-01,-8.292265795270273854e-01,-1.558386955620759124e+02,nan,nan,nan,5.285586118000128453e-01,6.437248352064082191e-01,8.616014245344583156e-01,8.234807525699620046e-01,1.189057819097825597e+00,-1.270254810700525594e+00,1.920553751391990360e+00,-2.399085349122893174e+00,1.232392001246474678e+01,-2.365527106893431508e+01,-1.424527627766746019e+00,2.513694331540293536e+00,-3.697204949278197006e+01,-7.753701055608485104e-01,2.557841455653927287e+00,-3.677093308579614472e+01,-6.699760954761700173e-03,-4.802260711149702530e-03,8.072190867302563022e-03,-1.835543726620740904e-02,1.678193875089429438e-04,-2.943478340197942800e-02,2.066657470630861983e-04,2.654356302160610614e-05,-1.103954699055203408e-04,-3.551767782181991517e-02,1.105680760646046978e-01,-4.025828560519252974e+00,6.713013543154999763e-01,7.218956112713770246e-01,8.086911656595162645e-01,8.540564729902839769e-01,7.143414060277102351e-01,-7.664344768544584241e-02,-3.852277572094953140e-02,-2.563993650489996834e-01
3.369999999999890861e+00,8.500000000000000000e+01,2.799180120978729813e-01,-1.184174924504386883e+00,-1.551713359310842293e+02,nan,nan,nan,5.211586084725126078e-01,6.420624537966681533e-01,8.634836168343482665e-01,8.198289431831534690e-01,1.209306572154039916e+00,-1.276641542823976794e+00,1.716479789762960451e+00,-3.384481859889233224e+00,1.220584068732910232e+01,-2.479009483512011869e+01,1.379142832166984967e+00,2.365538578116803681e+00,-3.902096484055131498e+01,2.023441653254658856e+00,2.407418323870927246e+00,-3.884628403406694019e+01,-6.083769797894437309e-03,-4.576425646510361156e-03,7.925506324570227162e-03,-1.877194143010554525e-02,1.762228082116594301e-04,-2.646144876030268045e-02,1.931607205462974874e-04,2.896483468596375789e-05,-1.145442077268320257e-04,7.220968308743641595e-02,1.091067054619054150e-01,-4.249622220988170440e+00,6.616181959604542362e-01,7.167469302513874707e-01,8.122248960332890677e-01,8.518490363981019442e-01,7.116334055716706519e-01,-8.227925948767517150e-02,-3.862458583648037402e-02,-2.600457488741604872e-01
3.380000000000109139e+00,8.500000000000000000e+01,6.982038851653008527e-01,-1.544097783782832911e+00,-1.545091598491447655e+02,nan,nan,nan,5.137586051450123703e-01,6.404000723869279765e-01,8.653658091342382175e-01,8.161771337963450446e-01,1.099663767392555336e+00,-1.268858948574386414e+00,1.436835541429106966e+00,-3.785529591036282948e+00,1.208669415543512748e+01,-2.369644918814117673e+01,4.232300560231782249e+00,2.029421072884422639e+00,-4.107834468292022478e+01,4.813492560716198909e+00,2.068268251209190556e+00,-4.093804309854520085e+01,-5.253083126961151199e-03,-4.262364825477618809e-03,7.410893083846414181e-03,-1.716560404966710127e-02,1.795428736605014027e-04,-2.228412617413129404e-02,1.717474068525536078e-04,2.811103682473430095e-05,-1.066200378633737919e-04,1.798886753989737963e-01,1.076594794382195186e-01,-4.463139450166654143e+00,6.520822851567751322e-01,7.118230912043459480e-01,8.156521137373421437e-01,8.495484478496562186e-01,7.089254051156308467e-01,-8.791507128990438957e-02,-3.872639595201121665e-02,-2.636921326993214576e-01
3.390000000000327418e+00,8.500000000000000000e+01,1.112482453767227764e+00,-1.909011601312577744e+00,-1.538524351782958774e+02,nan,nan,nan,5.063586018175120218e-01,6.387376909771877997e-01,8.672480014341282795e-01,8.125253244095365091e-01,1.305343395475978330e+00,-7.209202699143948401e-01,1.049085648226713907e+00,-4.628263925845806703e+00,1.253485812353576456e+01,-2.313868188856003982e+01,6.929178968930759908e+00,1.877226612487494561e+00,-4.321018612240413148e+01,7.556928334914205792e+00,1.916314296300693387e+00,-4.312905436048600194e+01,-3.661933993689699129e-03,-4.228157534620420599e-03,7.829456077002779416e-03,-2.049115839752373505e-02,1.128892804873866631e-04,-1.636185407459486707e-02,1.240239871257587528e-04,3.545435171381895403e-05,-1.299551966023828231e-04,2.874551950052639526e-01,1.062246089454661063e-01,-4.667045189831695140e+00,6.426841254659282354e-01,7.071095933935256372e-01,8.189796880948779778e-01,8.471607149954563099e-01,7.062174046595911525e-01,-9.355088309213377418e-02,-3.882820606754200377e-02,-2.673385165244825390e-01
3.399999999999636202e+00,8.500000000000000000e+01,1.522826639318865860e+00,-2.278934063733514481e+00,-1.532014197127444390e+02,nan,nan,nan,4.989585984906848015e-01,6.370753095675988353e-01,8.691301937338470340e-01,8.088735150230601523e-01,1.589509049334272728e+00,-3.853284945260870842e-02,6.344274810270923437e-01,-5.226370558429565882e+00,1.324403985267837491e+01,-2.384905320134675222e+01,9.614588012299520869e+00,1.612682272856956978e+00,-4.551539720749536855e+01,1.031683663603298484e+01,1.665791263277921264e+00,-4.549925556848222641e+01,-1.853225955789560789e-03,-5.613428607441618007e-03,8.380396511108108987e-03,-2.509368187350246096e-02,2.443378471299578313e-05,-9.940870068416077579e-03,6.614755973438757168e-05,4.569380498620509928e-05,-1.629523237445055768e-04,3.948506573142566700e-01,1.048004524622680733e-01,-4.861956213923289027e+00,6.334148329033751912e-01,7.025928712784402785e-01,8.222140454057239589e-01,8.446914580345390444e-01,7.035094042037977058e-01,-9.918669489385045779e-02,-3.893001618306357603e-02,-2.709849003493118302e-01
3.409999999999854481e+00,8.500000000000000000e+01,1.738819167135815968e+00,-1.926934626278422602e+00,-1.532039198262756656e+02,nan,nan,nan,5.057449293411533375e-01,6.338066611920325499e-01,8.707101658180139703e-01,8.076518547016038330e-01,1.385144624975468641e+00,3.625888067798077596e-01,2.955774937854200868e-01,-4.736534963783758378e+00,1.333965369192767270e+01,-2.514056870271218003e+01,1.222450777428779745e+01,1.181536556874236643e+00,-4.749418616062418153e+01,1.281107921086007195e+01,1.257573309460053856e+00,-4.751873213146057395e+01,-4.897278130879139692e-04,-7.945280647774543084e-03,7.407830370379622602e-03,-2.198307704436180607e-02,-3.300256833109189818e-05,-4.642221688819041063e-03,1.995036320741811798e-05,4.187537528916686401e-05,-1.448610994506350179e-04,4.906405514321524053e-01,1.032190528893346115e-01,-5.040328397660376325e+00,6.251810159019248747e-01,6.981566412017192746e-01,8.253417064253822932e-01,8.423026623423650605e-01,7.044784027632009504e-01,-9.556002148364467486e-02,-3.250171036723453755e-02,-2.694052149932159579e-01
3.420000000000072760e+00,8.500000000000000000e+01,1.932862289519468257e+00,-1.494077145126417427e+00,-1.532782908628103655e+02,nan,nan,nan,5.140655977538468591e-01,6.303642853608946162e-01,8.722574509639465790e-01,8.066930296514726040e-01,9.373203504227453076e-01,6.235411594447632933e-01,-5.493349515723999765e-03,-4.184655837695491876e+00,1.301422725408732362e+01,-2.725318456571580583e+01,1.463759457666384556e+01,8.725832600514873416e-01,-4.903665719099416265e+01,1.501235507781084699e+01,9.688744095062085115e-01,-4.909084289229443243e+01,6.232933289167729655e-04,-1.000434422318831167e-02,5.772070422366415085e-03,-1.494813542685375501e-02,-7.575936986045318170e-05,1.122531589564634271e-04,-2.028703350196358742e-05,2.962395596569151248e-05,-9.897303991933020025e-05,5.746366003008758216e-01,1.014798424580110325e-01,-5.202746461145929757e+00,6.180148475760828264e-01,6.937845077817350603e-01,8.283674442401607330e-01,8.400060897682127825e-01,7.058450909325401090e-01,-9.093155445976086604e-02,-2.536713314728689106e-02,-2.672602987503388539e-01
3.430000000000291038e+00,8.500000000000000000e+01,2.126366586535945125e+00,-1.061028947803924982e+00,-1.533520887660767755e+02,nan,nan,nan,5.223862661665403806e-01,6.269219095297567934e-01,8.738047361098790766e-01,8.057342046013414860e-01,6.323672085762018780e-01,7.142094878656538581e-01,-4.544624498519587164e-01,-4.412071056685792136e+00,1.258639089627165042e+01,-2.905083326600281168e+01,1.672905442040346813e+01,6.496923318645757561e-01,-5.028299878551143820e+01,1.694554612986247832e+01,7.656573708925258348e-01,-5.039333303410980847e+01,1.914104801777824928e-03,-1.201769832238585439e-02,4.590853039189896762e-03,-1.012956469640795276e-02,-1.070465126198019582e-04,7.256156853888834357e-03,-7.143671952826385972e-05,2.078439872476222508e-05,-6.673780013948614324e-05,6.478669991443309906e-01,9.959959474290819292e-02,-5.350590760931060785e+00,6.118474720438320524e-01,6.894723372318453114e-01,8.312978321848372154e-01,8.377957925651511317e-01,7.072117791018793787e-01,-8.630308743587700171e-02,-1.823255592733941111e-02,-2.651153825074617498e-01
3.439999999999599822e+00,8.500000000000000000e+01,2.319367632947065605e+00,-6.277653976680015457e-01,-1.534253118870711035e+02,nan,nan,nan,5.307069345784770631e-01,6.234795336989319425e-01,8.753520212556709090e-01,8.047753795512975206e-01,4.107122117107666615e-01,7.055971353873835561e-01,-9.896606589918737207e-01,-4.353178613247615125e+00,1.189634208138273230e+01,-2.919899583650766317e+01,1.853262092001114425e+01,5.335011357144194832e-01,-5.137038883840480707e+01,1.862466809293908554e+01,6.682925902902534521e-01,-5.155282306735281139e+01,3.209406817129112788e-03,-1.394982245079153145e-02,3.691995726818227130e-03,-6.605455873288168869e-03,-1.331359611992284110e-04,1.582920152836457886e-02,-1.273440917150691254e-04,1.397307804522870310e-05,-4.288582084143004452e-05,7.112463230536746339e-01,9.759284344876864581e-02,-5.485085918092394763e+00,6.066144741465363532e-01,6.852162623657915841e-01,8.341390196600024787e-01,8.356662065743865053e-01,7.085784672710944143e-01,-8.167462041241413395e-02,-1.109797870804074549e-02,-2.629704662647797120e-01
3.449999999999818101e+00,8.500000000000000000e+01,2.511900843274640582e+00,-1.942617944915341621e-01,-1.534979586152423678e+02,nan,nan,nan,5.390276029911705846e-01,6.200371578677940088e-01,8.768993064016034067e-01,8.038165545011662916e-01,3.482264399128057741e-01,6.603134978269138422e-01,-9.960782057754687946e-01,-3.843903781504914186e+00,1.130023475367984709e+01,-2.870786824770057777e+01,1.997140016098136428e+01,5.336235837782054015e-01,-5.248087365127066306e+01,2.004181729912187748e+01,6.870874583534232194e-01,-5.266061140382407757e+01,3.050358560522241878e-03,-1.589946616604998031e-02,3.237292744097479066e-03,-5.620790963416110418e-03,-1.306827311601524899e-04,1.598872410795956420e-02,-1.250035798214458975e-04,1.221209636871833126e-05,-3.560537646834639438e-05,7.655892399384451874e-01,9.547218315799432808e-02,-5.607319850115668913e+00,6.022555930534472246e-01,6.810126654037764737e-01,8.368967594728808912e-01,8.336121264864905234e-01,7.099451554404335729e-01,-7.704615338853026962e-02,-3.963401488093154512e-03,-2.608255500219025524e-01
3.460000000000036380e+00,8.500000000000000000e+01,2.712282957957336205e+00,2.473727049041771486e-01,-1.542350056833488452e+02,nan,nan,nan,5.473482714038639951e-01,6.165947820366560750e-01,8.784465915475360154e-01,8.028577294510351736e-01,3.332578799841816042e-01,6.040822840514118441e-01,-8.446374558055756987e-01,-4.690434934201903161e+00,9.250376177829274127e+00,-2.823773154900759508e+01,2.115697621086384572e+01,5.374434313184713874e-01,-5.352754052905817872e+01,2.123519651888800652e+01,7.086842653705722750e-01,-5.368196275975326870e+01,2.507881073262580463e-03,-1.776735370433698419e-02,2.915508570871873893e-03,-5.396594859712069980e-03,-1.180720877836361447e-04,1.360499875812940830e-02,-1.054129047927792055e-04,1.200206186334743521e-05,-3.300759164639290651e-05,8.116225110941631682e-01,9.324853041626460226e-02,-5.718260410808060357e+00,5.987144543364267824e-01,6.768581618875493255e-01,8.395764334148054786e-01,8.316286826981393876e-01,7.113118436097728425e-01,-7.241768636464646081e-02,3.171175731854380953e-03,-2.586806337790255039e-01
3.470000000000254659e+00,8.500000000000000000e+01,2.908118748165041900e+00,6.929219306439424741e-01,-1.550767651206460869e+02,nan,nan,nan,5.556689398165575167e-01,6.131524062055181412e-01,8.799938766934685130e-01,8.018989044009039446e-01,3.000649774594798536e-01,6.499798621877995730e-01,-1.025167691648473323e+00,-6.590093996326203296e+00,5.368344306883937378e+00,-2.725116644476315741e+01,2.218957718913522470e+01,4.813951157673279080e-01,-5.444056444080738544e+01,2.224743397359076624e+01,6.693344280577561145e-01,-5.461944973956029514e+01,2.779560352460455283e-03,-1.949274347716594899e-02,2.571153626410112216e-03,-4.873026247184994615e-03,-1.346601300898944112e-04,1.655669983773630505e-02,-1.211833055095652727e-04,1.106044509895244696e-05,-2.845758746857166840e-05,8.499954951706474304e-01,9.093135029245957845e-02,-5.818769940616300929e+00,5.959383193241751808e-01,6.727495856327760926e-01,8.421830761891599959e-01,8.297113196614089858e-01,7.126785317791120011e-01,-6.778921934076259648e-02,1.030575295180197193e-02,-2.565357175361483444e-01
3.479999999999563443e+00,8.500000000000000000e+01,3.097783967130034011e+00,1.141375953991247805e+00,-1.559208371824461210e+02,nan,nan,nan,5.639896082284941992e-01,6.097100303746934014e-01,8.815411618392603454e-01,8.009400793508599792e-01,2.610315256888889879e-01,7.286077424282080273e-01,-1.312088206390441769e+00,-6.567783159107452029e+00,2.472145072884701644e+00,-2.617449474427682432e+01,2.305172470194917622e+01,4.198621077125503920e-01,-5.524767017039747685e+01,2.308308112901841724e+01,6.234290143989045241e-01,-5.546733388023343991e+01,3.194582154738582255e-03,-2.109645587300837052e-02,2.237811766536668048e-03,-4.249800985802775107e-03,-1.608499157675795973e-04,2.123885656259658430e-02,-1.450463890754349493e-04,9.817706839032730166e-06,-2.340423675073974183e-05,8.812893441364370029e-01,8.852885289319595286e-02,-5.909617991565167650e+00,5.938778506212609720e-01,6.686839746519164240e-01,8.447213977961187670e-01,8.278557756294018244e-01,7.140452199483269258e-01,-6.316075231729978423e-02,1.744033017110058204e-02,-2.543908012934663065e-01
3.489999999999781721e+00,8.500000000000000000e+01,3.281313594153687063e+00,1.592763348964295833e+00,-1.567668600177423457e+02,nan,nan,nan,5.723102766411877207e-01,6.062676545435554676e-01,8.830884469851928431e-01,7.999812543007288612e-01,2.966614505489665321e-01,7.289143785893001937e-01,-1.739192552858452867e+00,-4.172909728235335791e+00,7.769651989432666550e-01,-2.492434731337577247e+01,2.371198645369684854e+01,2.771970291296957378e-01,-5.596781033484387535e+01,2.374877915380894322e+01,4.858420857792472569e-01,-5.625029926914280765e+01,3.605300130767972924e-03,-2.160433251413383660e-02,1.984558372585096871e-03,-4.840445289101589534e-03,-1.845461208037497665e-04,2.820127580372394638e-02,-1.732103983135629087e-04,1.135385608524350300e-05,-2.478670863099463221e-05,9.060250560528257946e-01,8.604816373882467895e-02,-5.991492457662969784e+00,5.924868927497324300e-01,6.646585579848965919e-01,8.471958044737623039e-01,8.260580637081151867e-01,7.154119081176661954e-01,-5.853228529341586439e-02,2.457490739104811750e-02,-2.522458850505892025e-01
3.500000000000000000e+00,8.500000000000000000e+01,3.458740724467975092e+00,2.047113797833546744e+00,-1.576144667001826747e+02,nan,nan,nan,5.810389159730490194e-01,6.089541852568238767e-01,8.818038018623187702e-01,8.011110539249594042e-01,3.785403496113137756e-01,6.807062360123438127e-01,-2.253131418579840783e+00,-1.855036070579394236e+00,-5.049942991356405342e-01,-2.246773273627642098e+01,2.418002764672075600e+01,5.807905945007962173e-02,-5.654805901739601381e+01,2.424479947734830887e+01,2.424916770567021873e-01,-5.690554039959793187e+01,3.908104569638133456e-03,-1.905672171660737282e-02,1.614307360377375666e-03,-6.186970575778487358e-03,-2.062061323858255929e-04,3.658284968010965671e-02,-2.004781925896832154e-04,1.468677416744035520e-05,-2.924450203228420652e-05,9.243752481068427951e-01,8.372620359367030640e-02,-6.058713170756109712e+00,5.917485782121161275e-01,6.610660150407406954e-01,8.494277785673681747e-01,8.244491558327536884e-01,7.182269892542877399e-01,-5.430400861056711159e-02,2.638873932679225431e-02,-2.464608772787026947e-01
3.510000000000218279e+00,8.500000000000000000e+01,3.669351236591006149e+00,2.459248792987305254e+00,-1.590937161664001565e+02,nan,nan,nan,5.905302326473073071e-01,6.230983418337755486e-01,8.752250317178058570e-01,8.061454130191552103e-01,4.847129268705264726e-01,5.797409769884722675e-01,-2.516419593777746488e+00,-5.406218426595952309e-01,-1.216681633337504564e+00,-1.969899304125415895e+01,2.443268420486498371e+01,-1.575928429145657672e-01,-5.691808577029193827e+01,2.454717713786639166e+01,-1.493694774216355534e-02,-5.731163966839878299e+01,3.751310420177977802e-03,-1.470170650257245776e-02,1.167941880337068248e-03,-7.929773332182454490e-03,-2.070917428064621320e-04,4.088634461459914743e-02,-2.041118351088999855e-04,1.895449899927655947e-05,-3.494923718359386474e-05,9.361288122238970999e-01,8.198201966800627849e-02,-6.100529692485188171e+00,5.916700034333681746e-01,6.586173653242892723e-01,8.510915212009424469e-01,8.232686922734988588e-01,7.237497548045109808e-01,-5.082386394255944406e-02,1.825575475609120257e-02,-2.338709351279391058e-01
3.520000000000436557e+00,8.500000000000000000e+01,3.878076428960327782e+00,2.868938337169820052e+00,-1.607092744450391422e+02,nan,nan,nan,6.000215493215657059e-01,6.372424984107273316e-01,8.686462615732930548e-01,8.111797721133510164e-01,6.076978804070547469e-01,4.422652939018446583e-01,-2.606245616019601918e+00,-1.238536133183063964e-01,-1.549712116999167222e+00,-1.945029739743873165e+01,2.449440065198134064e+01,-3.691008791358683094e-01,-5.707037847700815547e+01,2.467067769378212461e+01,-2.654010946867571552e-01,-5.747376732609852468e+01,3.391098034800821455e-03,-1.065407489074718037e-02,7.642901305578126510e-04,-9.943972652944839397e-03,-1.935114896181252566e-04,4.234646531791219637e-02,-1.946799395023950270e-04,2.382347092175636879e-05,-4.135078120112070096e-05,9.415889677213600262e-01,8.077496329038516554e-02,-6.118649211748446781e+00,5.922086198073448493e-01,6.572388357124856473e-01,8.522236793345425721e-01,8.224890413646588350e-01,7.292725203547343327e-01,-4.734371927455183204e-02,1.012277018539020634e-02,-2.212809929771755724e-01
3.529999999999745341e+00,8.500000000000000000e+01,4.076767827621207374e+00,3.285564908250950822e+00,-1.623336966493592968e+02,nan,nan,nan,6.095128659949607952e-01,6.513866549863925881e-01,8.620674914293784408e-01,8.162141312070889665e-01,5.481013246880663825e-01,4.023046408037456723e-01,-2.852799527098504484e+00,1.679965737649793123e-01,-1.420610175620231619e+00,-2.146702931769496203e+01,2.450615127422488015e+01,-3.244615431343778056e-01,-5.697056447041754268e+01,2.465703875244934196e+01,-2.589255952795257443e-01,-5.740604410444782246e+01,3.390207857739182314e-03,-6.662049483005636104e-03,2.047876820338497016e-04,-8.964645931922404082e-03,-1.997610117289669871e-04,4.632655978344051712e-02,-2.012516071529003858e-04,2.143406198827508673e-05,-3.564332120118071521e-05,9.410787579494376276e-01,8.006824334716572400e-02,-6.114608353477226643e+00,5.933246228157393887e-01,6.568614109333200668e-01,8.528585364553208370e-01,8.220843534899413552e-01,7.347952859044553087e-01,-4.386357460686063359e-02,1.989785615428840693e-03,-2.086910508275570120e-01
3.539999999999963620e+00,8.500000000000000000e+01,4.265450517131801789e+00,3.709158699308438223e+00,-1.639644090484375170e+02,nan,nan,nan,6.190041826692190829e-01,6.655308115633442601e-01,8.554887212848656386e-01,8.212484903012847726e-01,4.497753579198964236e-01,3.830289940562547901e-01,-3.132598747947952678e+00,1.098449411239003526e+00,-1.192589215800540448e+00,-2.260406600894719276e+01,2.439429477732689833e+01,-1.891339150085099563e-01,-5.667127914607102213e+01,2.449977837863527341e+01,-1.597372356874074417e-01,-5.714376597445768624e+01,3.522903213077947619e-03,-2.876216817978489645e-03,-3.357905802979785424e-04,-7.348374321461357064e-03,-2.095529789549560010e-04,5.081105245014138488e-02,-2.122433182611752067e-04,1.746363808411651155e-05,-2.833836755098519740e-05,9.349342546590007075e-01,7.982850346694900234e-02,-6.089792872363736009e+00,5.949807750537512430e-01,6.574205267179191736e-01,8.530281650049023057e-01,8.220304461528038509e-01,7.403180514546783275e-01,-4.038342993885302157e-02,-6.143198955272155537e-03,-1.961011086767935896e-01
3.550000000000181899e+00,8.500000000000000000e+01,4.444146786089728351e+00,4.139752340762973049e+00,-1.655987772963103453e+02,nan,nan,nan,6.284954993434774817e-01,6.796749681402960430e-01,8.489099511403527254e-01,8.262828493954805786e-01,4.680488879924937784e-01,4.680211786419226638e-01,-3.359238056227188185e+00,1.495148233406279781e+00,-2.063056313528237151e+00,-2.174957737152647752e+01,2.411876480245995324e+01,-2.618703201290968341e-01,-5.625493042063997962e+01,2.422431123402552089e+01,-2.650211408694673199e-01,-5.675745598327473118e+01,3.819844009233087576e-03,5.396123226326991719e-04,-7.146519360827973885e-04,-7.634015751453302433e-03,-2.287064421104091161e-04,5.439775851755945107e-02,-2.259477088334797292e-04,1.796400908353462718e-05,-2.897890400446459438e-05,9.234989281194572186e-01,8.002544947039381962e-02,-6.045454917380211235e+00,5.971422406690297668e-01,6.588557827416855472e-01,8.527625689764928296e-01,8.223046964587853447e-01,7.458408170049016794e-01,-3.690328527084535404e-02,-1.427618352597320728e-02,-1.835111665260298897e-01
3.560000000000400178e+00,8.500000000000000000e+01,4.552192660915447497e+00,4.601173576567919810e+00,-1.676151349541534046e+02,nan,nan,nan,6.379868160177357694e-01,6.938191247172477150e-01,8.423311809958399232e-01,8.313172084896762737e-01,5.362698385850122040e-01,5.976783005506871582e-01,-3.563105392243346881e+00,4.242575834299599502e-01,-3.963744862656545909e+00,-1.931900962585772419e+01,2.370812607414202944e+01,-4.482949433633682812e-01,-5.570321507930402305e+01,2.383123920454798750e+01,-4.813349532459263447e-01,-5.623276734656391085e+01,4.257066893468554672e-03,3.679705406875297038e-03,-1.001989513064708345e-03,-8.727184894352394903e-03,-2.513828970205588789e-04,5.757481773813244441e-02,-2.424217359450954619e-04,2.025971617654797059e-05,-3.308761866190794779e-05,9.071190144885241669e-01,8.063152089127420541e-02,-5.982728173193286203e+00,5.997764304783710365e-01,6.611106740790601011e-01,8.520898173153156341e-01,8.228859405320962939e-01,7.513635825551248093e-01,-3.342314060283779753e-02,-2.240916809667414800e-02,-1.709212243752664118e-01
3.569999999999708962e+00,8.500000000000000000e+01,4.631359898761027161e+00,5.074687142911921356e+00,-1.697401641563713213e+02,nan,nan,nan,6.474781326911308588e-01,7.079632812929129715e-01,8.357524108519254202e-01,8.363515675834142238e-01,5.343222183426010741e-01,6.215412253568640688e-01,-3.624114657499688086e+00,-8.781344641324762001e-01,-5.195391032931079955e+00,-1.646663577237450582e+01,2.317657605406096621e+01,-4.267790928775508918e-01,-5.495551472438670260e+01,2.329085041478021267e+01,-4.886865315322252989e-01,-5.548984360942830563e+01,4.546334873797769349e-03,6.695010686051064419e-03,-1.317652209518514403e-03,-8.671725934873640226e-03,-2.531523561512970710e-04,5.840067785807108447e-02,-2.488171490021843699e-04,1.978902924149490976e-05,-3.329056747238346364e-05,8.861397346198334191e-01,8.162160114738215011e-02,-5.902641145902558506e+00,6.028528570731958025e-01,6.641323399774108349e-01,8.510361687157277366e-01,8.237543794190755886e-01,7.568863481048458963e-01,-2.994299593514665458e-02,-3.054215266663545814e-02,-1.583312822256479069e-01
3.579999999999927240e+00,8.500000000000000000e+01,4.696032126866210632e+00,5.554432447826023633e+00,-1.718770431823428169e+02,nan,nan,nan,6.569694493653892575e-01,7.221074378698646434e-01,8.291736407074125070e-01,8.413859266776100299e-01,4.788545194825277740e-01,5.647111322128609556e-01,-3.576160962750920547e+00,-1.137690681801817982e+00,-4.705051881784853229e+00,-1.539757936373517566e+01,2.253174830146166130e+01,-2.391371080768365520e-01,-5.402553023128094623e+01,2.261696264462899464e+01,-3.287644348836959995e-01,-5.454771752255285122e+01,4.733025241252020177e-03,9.576905463187053089e-03,-1.657417026559244392e-03,-7.746748084211285863e-03,-2.392859023040303174e-04,5.744129633767478676e-02,-2.481223964531487189e-04,1.731729571886672913e-05,-3.048947247896965744e-05,8.609022382167438314e-01,8.297276161685179785e-02,-5.806128826685726274e+00,6.063429992699340687e-01,6.678713288335823561e-01,8.496261883696407669e-01,8.248914910603359907e-01,7.624091136550691372e-01,-2.646285126713893154e-02,-3.867513723733645437e-02,-1.457413400748843180e-01
3.590000000000145519e+00,8.500000000000000000e+01,4.746189942864479150e+00,6.040457756179280935e+00,-1.740198726915502334e+02,nan,nan,nan,6.664607660396475453e-01,7.362515944468164264e-01,8.225948705628997049e-01,8.464202857718058359e-01,4.020383480065621296e-01,4.900910010389250004e-01,-3.777660058469159310e+00,-1.241361810980238234e+00,-3.735780013693843493e+00,-1.539280029034202713e+01,2.180696663098792953e+01,-7.032450893037350825e-02,-5.290556045716412115e+01,2.184463274378434861e+01,-1.854582693497487111e-01,-5.345249193785433306e+01,5.304458036195692887e-03,1.223762282228899566e-02,-2.032187713335413710e-03,-6.480640173706479074e-03,-2.345700648486083613e-04,6.045392118351749361e-02,-2.656060186323111797e-04,1.414218922350453207e-05,-2.643245917648001856e-05,8.317411644068173349e-01,8.466403546659440060e-02,-5.694042937410037197e+00,6.102201753020789488e-01,6.722813783273186017e-01,8.478828571857155438e-01,8.262799479399141056e-01,7.679318792052923781e-01,-2.298270659913137504e-02,-4.680812180803750611e-02,-1.331513979241207846e-01
3.600000000000363798e+00,8.500000000000000000e+01,4.781807387348294469e+00,6.532814346107104875e+00,-1.761626541934972181e+02,nan,nan,nan,6.737037797083563762e-01,7.489274005328637740e-01,8.131197044804167051e-01,8.471648365576415207e-01,3.197442196215184440e-01,4.109059970756221980e-01,-4.043168025529802811e+00,-1.187443482547695606e+00,-3.554123559708469937e+00,-1.433306462912339008e+01,2.103074001717289221e+01,1.190433503494840312e-01,-5.160111270917659709e+01,2.101298402020601941e+01,-1.842709992266743438e-02,-5.218131826800860296e+01,6.105432322390398278e-03,1.456937104371106538e-02,-2.485409074082712676e-03,-5.134834145945399442e-03,-2.316601622216273135e-04,6.445524871288459134e-02,-2.909319134112246102e-04,1.089715761793033560e-05,-2.190017571401291701e-05,8.003619667542078986e-01,8.662019894470310288e-02,-5.562660415676445425e+00,6.143144243512997926e-01,6.772245113846877551e-01,8.456408766579445180e-01,8.276268773741501938e-01,7.707289303198195940e-01,-2.058924437364129112e-02,-5.463437645086610672e-02,-1.188266803984190378e-01
3.609999999999672582e+00,8.500000000000000000e+01,4.697913389093001157e+00,6.924691415787520121e+00,-1.785996869479533871e+02,nan,nan,nan,6.771382456139419803e-01,7.591158715197556806e-01,7.987381435572016297e-01,8.406425999958500039e-01,4.121390724049627252e-01,4.273067321166339472e-01,-4.237656431359729581e+00,-6.839320100818847559e-01,-3.844956825821685520e+00,-1.256655783763766721e+01,2.021702358161094537e+01,-1.402690351907822375e-01,-5.013196292241331520e+01,2.021329266666501567e+01,-2.959392770510737014e-01,-5.073683037544819285e+01,7.057173399508200745e-03,1.647182580661980117e-02,-2.709994074866416743e-03,-6.595650714550385652e-03,-2.371491010553214483e-04,6.732068823792326795e-02,-3.187102580505946081e-04,1.355176378575267668e-05,-2.963010150894259461e-05,7.693937251659357379e-01,8.873054836709701187e-02,-5.405477733358376113e+00,6.183661219963623168e-01,6.825059320996598178e-01,8.426159779900203040e-01,8.284663005680158454e-01,7.689087151716873514e-01,-2.003658473358266301e-02,-6.194104117223103723e-02,-1.015633132096769309e-01
3.619999999999890861e+00,8.500000000000000000e+01,4.570241274071627835e+00,7.286204919076078923e+00,1.788590204618665780e+02,nan,nan,nan,6.805727115198397792e-01,7.693043425075744013e-01,7.843565826326784896e-01,8.341203634334652950e-01,5.507186084103997681e-01,4.689786493824152913e-01,-4.413368518778477245e+00,-7.594574703869260146e-01,-4.555014529698530268e+00,-1.096355251454576063e+01,1.941012214390051582e+01,-5.509120435881547095e-01,-4.846125607170160521e+01,1.943598060348569234e+01,-7.231882679764992661e-01,-4.908932393385331494e+01,8.145122193747288478e-03,1.820893728762285405e-02,-2.787933003274181525e-03,-8.785142473041773412e-03,-2.448386888667601733e-04,6.988788062925668787e-02,-3.497930568339427610e-04,1.739497540458590416e-05,-4.180019697765579786e-05,7.390198965880641069e-01,9.098515327184231172e-02,-5.224144238824695918e+00,6.223780125056319612e-01,6.881038232813292410e-01,8.388586539331903680e-01,8.288309481290294656e-01,7.670885000233895745e-01,-1.948392509347390833e-02,-6.924770589426071377e-02,-8.429994601936480203e-02
3.630000000000109139e+00,8.500000000000000000e+01,4.430700769182816856e+00,7.648983117762150563e+00,1.763101972756202542e+02,nan,nan,nan,6.840071774257376891e-01,7.794928134953930110e-01,7.699750217081554604e-01,8.275981268710804750e-01,4.589223647598530409e-01,2.906920611751211414e-01,-4.448760590718380925e+00,-1.255677741601736619e+00,-5.614337762767730666e+00,-9.788230667250306993e+00,1.864638432891511499e+01,-2.549445179980793230e-01,-4.647500333670262762e+01,1.861427649058951772e+01,-4.451090595217259138e-01,-4.710225257285240019e+01,8.895052950181277923e-03,2.005477171153556906e-02,-3.225190083781010082e-03,-7.299235943850079962e-03,-2.200280536869688396e-04,7.023286503488743171e-02,-3.667891725482649162e-04,1.385990646311590323e-05,-3.693136241124878657e-05,7.094249093694562358e-01,9.337464225164711362e-02,-5.020240358755607701e+00,6.263526631613132167e-01,6.939977747951501241e-01,8.344161408090247090e-01,8.287514397691871926e-01,7.652682848750915756e-01,-1.893126545336515365e-02,-7.655437061629016826e-02,-6.703657882905267318e-02
3.640000000000327418e+00,8.500000000000000000e+01,4.279247994445897874e+00,8.013043727567266572e+00,1.737638949031467348e+02,nan,nan,nan,6.874416433316355990e-01,7.896812844832116207e-01,7.555934607836323202e-01,8.210758903086957661e-01,2.260478865069904808e-01,-2.229339895457693732e-02,-4.398223056287831056e+00,-1.315747314301518811e+00,-6.219205276790631842e+00,-9.418147009930507352e+00,1.792246363963344535e+01,4.745879186953220752e-01,-4.429845068260434715e+01,1.777927391748063357e+01,2.663063854355012805e-01,-4.490952988907051946e+01,9.442447918698949894e-03,2.190884954424122608e-02,-3.972160448797282077e-03,-3.585676291878086685e-03,-1.757628151175872938e-04,6.923579097356438727e-02,-3.757376109888879126e-04,6.494952706990393946e-06,-1.934405925490283358e-05,6.807918986780389092e-01,9.589017930270554713e-02,-4.795276532972144068e+00,6.302924756738409462e-01,7.001686928176895641e-01,8.293326285262990760e-01,8.282564204429411214e-01,7.634480697267937988e-01,-1.837860581325628795e-02,-8.386103533831973378e-02,-4.977321163874043330e-02
3.649999999999636202e+00,8.500000000000000000e+01,4.115837159022092351e+00,8.378404833893014825e+00,1.712301053543090745e+02,nan,nan,nan,6.908761092372210921e-01,7.998697554701036383e-01,7.412118998604172448e-01,8.145536537469041383e-01,1.857135744135469946e-01,-1.267032963231031206e-01,-4.534091646862814073e+00,-6.376210143554321697e-01,-6.379816986176908955e+00,-9.807323669612181050e+00,1.722296598425583980e+01,6.147642378569219135e-01,-4.198126061424209610e+01,1.703129827300134735e+01,3.913857919403700425e-01,-4.260730819299750038e+01,1.068534730357583069e-02,2.347463803101527968e-02,-4.338066166720888628e-03,-2.938731458566626927e-03,-1.643506902166172966e-04,7.119744183886499156e-02,-4.099353254297215254e-04,5.048853243350682613e-06,-1.693178411284128096e-05,6.533009017661496332e-01,9.852344000574850269e-02,-4.550692959657579806e+00,6.341996968600830398e-01,7.065987149436953052e-01,8.236494570534256265e-01,8.273726877053053652e-01,7.616278545786615561e-01,-1.782594617319782637e-02,-9.116770005968471979e-02,-3.250984444999827083e-02
3.659999999999854481e+00,8.500000000000000000e+01,3.895877431790069956e+00,8.467233299156360360e+00,1.684541970504770916e+02,nan,nan,nan,6.943105751431190020e-01,8.100582264579222480e-01,7.268303389358942157e-01,8.080314171845194293e-01,3.362324975277479200e-01,-2.436505521153681242e-02,-4.854733174615326163e+00,6.689766360437513493e-01,-6.819910709582101660e+00,-9.329166118357832715e+00,1.655733050463286204e+01,1.348787749789930601e-01,-3.948224713650478890e+01,1.637604742944164471e+01,-1.009073062404388654e-01,-4.015510527609592373e+01,1.271963154800713133e-02,2.478648701459757603e-02,-4.198750357840183058e-03,-5.309027209053385730e-03,-1.846884265685782482e-04,7.607180241612142291e-02,-4.714282117921867344e-04,8.596255350134841076e-06,-3.269364712401978256e-05,6.271274417453981398e-01,1.012665877709486989e-01,-4.287860002630281997e+00,6.380764286329534407e-01,7.132711307684038715e-01,8.174053002194461293e-01,8.261253108561007474e-01,7.598076394303637793e-01,-1.727328653308901618e-02,-9.847436478171422980e-02,-1.524647725968619749e-02
3.670000000000072760e+00,8.500000000000000000e+01,3.662330348717237616e+00,8.453832786186143977e+00,1.655823044647441691e+02,nan,nan,nan,6.977450410490169119e-01,8.202466974457409687e-01,7.124487780113710755e-01,8.015091806221347204e-01,3.837697664557617738e-01,-7.436267800629944857e-02,-4.885772122284630647e+00,1.600360992410455152e+00,-7.413096012742235175e+00,-7.564797629915966048e+00,1.591095651141158918e+01,1.556826656100194876e-02,-3.684665464498806386e+01,1.571581733542518755e+01,-2.328970307842978260e-01,-3.752207687397092428e+01,1.402274684490929443e-02,2.609977331645139259e-02,-4.256717671842986765e-03,-6.048099648236159552e-03,-1.751366462062151639e-04,7.641065436659255639e-02,-5.050855177878565971e-04,9.163327281922178501e-06,-3.981314639513048106e-05,6.024414384993457272e-01,1.041122503348382022e-01,-4.008079134158247570e+00,6.419246373466451772e-01,7.201703075913765684e-01,8.106363376616514405e-01,8.245377424004579625e-01,7.579874242820660024e-01,-1.672062689298020599e-02,-1.057810295037438508e-01,2.016889930626042382e-03
3.680000000000291038e+00,8.500000000000000000e+01,3.433783818121562081e+00,8.439587749334735989e+00,1.627201153602949262e+02,nan,nan,nan,7.011795069549147108e-01,8.304351684335595785e-01,6.980672170868480464e-01,7.949869440597499004e-01,4.157963938750506294e-01,-1.473044552006513019e-01,-4.873192409570492600e+00,1.151619102287036789e+00,-8.187705091123744339e+00,-5.791759324359748717e+00,1.530555014106413303e+01,-4.344104113941896911e-02,-3.406243908199939341e+01,1.509187289825315936e+01,-3.039631603714375019e-01,-3.473421657724166778e+01,1.525732383826595290e-02,2.734408250187369410e-02,-4.315390897011071002e-03,-6.542089666881441626e-03,-1.610385461170128979e-04,7.608638729817190915e-02,-5.360700620620648333e-04,9.198209577182374442e-06,-4.601725461936654216e-05,5.794063940026024095e-01,1.070534966611683403e-01,-3.712584305578598531e+00,6.457461625392408866e-01,7.272816209121580888e-01,8.033764156834429793e-01,8.226319223207430031e-01,7.561672091337681145e-01,-1.616796725287150682e-02,-1.130876942257733608e-01,1.928025712093817123e-02
3.689999999999599822e+00,8.500000000000000000e+01,3.210246122674979663e+00,8.424498281253910648e+00,1.598815024570267838e+02,nan,nan,nan,7.046139728605003150e-01,8.406236394204515960e-01,6.836856561636328600e-01,7.884647074979583836e-01,3.769006857083468387e-01,-2.208489576858539416e-01,-4.882173216767264456e+00,3.890331156285275344e-02,-9.072733908513990642e+00,-4.392207637404176523e+00,1.477948168967412101e+01,1.174198309412879809e-01,-3.114709813514210168e+01,1.451478142810171867e+01,-1.527725197815942570e-01,-3.181675695124490844e+01,1.662585734845307625e-02,2.834136480502526950e-02,-4.576234112683371519e-03,-5.921966807897121460e-03,-1.474355337295186845e-04,7.611948213695060583e-02,-5.716609652403171300e-04,7.652435991623370934e-06,-4.447802907903875447e-05,5.581788068080649756e-01,1.100838143659517709e-01,-3.402543654312035315e+00,6.495427251114457290e-01,7.345913894083601070e-01,7.956571977381549088e-01,8.204283756237492620e-01,7.543469939856357609e-01,-1.561530761281287871e-02,-1.203943589471384024e-01,3.654362430968033371e-02
3.699999999999818101e+00,8.500000000000000000e+01,2.991724548332562073e+00,8.408564479783938950e+00,1.570796528842853377e+02,nan,nan,nan,7.087132199008823186e-01,8.499464585398390781e-01,6.696075586708041261e-01,7.816305516364057127e-01,3.130863190879656366e-01,-2.946052285255276182e-01,-4.898729341771604240e+00,-8.838473175940649018e-02,-8.851144407641388767e+00,-3.658273757133129855e+00,1.430219510785366310e+01,3.270525513647125071e-01,-2.811524573524767234e+01,1.397441230301423332e+01,7.767558104737491698e-02,-2.878344128488882703e+01,1.807061896624643019e-02,2.615674554056886952e-02,-4.909133928628799277e-03,-4.913864983004577469e-03,-1.335573396318618278e-04,7.629099553625401375e-02,-6.098429611475470564e-04,5.768523797445107923e-06,-3.932303904941340453e-05,5.383678624223390274e-01,1.131535659167914876e-01,-3.079274516810597717e+00,6.533588087175874470e-01,7.420309856085353095e-01,7.875278764790250019e-01,8.179261869805928287e-01,7.524744471869828644e-01,-1.460512283667758648e-02,-1.266281158022791731e-01,5.371078406675577899e-02
3.710000000000036380e+00,8.500000000000000000e+01,2.830995354017231680e+00,8.252830401209791944e+00,1.541429922562895456e+02,nan,nan,nan,7.217682521500183856e-01,8.476074061092143674e-01,6.596176537754897540e-01,7.705942875908111667e-01,3.145290850090194379e-01,-3.239966211121819151e-01,-4.960083306874022213e+00,1.065826578987763229e+00,-7.386545848274252535e+00,-3.686257103609638541e+00,1.365641826331907538e+01,2.860965043694304599e-01,-2.498691405619444339e+01,1.329327148879455933e+01,8.449059057882793433e-02,-2.566260449976737235e+01,1.947996224832468024e-02,2.116116832910275650e-02,-4.997348618044504011e-03,-4.932374698102066392e-03,-1.235468701212740633e-04,7.718147616061669936e-02,-6.470100926844039348e-04,5.186138000966170653e-06,-4.136700352355029937e-05,5.126871852801344609e-01,1.156706719829067587e-01,-2.746705176372758572e+00,6.577707399768539798e-01,7.488399272761938619e-01,7.792785605715967234e-01,8.148736100847656649e-01,7.498968999063834184e-01,-7.431260071937284550e-03,-1.184078938872586972e-01,6.958185844646597173e-02
3.720000000000254659e+00,8.500000000000000000e+01,2.704761421278057298e+00,8.043837455277506265e+00,1.511524506467951596e+02,nan,nan,nan,7.348232843991543417e-01,8.452683536785897678e-01,6.496277488801753819e-01,7.595580235452166207e-01,3.613387776281382080e-01,-3.225454360174564994e-01,-5.052580845848164692e+00,1.852106349251687378e+00,-6.396711855516843848e+00,-3.293277403854230734e+00,1.284976361550206114e+01,8.602835788693811991e-02,-2.176986928089851148e+01,1.247155946865101583e+01,-7.070472187358031735e-02,-2.245945527128336394e+01,2.082236430138921512e-02,1.646925156902675699e-02,-4.901074893694200296e-03,-5.663177474670755968e-03,-1.153265455707652818e-04,7.857657375588955606e-02,-6.822413961864907212e-04,5.238155202847785967e-06,-4.912535252219290259e-05,4.812877599516042215e-01,1.176633786692488637e-01,-2.405676082037773611e+00,6.627400908776333033e-01,7.550588872235410864e-01,7.709169888325189124e-01,8.113061411340856122e-01,7.473193526257839725e-01,-2.573973071970936388e-04,-1.101876719722383324e-01,8.545293282617605346e-02
3.729999999999563443e+00,8.500000000000000000e+01,2.592541993367789122e+00,7.839755403561246005e+00,1.481920068529927050e+02,nan,nan,nan,7.478783166471030253e-01,8.429293012481777758e-01,6.396378439857695053e-01,7.485217595006259383e-01,4.605516558903609559e-01,-4.051473022658911294e-01,-5.089891875286098433e+00,7.747265840000077119e-01,-6.790386981378135900e+00,-1.494087451793699284e+00,1.183842223091667734e+01,-2.818210183561179472e-01,-1.845215552772059553e+01,1.147845654508147817e+01,-3.965907424838969186e-01,-1.914988842360098786e+01,2.169742335085001264e-02,1.206621884348896973e-02,-4.570469781220769245e-03,-7.215859344427675431e-03,-9.275443746051999770e-05,7.913072384147901150e-02,-7.027526578714777357e-04,5.733908997269059789e-06,-6.404398875514820150e-05,4.443085444568536380e-01,1.191587969695615395e-01,-2.056946793478758195e+00,6.682309117465652371e-01,7.607259151505099126e-01,7.624504009788810599e-01,8.072569870696182370e-01,7.447418053454191167e-01,6.916465456890841246e-03,-1.019674500579655918e-01,1.013240072044426787e-01
3.739999999999781721e+00,8.500000000000000000e+01,2.494312494476733644e+00,7.640574340996499458e+00,1.452758573492173753e+02,nan,nan,nan,7.609333488962390923e-01,8.405902488175530651e-01,6.296479390904551332e-01,7.374854954550313924e-01,6.210342024118544746e-01,-5.860237773569534347e-01,-5.062678981441331771e+00,-1.228739642423490430e+00,-7.234458470520348961e+00,1.216208290710784901e-01,1.061711186149008768e+01,-8.360809037172005631e-01,-1.500897374340254942e+01,1.031342118440744926e+01,-9.116938210965020994e-01,-1.570820895234496639e+01,2.206219677510286650e-02,7.940307145812584844e-03,-3.956345909746236678e-03,-9.729793744438094971e-03,-5.456579278273823719e-05,7.870051258213268952e-02,-7.076934750124574437e-04,6.428287944926447612e-06,-8.755620966977869070e-05,4.018781164059082034e-01,1.201828883709459284e-01,-1.701204701648455497e+00,6.742095714132646522e-01,7.658766068171384278e-01,7.538855698164728114e-01,8.027572132165523566e-01,7.421642580648195597e-01,1.409032822163114318e-02,-9.374722814294511597e-02,1.171950815841527604e-01
3.750000000000000000e+00,8.500000000000000000e+01,2.410049011155274368e+00,7.446284917497717259e+00,1.424168712645340804e+02,nan,nan,nan,7.739883811453751594e-01,8.382511963869284655e-01,6.196580341951407611e-01,7.264492314094368464e-01,5.808566629393626668e-01,-7.369080283511699747e-01,-5.027588391532420431e+00,-2.085567973886754967e+00,-7.148758434056219357e+00,8.566121480564169444e-01,9.343713417615454375e+00,-7.196610363574388325e-01,-1.158499804921183163e+01,9.019519300579911913e+00,-7.593115864156541051e-01,-1.227679338873051940e+01,2.221903142572172196e-02,4.151876205205947377e-03,-4.226054962921512413e-03,-9.102298367878311133e-03,-1.807604906295598649e-05,7.817072097343953641e-02,-7.071902744019129862e-04,4.763442026791466508e-06,-8.240260921561242042e-05,3.541160666016840430e-01,1.207604624446681763e-01,-1.339072738508441773e+00,6.806446076828450709e-01,7.705442623055934748e-01,7.452288313524771945e-01,7.978358814036590196e-01,7.395867107842202248e-01,2.126419098637138960e-02,-8.552700622792469565e-02,1.330661559638629532e-01
3.760000000000218279e+00,8.500000000000000000e+01,2.314753238039843009e+00,7.065515689630132989e+00,1.394698397631422040e+02,nan,nan,nan,7.870434133945111155e-01,8.359121439563037548e-01,6.096681292998262780e-01,7.154129673638423004e-01,4.965123597732295502e-01,-8.811907697936970374e-01,-4.990763862665036577e+00,-1.512242757684911787e+00,-7.090765139585788468e+00,1.768621639350085317e+00,7.950348135158159302e+00,-4.614755042660603768e-01,-8.142269190580995186e+00,7.592069221983633653e+00,-4.675736243993699470e-01,-8.824634152806943632e+00,2.220111908131642414e-02,6.144405279925786462e-04,-4.710366686242370773e-03,-7.784370838797908393e-03,1.907696503200100103e-05,7.763617409442831463e-02,-7.025033879249243263e-04,2.979553395393173903e-06,-7.041550742690532653e-05,3.011341770891143854e-01,1.209151842616601885e-01,-9.711161977160731595e-01,6.875065874522255926e-01,7.747600340753441062e-01,7.364861129658711869e-01,7.925201791747514823e-01,7.370091635036208899e-01,2.843805375111169154e-02,-7.730678431290433084e-02,1.489372303435732015e-01
3.770000000000436557e+00,8.500000000000000000e+01,2.231971621836279507e+00,6.597251098701966576e+00,1.364911823476841448e+02,nan,nan,nan,8.000984456436471826e-01,8.335730915256790441e-01,5.996782244045119059e-01,7.043767033182477544e-01,4.780163145109888601e-01,-9.443440212614505613e-01,-4.977923378694423029e+00,-1.094900911343272387e+00,-6.876451619526180892e+00,2.782946014362206455e+00,6.419767802646372701e+00,-4.308164924438567800e-01,-4.640783116074804759e+00,6.055369595491363555e+00,-4.053260788429514649e-01,-5.320005709482427569e+00,2.214675129217727467e-02,-2.709823962533644895e-03,-4.910970065702634918e-03,-7.500100773462229156e-03,4.744395522908694392e-05,7.749823828087641642e-02,-6.981705671072279502e-04,1.794021079594545995e-06,-6.738373995566617294e-05,2.430374155188071983e-01,1.206695897848531901e-01,-5.978487731998782806e-01,6.947679758478829681e-01,7.785530654698249453e-01,7.276629597610907441e-01,7.868355406669728103e-01,7.344316162230215550e-01,3.561191651585199347e-02,-6.908656239788385500e-02,1.648083047232832277e-01
3.779999999999745341e+00,8.500000000000000000e+01,2.175872753018318839e+00,6.134698638813679494e+00,1.335631544926760625e+02,nan,nan,nan,8.131534778915958661e-01,8.312340390952671632e-01,5.896883195101061403e-01,6.933404392736569610e-01,5.051092391314420116e-01,-9.513285904734299914e-01,-4.981687857942374009e+00,-2.008721538970442921e+00,-6.518849105707119840e+00,3.888675760931657788e+00,4.754004356797338460e+00,-5.561485459326187542e-01,-1.080106219756179264e+00,4.404180706792216959e+00,-5.010553588151325233e-01,-1.760589200649175234e+00,2.201711844486591366e-02,-5.821306652140352186e-03,-4.916999469124182232e-03,-7.933459417383478818e-03,7.016670978195436732e-05,7.764186699854284945e-02,-6.930657894123955654e-04,7.365210483787038482e-07,-7.041280326901462085e-05,1.799247732454561932e-01,1.200451076615612067e-01,-2.197379094118776521e-01,7.024030138032275605e-01,7.819506202903995229e-01,7.187645592221268975e-01,7.808057596933432043e-01,7.318540689426565882e-01,4.278577927993976182e-02,-6.086634048361105886e-02,1.806793791015500195e-01
3.789999999999963620e+00,8.500000000000000000e+01,2.146373161345624503e+00,5.677812780281718652e+00,1.306974908807671341e+02,nan,nan,nan,8.262085101407319332e-01,8.288949866646424525e-01,5.796984146147916572e-01,6.823041752280624150e-01,4.996089858317304677e-01,-9.962365017883019203e-01,-4.971172920146729624e+00,-3.355205200724900028e+00,-6.382271387763975845e+00,5.188458242434575318e+00,2.956642331323373174e+00,-5.714732521460859083e-01,2.511353763609818657e+00,2.613468838314997988e+00,-4.890461624047376943e-01,1.832829049788485154e+00,2.167657417281778146e-02,-8.701623995735544709e-03,-5.071334599097561749e-03,-7.857510954692217484e-03,9.865976901430907880e-05,7.758526371067779592e-02,-6.830255177140865264e-04,-4.410881046395447546e-07,-6.855650841490366833e-05,1.118899707274991773e-01,1.190620860737079956e-01,1.627904544683627108e-01,7.103876035316902815e-01,7.849782040136548122e-01,7.097957642763708108e-01,7.744530955320144683e-01,7.292765216620571422e-01,4.995964204468011927e-02,-5.264611856859063854e-02,1.965504534812601567e-01
3.800000000000181899e+00,8.500000000000000000e+01,2.120233076381162096e+00,5.204194633261845837e+00,1.278950150103281658e+02,nan,nan,nan,8.390562818610730611e-01,8.267762676765539887e-01,5.701057656644924476e-01,6.714852958637561597e-01,4.677843798643132045e-01,-1.071773750144431325e+00,-4.949125004160184638e+00,-4.210111944192497901e+00,-6.237979476119039468e+00,6.353849866904417887e+00,1.041150438536425415e+00,-4.901395832956879639e-01,6.126247932525155093e+00,6.983340987559465418e-01,-3.910586885514168443e-01,5.450401947858177110e+00,2.116045661775928233e-02,-1.047177047227188830e-02,-5.148048641444163964e-03,-7.368841859635513920e-03,1.316361224388374414e-04,7.737034173480625276e-02,-6.692482134456209869e-04,-1.527585769120959204e-06,-6.292559470850696626e-05,3.942425232409496605e-02,1.177475955480173087e-01,5.487949659657509471e-01,7.186858345291491368e-01,7.876738871591155711e-01,7.007867351049617000e-01,7.678123916867480858e-01,7.268559027664689420e-01,5.682977219189139229e-02,-4.454975800737231983e-02,2.121207440046891102e-01
3.810000000000400178e+00,8.500000000000000000e+01,1.981357828145973166e+00,4.596725539134339122e+00,1.250925711821838178e+02,nan,nan,nan,8.444349982416899936e-01,8.325977131040598334e-01,5.748290438934038349e-01,6.685003162969201940e-01,2.865796672769840292e-01,-1.116410695803649267e+00,-4.887926052856065517e+00,-4.871530208823640962e+00,-5.197136553817586879e+00,7.171177813239115295e+00,-5.404531610232629069e-01,8.968847247025243941e-02,9.461534562440382601e+00,-9.395814641985940074e-01,1.960451175339942564e-01,8.798135542915680674e+00,2.044868413062636558e-02,-1.125725926762407257e-02,-5.656684540762273866e-03,-4.520679362047082088e-03,1.577750200885561166e-04,7.652485594958312320e-02,-6.501218766029590902e-04,-1.590997020101456636e-06,-3.775333403178336250e-05,-2.290693291383549823e-02,1.164029907455197410e-01,9.182203350553113097e-01,7.267957772267235050e-01,7.905711601382198195e-01,6.926633438402718390e-01,7.614074565220907420e-01,7.300905178840184639e-01,5.275427877057325965e-02,-4.091699363294309943e-02,2.168516755777129545e-01
3.819999999999708962e+00,8.500000000000000000e+01,1.873269392226551977e+00,3.990089786215567980e+00,1.223370458455299712e+02,nan,nan,nan,8.498137146218177618e-01,8.384191585310363237e-01,5.795523221218856769e-01,6.655153367303556777e-01,6.480070397947845784e-02,-1.152654578570291743e+00,-4.816092995322567738e+00,-4.853933167660716919e+00,-3.417051896467437455e+00,7.854315273604314029e+00,-1.859993123893168177e+00,7.838293534180306166e-01,1.261269053641573379e+01,-2.330729116301688553e+00,8.973436449883043231e-01,1.196478491143612111e+01,1.967167830405648632e-02,-1.202736818998288021e-02,-6.308839937026660370e-03,-1.023406821713540886e-03,1.797086205134558522e-04,7.549339275638043689e-02,-6.293805446677958049e-04,-5.017870571024276314e-07,-8.348243120652519981e-06,-7.593165482982511261e-02,1.150361333809685332e-01,1.272530512860358343e+00,7.347295749045247293e-01,7.936570218147749323e-01,6.853684730234989031e-01,7.552230846050124180e-01,7.333251330012738878e-01,4.867878534962571946e-02,-3.728422925884428141e-02,2.215826071503064210e-01
3.829999999999927240e+00,8.500000000000000000e+01,1.795859455979590180e+00,3.384217457846282695e+00,1.196370879390492519e+02,nan,nan,nan,8.551924310024348053e-01,8.442406039585422795e-01,5.842756003507971752e-01,6.625303571635197120e-01,1.090950641853075109e-01,-1.213640084853524703e+00,-4.685887892115630393e+00,-4.378694491974001402e+00,-1.828891748888611613e+00,8.594207164682472921e+00,-3.074096194713678010e+00,6.336919073832801841e-01,1.582318264180750766e+01,-3.500796682079525990e+00,7.534361078879973084e-01,1.518979175468329501e+01,1.865911417956574864e-02,-1.269828396644563477e-02,-5.887229273864045057e-03,-1.724605135620153277e-03,2.009438852692426000e-04,7.352742961252993481e-02,-6.012146519893679653e-04,-1.073902316104638359e-06,-1.371911185883307225e-05,-1.203949402126270884e-01,1.136536120161854568e-01,1.613046653836914146e+00,7.424985876859813150e-01,7.969193095351273515e-01,6.788486888730216329e-01,7.492450511466680618e-01,7.365597481188235207e-01,4.460329192830753131e-02,-3.365146488441500550e-02,2.263135387233301543e-01
3.840000000000145519e+00,8.500000000000000000e+01,1.749039515739915007e+00,2.779039308023052879e+00,1.170000181034056084e+02,nan,nan,nan,8.605711473830517377e-01,8.500620493860481242e-01,5.889988785797085624e-01,6.595453775966837462e-01,2.299291880926164489e-01,-1.281742869908717219e+00,-4.538891242417101068e+00,-4.667192728745750863e+00,-8.768189347734051120e-01,9.508355759267393736e+00,-4.114781305549189305e+00,2.654619405456080106e-01,1.898011723360382419e+01,-4.464429271156698853e+00,3.907249023912777730e-01,1.836153937065068575e+01,1.759246391559692035e-02,-1.329142128748380183e-02,-5.205439806100766072e-03,-3.637487217914313342e-03,2.197071746498163941e-04,7.127851118390879370e-02,-5.711083288621375759e-04,-2.725796127894927839e-06,-2.816121774893627321e-05,-1.569681981411571448e-01,1.122609230313090511e-01,1.940962620916806713e+00,7.501134430458796798e-01,8.003466450517936481e-01,6.730540037128687203e-01,7.434600487577498473e-01,7.397943632363730426e-01,4.052779850698939867e-02,-3.001870050998578510e-02,2.310444702963536656e-01
3.850000000000363798e+00,8.500000000000000000e+01,1.732741374788446143e+00,2.174486687647515293e+00,1.144317755069541818e+02,nan,nan,nan,8.659498637636687812e-01,8.558834948135540799e-01,5.937221568086199497e-01,6.565603980298477804e-01,1.315875433007142326e-01,-1.296646802160518419e+00,-4.407127511813105691e+00,-5.280279820528189560e+00,-3.540565117509803517e-01,1.075523114813381120e+01,-4.858714350076035693e+00,5.504008598220214710e-01,2.184624683914130117e+01,-5.223148267069667838e+00,6.816054808532174825e-01,2.124809156002296007e+01,1.657488557148551617e-02,-1.392224511648523441e-02,-5.369730391979210885e-03,-2.082828407727635618e-03,2.294521986887277677e-04,6.924979844103643090e-02,-5.422103065003167728e-04,-1.813278438742254965e-06,-1.565576224212687127e-05,-1.862575055960887793e-01,1.108626273758196862e-01,2.257358688266892344e+00,7.575840830611159094e-01,8.039283839347757255e-01,6.679376537230036215e-01,7.378556282826080892e-01,7.430289783539225645e-01,3.645230508567126604e-02,-2.638593613555656470e-02,2.357754018693775100e-01
3.859999999999672582e+00,8.500000000000000000e+01,1.625864090598881928e+00,1.553624623825609508e+00,1.119700605053788109e+02,nan,nan,nan,8.713285801437965494e-01,8.617049402405305703e-01,5.984454350371017917e-01,6.535754184632832642e-01,-1.065886008948619401e-01,-1.277609779189327055e+00,-4.285082408553023470e+00,-5.382443101418779463e+00,3.920284123407510868e-01,1.228045504999831827e+01,-5.359533990858774466e+00,1.210871800264686104e+00,2.449748957733666188e+01,-5.797353176144162568e+00,1.348443381513471317e+00,2.392280246358425799e+01,1.558493555473662584e-02,-1.459359003653900276e-02,-6.010213214512532230e-03,1.687686081242438648e-03,2.327612352080094037e-04,6.735667198603889627e-02,-5.137243404588334511e-04,1.665121055255566979e-06,1.228209372271701635e-05,-2.088108947756086575e-01,1.094624862412806043e-01,2.563213659129576882e+00,7.649198086140402975e-01,8.076545682454243646e-01,6.634558910231076467e-01,7.324201434491919294e-01,7.462635934711779884e-01,3.237681166472372585e-02,-2.275317176145774667e-02,2.405063334419709764e-01
3.869999999999890861e+00,8.500000000000000000e+01,1.471060749580647808e+00,9.188320945460629607e-01,1.095783941584216308e+02,nan,nan,nan,8.767072965244135929e-01,8.675263856680364150e-01,6.031687132660132900e-01,6.505904388964472984e-01,-2.241050966854504778e-01,-1.283613694269504224e+00,-4.171044271438790751e+00,-5.475581540804991931e+00,1.773483830061781452e+00,1.386870581319439921e+01,-5.753460197418307942e+00,1.505483119976173789e+00,2.715968129795853869e+01,-6.216003414382353931e+00,1.648708779882465114e+00,2.660325449002684195e+01,1.464265859101898312e-02,-1.519020739218222144e-02,-6.190825582478587559e-03,3.548856678352542079e-03,2.369981144109438095e-04,6.557500718414925600e-02,-4.862284103977536570e-04,3.895799351784150822e-06,2.492554783875798664e-05,-2.251247658462758316e-01,1.080635783969318281e-01,2.859415589490227561e+00,7.721293207451217500e-01,8.115158822626451496e-01,6.595677891656178682e-01,7.271426990886133979e-01,7.494982085887276213e-01,2.830131824340559321e-02,-1.912040738702841525e-02,2.452372650149947098e-01
3.880000000000109139e+00,8.500000000000000000e+01,1.343506166548174674e+00,2.796838319345471002e-01,1.072336685901242248e+02,nan,nan,nan,8.820860129050305254e-01,8.733478310955423707e-01,6.078919914949246772e-01,6.476054593296113326e-01,-2.170380530537996677e-01,-1.315472886849555101e+00,-4.065273489624146919e+00,-5.505659287286932546e+00,3.513421498742669513e+00,1.533289675637971960e+01,-6.053496377749775448e+00,1.452963561622624855e+00,2.983904647932927645e+01,-6.490567683268624322e+00,1.600935582644013699e+00,2.929596845753764711e+01,1.375339729920787256e-02,-1.569139044889122578e-02,-5.949951940891111749e-03,3.436728480803408377e-03,2.425323980313714002e-04,6.391061147309129442e-02,-4.598559193273170798e-04,4.138649801961993302e-06,2.321171061535245560e-05,-2.356495333867808517e-01,1.066684015793186446e-01,3.146771284886860087e+00,7.792207593384645747e-01,8.155036110642494007e-01,6.562350611729388383e-01,7.220131026942921970e-01,7.527328237062772542e-01,2.422582482208740506e-02,-1.548764301259925036e-02,2.499681965880184431e-01
3.890000000000327418e+00,8.500000000000000000e+01,1.243142954782429310e+00,-3.638981762810536424e-01,1.049395331598976071e+02,nan,nan,nan,8.874647292856475689e-01,8.791692765230482154e-01,6.126152697238360645e-01,6.446204797627753669e-01,-1.628351512910769239e-01,-1.234839158918565660e+00,-3.935944023131548342e+00,-4.654425460740503340e+00,5.175783215348120692e+00,1.639353869858771517e+01,-6.205665216787694227e+00,1.277723017403114447e+00,3.249139694898394737e+01,-6.594503765984506494e+00,1.429212643327293142e+00,3.196363755041655708e+01,1.273477726520827122e-02,-1.604752371934010935e-02,-5.530386296660005571e-03,2.577806846042456773e-03,2.322835401159318094e-04,6.186203001895593939e-02,-4.285737034364516299e-04,3.367445310746064054e-06,1.667417273150389125e-05,-2.407946012313899042e-01,1.052789600211610360e-01,3.426014717181221414e+00,7.862017393125053655e-01,8.196096017796556943e-01,6.534218893100940395e-01,7.170218191051275225e-01,7.559674388238267762e-01,2.015033140076932794e-02,-1.185487863816997445e-02,2.546991281610421765e-01
3.899999999999636202e+00,8.500000000000000000e+01,1.169933472563458476e+00,-1.011995258942762765e+00,1.026988376742330331e+02,nan,nan,nan,8.916949116147909749e-01,8.839824223782611901e-01,6.186870444960617110e-01,6.436544679911130329e-01,-9.145393365592076329e-02,-1.113208215729789119e+00,-3.798028767760909474e+00,-4.117824406189559916e+00,6.870445817364045027e+00,1.691791140814336458e+01,-6.237543553326622359e+00,1.070389953674514061e+00,3.503513888732118176e+01,-6.570200304468655439e+00,1.223525357412879710e+00,3.452303315931389704e+01,1.168181393791393151e-02,-1.620107611116398602e-02,-4.996978788667480291e-03,1.447109996729596670e-03,2.153945141187437709e-04,5.966504335681937360e-02,-3.954473890307772074e-04,2.029249924171014925e-06,8.927326164899160728e-06,-2.413773157972957661e-01,1.039166904323084450e-01,3.692717308989614367e+00,7.930053120528588462e-01,8.237611990620785640e-01,6.511817344435781862e-01,7.122901374315407930e-01,7.595047116200568382e-01,1.633995636579055333e-02,-8.627467129260768530e-03,2.566679107529387660e-01
3.909999999999854481e+00,8.500000000000000000e+01,1.072972816876499147e+00,-1.542018576573410682e+00,1.006637944742833213e+02,nan,nan,nan,8.948216004441449378e-01,8.878268098216419713e-01,6.260544335954267847e-01,6.446282488069888794e-01,-1.447853912236873875e-01,-1.053558107081661532e+00,-3.642061337031805124e+00,-4.560872246286632681e+00,8.515115308132680028e+00,1.714532601257672795e+01,-6.131531361813013170e+00,1.174364566675713650e+00,3.732567363109612302e+01,-6.460124605019046840e+00,1.329005960840411227e+00,3.683499627834491008e+01,1.065082330761213565e-02,-1.634855108728206982e-02,-4.797237426843595394e-03,2.289331094284753534e-03,2.042971329394687992e-04,5.717293164930441901e-02,-3.622213190827089585e-04,3.412434600757842788e-06,1.341250262804375912e-05,-2.380991880143669692e-01,1.025998553926733281e-01,3.942916499376691419e+00,7.995717514641031975e-01,8.278929834557536838e-01,6.495611990538632252e-01,7.079264182356884705e-01,7.633327731670506155e-01,1.278430291703253063e-02,-5.789512294529564063e-03,2.559828639316856225e-01
3.920000000000072760e+00,8.500000000000000000e+01,9.574444468005604003e-01,-1.989212640779527641e+00,9.877086839778111482e+01,nan,nan,nan,8.979482892734989008e-01,8.916711972650227525e-01,6.334218226947918584e-01,6.456020296228647259e-01,-2.808437531158194389e-01,-1.035022364405507656e+00,-3.474119176547436183e+00,-4.386813807998224846e+00,9.727282690763004780e+00,1.739203799055509236e+01,-5.904235270615412645e+00,1.454328771380244634e+00,3.941463491414004494e+01,-6.263881853120218501e+00,1.611015802838184019e+00,3.894918046340987416e+01,9.659830396889864182e-03,-1.655817663834093303e-02,-4.812050202093038492e-03,4.436337574795575986e-03,1.968471418393158130e-04,5.448356926976482412e-02,-3.295713001529254832e-04,6.972652900710645392e-06,2.456484214440430856e-05,-2.311648933795852900e-01,1.013258451657550741e-01,4.177776464950982316e+00,8.059163509895822530e-01,8.320062327536115188e-01,6.485203220127573331e-01,7.039069305079863614e-01,7.671608347140445039e-01,9.228649468274507939e-03,-2.951557459798359595e-03,2.552978171104324789e-01
3.930000000000291038e+00,8.500000000000000000e+01,8.570508496541047183e-01,-2.440829005137310048e+00,9.690910861837105017e+01,nan,nan,nan,9.010749781028528638e-01,8.955155847084035337e-01,6.407892117941568211e-01,6.465758104387405725e-01,-3.201146394002064577e-01,-9.668672008546670416e-01,-3.258922715649217317e+00,-2.871852260163505921e+00,1.041442522912959312e+01,1.788811637476988636e+01,-5.616280631464563022e+00,1.485411025541474528e+00,4.143906022742547179e+01,-5.964267582759830155e+00,1.643516619594159955e+00,4.100353314543318817e+01,8.562482757412262849e-03,-1.669242549063735398e-02,-4.571281259935321487e-03,5.050525587904006880e-03,1.816909933644759122e-04,5.104576485520054968e-02,-2.927204891841679482e-04,8.313843517468840483e-06,2.628651818553399754e-05,-2.207607399503380141e-01,1.000919903386956328e-01,4.398362089158254662e+00,8.120534177523691666e-01,8.361021423398641295e-01,6.480217194057069641e-01,7.002094737232064103e-01,7.709888962610383922e-01,5.672996019516540755e-03,-1.136026250672106386e-04,2.546127702891795574e-01
3.939999999999599822e+00,8.500000000000000000e+01,7.717860862046094228e-01,-2.896899793561097614e+00,9.507981538312404268e+01,nan,nan,nan,9.042016669319224986e-01,8.993599721514347056e-01,6.481566008928518752e-01,6.475495912545278232e-01,-2.899000660622546577e-01,-8.630893677048395718e-01,-3.009801547440390745e+00,-1.142721276283958032e+00,1.086914543898409313e+01,1.873563932994718684e+01,-5.265161164724682763e+00,1.361063847344887501e+00,4.338363280238485942e+01,-5.571671502751311067e+00,1.520050435356183005e+00,4.298169469334211357e+01,7.419273538998093220e-03,-1.676334325987565571e-02,-4.181721074357107500e-03,4.567202689249871828e-03,1.611385546733951470e-04,4.707402784299700299e-02,-2.538353398522267624e-04,7.829475231444915702e-06,2.220390411519337077e-05,-2.070567527801279728e-01,9.889559852858292865e-02,4.605648811026080480e+00,8.179963361660164134e-01,8.401818305047691338e-01,6.480304183194763867e-01,6.968132791349206379e-01,7.748169578076842257e-01,2.117342571081870517e-03,2.724352209405922487e-03,2.539277234679886974e-01
3.949999999999818101e+00,8.500000000000000000e+01,6.950558729683726789e-01,-3.336270335350048022e+00,9.330898549161655353e+01,nan,nan,nan,9.073283557612764616e-01,9.032043595948154868e-01,6.555239899922168378e-01,6.485233720704036697e-01,-3.853810304831990496e-01,-6.728757352093591715e-01,-2.749884632908203841e+00,-5.610979779328363337e-01,1.157532495536937311e+01,1.953596983931472408e+01,-4.768826831054354010e+00,1.470838334387407853e+00,4.516552117306112279e+01,-5.084793294518845208e+00,1.631768423319283956e+00,4.480133252045309433e+01,6.247066537398163200e-03,-1.693791331477560377e-02,-4.077436608437221000e-03,6.061326634905359750e-03,1.299149307631017271e-04,4.293415091261176819e-02,-2.137895368358185108e-04,1.076841051063609327e-05,2.732646634468522160e-05,-1.902084951582866390e-01,9.773398433624050363e-02,4.800531381438055689e+00,8.237576274429293521e-01,8.442463434167188918e-01,6.485137013495330116e-01,6.936989174357869326e-01,7.786450193546781140e-01,-1.438310877676096666e-03,5.562307044137071443e-03,2.532426766467357759e-01
3.960000000000036380e+00,8.500000000000000000e+01,4.930585042567917631e-01,-3.353659323128000747e+00,9.206467600063176349e+01,nan,nan,nan,9.104550445906304246e-01,9.070487470381963790e-01,6.628913790915819115e-01,6.494971528862795163e-01,-5.119527085615831474e-01,-4.612822611159205222e-01,-2.487297397194130788e+00,-1.068381634576715422e+00,1.222097375463990510e+01,1.997748844621601094e+01,-4.183129699849821748e+00,1.597962648522973650e+00,4.685817070747737745e+01,-4.522276660391783665e+00,1.761126586808511751e+00,4.653246334302947673e+01,5.120092682817963328e-03,-1.714138038976654663e-02,-4.016121467315700126e-03,8.036963242133651070e-03,9.625519759276953129e-05,3.875823830016395660e-02,-1.751463357093956867e-04,1.473508330715046129e-05,3.331712906904137691e-05,-1.703586607650508233e-01,9.660449354871758487e-02,4.983831656235176766e+00,8.293490052647561894e-01,8.482966597735291936e-01,6.494409611353615386e-01,6.908482123730665947e-01,7.824730809016720023e-01,-4.993964326434174872e-03,8.400261878868220400e-03,2.525576298254827434e-01
3.970000000000254659e+00,8.500000000000000000e+01,2.917065821531363845e-01,-3.376093648743716091e+00,9.083338638901284412e+01,nan,nan,nan,9.135817334199843875e-01,9.108931344815771602e-01,6.702587681909469852e-01,6.504709337021553628e-01,-5.329945584041054785e-01,-2.550480486535841584e-01,-2.298660041408188359e+00,-1.621958811458839911e+00,1.238462393643364123e+01,2.032542452705326852e+01,-3.569601659547751105e+00,1.554496487418174144e+00,4.850986255702313343e+01,-3.893644582070014071e+00,1.718955997099384847e+00,4.820989769852432261e+01,4.197228085562112847e-03,-1.724610135211526729e-02,-3.745927239535877702e-03,8.349955535540897270e-03,6.474364632958925483e-05,3.574135039486825427e-02,-1.434282800688923361e-04,1.574110928927436082e-05,3.151042445830093332e-05,-1.476384664383370293e-01,9.550452245525334338e-02,5.156305539645092750e+00,8.347814278624989814e-01,8.523336951538432738e-01,6.507835642774062457e-01,6.882441599353610329e-01,7.863011424486660017e-01,-8.549617775192197566e-03,1.123821671359942487e-02,2.518725830042297109e-01
3.979999999999563443e+00,8.500000000000000000e+01,9.099468769659112277e-02,-3.403573664365044937e+00,8.961548055183779127e+01,nan,nan,nan,9.167084222490540224e-01,9.147375219246083322e-01,6.776261572896419283e-01,6.514447145179426135e-01,-5.284569952879764054e-01,-5.011286956101873580e-02,-2.127947423586999953e+00,-1.365949647199500960e+00,1.258392770383479586e+01,2.071585443997462050e+01,-2.897879940847784663e+00,1.477160590437594845e+00,5.007535675043698120e+01,-3.198277277647562755e+00,1.642633613711653284e+00,4.979817299556771815e+01,3.352854273824830162e-03,-1.732132702339794425e-02,-3.442861001434237463e-03,8.260186916184502487e-03,3.396358256974128104e-05,3.300944701442076051e-02,-1.143945238206142744e-04,1.596040617519556864e-05,2.803300679407195526e-05,-1.221688714126996644e-01,9.443153302302348395e-02,5.318649177699660058e+00,8.400651467377855397e-01,8.563583060878545705e-01,6.525147240303345031e-01,6.858708527512273889e-01,7.901292039953117241e-01,-1.210527122362681229e-02,1.407617154807250248e-02,2.511875361830389619e-01
3.989999999999781721e+00,8.500000000000000000e+01,-1.090826273283905107e-01,-3.436099806689242531e+00,8.841126576912643031e+01,nan,nan,nan,9.198351110784079854e-01,9.185819093679891134e-01,6.849935463890070020e-01,6.524184953338184600e-01,-5.007804263200894557e-01,1.092645072385811794e-01,-1.953233907172713169e+00,-5.485794959957445149e-01,1.295887823202707700e+01,2.130904535559587742e+01,-2.174523100605390447e+00,1.370366890633576862e+00,5.153414051591202849e+01,-2.443978982952114354e+00,1.536530026272322935e+00,5.128008747518443755e+01,2.593899793895581857e-03,-1.736780778226172661e-02,-3.122283598230473408e-03,7.808562611294628426e-03,8.952806528697045469e-06,3.022378555856804552e-02,-8.819658566252275831e-05,1.542081145004152711e-05,2.347495144538669221e-05,-9.406164553582832544e-02,9.338306457594822141e-02,5.471504489174755292e+00,8.452097522420325415e-01,8.603712938655869724e-01,6.546093812068678464e-01,6.837134093635787169e-01,7.939572655423056124e-01,-1.566092467238483499e-02,1.691412638280370695e-02,2.505024893617859294e-01
4.000000000000000000e+00,8.500000000000000000e+01,-3.085308395043019347e-01,-3.473672600160802038e+00,8.722099421975299549e+01,nan,nan,nan,9.229617999077619483e-01,9.224262968113698946e-01,6.923609354883719647e-01,6.533922761496943066e-01,-4.537469846860472389e-01,2.305306279210848353e-01,-1.775173449890966149e+00,-2.661749334012331603e-01,1.305047235190895627e+01,2.212222626239244150e+01,-1.398416497496879130e+00,1.264131628523375461e+00,5.288961446575778069e+01,-1.631245307584593185e+00,1.413397579971080509e+00,5.265929849214421665e+01,1.920300354764366540e-03,-1.558292720122818678e-02,-2.824204364812672122e-03,7.056848075862202051e-03,-1.105595879276654208e-05,2.739636586844697644e-02,-6.489824416034042497e-05,1.420854905918033731e-05,1.843362874633107626e-05,-6.342030605442003366e-02,9.235674253048231641e-02,5.615464110959218047e+00,8.502242162159608929e-01,8.643734080994324165e-01,6.570440927622246408e-01,6.817579080653572987e-01,7.977853270892996118e-01,-1.921657812114280217e-02,1.975208121753485591e-02,2.498174425405327859e-01
4.010000000000218279e+00,8.500000000000000000e+01,-4.845293155286695685e-01,-3.356446462747486592e+00,8.633424203099322369e+01,nan,nan,nan,9.193405897059727661e-01,9.245433633783525229e-01,6.876602108035192451e-01,6.551800760248174260e-01,-3.828097509571522505e-01,3.195403594679482873e-01,-1.550601558044196970e+00,-4.066365487596512174e-01,1.265373093936430493e+01,2.231241713202074806e+01,-6.753217621964255901e-01,1.158268034133490776e+00,5.414363180559794841e+01,-8.643840638120550146e-01,1.267411987968020792e+00,5.394400227293449035e+01,1.341981497191762490e-03,-1.137778000221489026e-02,-2.574718302801516645e-03,5.939992654663337271e-03,-2.640135570746802437e-05,2.387532928301521612e-02,-4.502382688094750806e-05,1.217812879383043457e-05,1.362501120823638825e-05,-3.427268784121670353e-02,9.163216789681939700e-02,5.751459295031295937e+00,8.546817395260125627e-01,8.682539499258826732e-01,6.590186185213355863e-01,6.800438235457395564e-01,7.966810599781655178e-01,-1.884145422554078797e-02,1.363868055316103112e-02,2.505218331279942534e-01
4.020000000000436557e+00,8.500000000000000000e+01,-6.406935262171686851e-01,-3.089342422818721623e+00,8.572970743364054158e+01,nan,nan,nan,9.131030001130665541e-01,9.259906915983332487e-01,6.782802868525009687e-01,6.572834975001989877e-01,-2.907003295083475658e-01,3.799797987684491174e-01,-1.284833322963459867e+00,7.789320054113059444e-02,1.170821869193761877e+01,2.165327552751815432e+01,-3.847350642184954594e-02,1.055238574048596556e+00,5.530436350962001057e+01,-1.781279703260774117e-01,1.119826993721174890e+00,5.514138121749984833e+01,8.722962479677261573e-04,-6.713598854458682937e-03,-2.354555867277488036e-03,4.502482821244434795e-03,-3.727042726536225134e-05,1.974664996611676104e-02,-2.906810886150121422e-05,9.391997605937852376e-06,9.354425955297860815e-06,-7.986696690207101268e-03,9.130157498085861301e-02,5.880086302758664729e+00,8.584495027595251404e-01,8.719775664707896112e-01,6.602608615853334806e-01,6.785759414973991932e-01,7.936643690160248843e-01,-1.694224041878433784e-02,4.054548933517643228e-03,2.517649536793499787e-01
4.029999999999745341e+00,8.500000000000000000e+01,-7.996439141112579030e-01,-2.824119149004580720e+00,8.512862281586868107e+01,nan,nan,nan,9.068654105207275551e-01,9.274380198181821910e-01,6.689003629023356767e-01,6.593869189753891469e-01,-3.187722136107534188e-01,4.935311067233041360e-01,-1.090693486305059468e+00,9.977950721539922130e-01,1.048799240337726957e+01,2.128005092590156266e+01,5.847655410604556403e-01,1.079185767159244191e+00,5.644534506390472473e+01,4.432977631455267131e-01,1.103271109602656619e+00,5.630983193996723202e+01,5.016498848333934661e-04,-2.471488409886278548e-03,-2.279830595512153529e-03,4.930292737512050744e-03,-5.289803704471235726e-05,1.673877719666532968e-02,-1.682140248307067919e-05,1.045608935937391230e-05,9.647624370383734577e-06,1.568047199660491109e-02,9.134188261659251240e-02,6.001742970126098697e+00,8.615719906234762249e-01,8.755543783186762186e-01,6.608180490730902745e-01,6.773383835806585651e-01,7.906476780541585869e-01,-1.504302661220058290e-02,-5.529582685254053054e-03,2.530080742305924613e-01
4.039999999999963620e+00,8.500000000000000000e+01,-9.613906754632622897e-01,-2.560769611014199310e+00,8.453099668603243799e+01,nan,nan,nan,9.006278209278213431e-01,9.288853480381628058e-01,6.595204389513172893e-01,6.614903404507707085e-01,-3.816154811071377218e-01,6.224489739005474309e-01,-9.172774925858315775e-01,1.389391973278438774e+00,9.383163993070910536e+00,2.185708016840867884e+01,1.159788092864365350e+00,1.121945393597204133e+00,5.754779190623077767e+01,1.001143239154716813e+00,1.108547465079894101e+00,5.743710611763972196e+01,1.829854952083707128e-04,1.455221583768505789e-03,-2.256004877625946998e-03,5.896203315196971856e-03,-6.950482902472505269e-05,1.406245962405686112e-02,-6.561344229374932785e-06,1.270468382923548298e-05,1.135090311514069006e-05,3.695557755979819725e-02,9.173065963679186141e-02,6.116799003730601925e+00,8.640908188718969818e-01,8.789938533470733617e-01,6.607343622840836650e-01,6.763162954978632069e-01,7.876309870920180645e-01,-1.314381280544402175e-02,-1.511371430489744094e-02,2.542511947819481866e-01
4.050000000000181899e+00,8.500000000000000000e+01,-1.125944246043965258e+00,-2.299287031925312252e+00,8.393683453718205101e+01,nan,nan,nan,8.943902313349150202e-01,9.303326762581434206e-01,6.501405150002990130e-01,6.635937619261521592e-01,-3.592612472775119636e-01,7.448908323811908039e-01,-7.190679401906454604e-01,1.432068063368026278e+00,8.141972500887140640e+00,2.270835355838746139e+01,1.639423879326201261e+00,1.104515057247287491e+00,5.855769147884911519e+01,1.497776665206561386e+00,1.055220722078821227e+00,5.847474094230840080e+01,-1.283472241073912914e-04,5.217934828983638272e-03,-2.170229156932692617e-03,5.547122702729484663e-03,-8.492826770966710806e-05,1.101580485983100904e-02,3.214222629212021981e-06,1.213621290368435250e-05,1.096615168087152341e-05,5.605032180798660835e-02,9.244620142864548584e-02,6.225598344509171156e+00,8.660449193334075479e-01,8.823048488215361473e-01,6.600511331326377462e-01,6.754957809497871279e-01,7.846142961298774310e-01,-1.124459899868762713e-02,-2.469784592454077332e-02,2.554943153333036343e-01
4.060000000000400178e+00,8.500000000000000000e+01,-1.317156795853290374e+00,-1.788243939149566364e+00,8.392724254827678010e+01,nan,nan,nan,8.881526417420088082e-01,9.317800044781240354e-01,6.407605910492806256e-01,6.656971834015337208e-01,-2.867629717619464835e-01,8.635211559577973262e-01,-5.062658326096831640e-01,1.598270883786540697e+00,6.702638842768213756e+00,2.321039620306422790e+01,2.042859552456194105e+00,1.074183609046007293e+00,5.947931228664666747e+01,1.938664452084302603e+00,9.907547975123839334e-01,5.942578537501353964e+01,-4.510039549126504226e-04,8.797755326945598184e-03,-2.046543560798300652e-03,4.426269582595292358e-03,-9.962158810957503715e-05,7.752229549195745542e-03,1.312739965972122104e-05,9.827233828544049271e-06,9.326270653551564269e-06,7.316228506297214884e-02,9.346758587326753354e-02,6.328461294875474152e+00,8.674707130056223958e-01,8.854956507758594553e-01,6.588070279133075857e-01,6.748638398514384962e-01,7.815976051677367975e-01,-9.345385191931065982e-03,-3.428197754418416121e-02,2.567374358846592486e-01
4.069999999999708962e+00,8.500000000000000000e+01,-1.508670716608072171e+00,-1.274036150684574764e+00,8.392615588126568582e+01,nan,nan,nan,8.819150521496698092e-01,9.332273326979730887e-01,6.313806670991153336e-01,6.678006048767238800e-01,-3.034400213762836751e-01,9.355618421631569648e-01,-2.172010742907951875e-01,1.812998503474484213e+00,5.522473037660485140e+00,2.346607448520018124e+01,2.425309878695702803e+00,1.065771551951045115e+00,6.037107848844212299e+01,2.324097230651467783e+00,9.512610587105128079e-01,6.035884609303919746e+01,-8.341711533292266818e-04,1.205056589378390025e-02,-2.028739074137507221e-03,4.683629879552197485e-03,-1.089721308291691801e-04,3.323956199963439342e-03,2.477161951967691601e-05,1.054708346323865411e-05,1.082291183602964479e-05,8.847581196128856407e-02,9.477471201302828385e-02,6.425686436029867110e+00,8.684022719862478645e-01,8.885740108525284064e-01,6.570382192147896649e-01,6.744083105324889527e-01,7.785809142058705001e-01,-7.446171385347366556e-03,-4.386610916295591300e-02,2.579805564359018422e-01
4.079999999999927240e+00,8.500000000000000000e+01,-1.700204271484886176e+00,-7.598967992364853430e-01,8.392596308668014160e+01,nan,nan,nan,8.756774625567635972e-01,9.346746609179537035e-01,6.220007431480969462e-01,6.699040263521053307e-01,-3.773708511601121529e-01,9.776902981493550415e-01,1.208270608118741096e-01,2.042691681374819268e+00,4.871419234743219917e+00,2.342933562356056498e+01,2.780515001415073240e+00,1.036135708285543577e+00,6.123498388884974730e+01,2.661576563497030534e+00,8.931691634692068282e-01,6.127192547147829771e+01,-1.312975089447709735e-03,1.502407624088464809e-02,-2.104318292916032562e-03,5.826432771990503953e-03,-1.151099620390692288e-04,-1.854950933991170170e-03,3.928265536355934749e-05,1.330181741784986567e-05,1.505516430646346020e-05,1.021628486174463724e-01,9.634832432021089854e-02,6.517552358981047789e+00,8.688714709606100151e-01,8.915471807672500359e-01,6.547785467463661524e-01,6.741178156654216158e-01,7.755642232437298667e-01,-5.546957578590860916e-03,-5.345024078259924538e-02,2.592236769872575119e-01
4.090000000000145519e+00,8.500000000000000000e+01,-1.891805853423752071e+00,-2.457844590023296749e-01,8.392666371777490042e+01,nan,nan,nan,8.694398729638572743e-01,9.361219891379343183e-01,6.126208191970786698e-01,6.720074478274868923e-01,-3.546348189302442888e-01,9.884724151004296022e-01,3.041738157047421121e-01,1.823366165021891083e+00,4.344585077182711252e+00,2.315837979477678843e+01,3.071155481664390674e+00,1.040379654749137517e+00,6.201019335439696789e+01,2.969430575942805461e+00,8.697586147557919700e-01,6.207319150882116787e+01,-1.633746531797414855e-03,1.791336790535243140e-02,-2.074691972953919723e-03,5.478522500369988057e-03,-1.173109704644376654e-04,-4.667566291042081657e-03,4.906264033460420060e-05,1.267520531162229022e-05,1.601133797051240560e-05,1.143837328799521547e-01,9.817002503158933635e-02,6.604319229988806939e+00,8.689081289195135227e-01,8.944219445507133326e-01,6.520596677924969109e-01,6.739817116808608510e-01,7.725475322815893442e-01,-3.647743771834410786e-03,-6.303437240224263327e-02,2.604667975386130152e-01
4.100000000000363798e+00,8.500000000000000000e+01,-2.083523858598325784e+00,2.683422680250688863e-01,8.392825753990679516e+01,nan,nan,nan,8.632022833709510623e-01,9.375693173579149331e-01,6.032408952460602825e-01,6.741108693028683430e-01,-2.972783174528702554e-01,9.880280895666571084e-01,4.321226622021095976e-01,1.445844276588952759e+00,3.429263681371058414e+00,2.315109430277974312e+01,3.317751841700322668e+00,1.078301255297464012e+00,6.272586107751086359e+01,3.246403733901096711e+00,8.759096543644734334e-01,6.280519092860054542e+01,-1.923253775885001415e-03,2.123233564142151461e-02,-1.849644747736911999e-03,4.596318753085457988e-03,-1.182940868809837605e-04,-6.635594334342177075e-03,5.800677804370180584e-05,1.077287973073433327e-05,1.527401864222974781e-05,1.252879394958238690e-01,1.002222766601952586e-01,6.686230208661344321e+00,8.685401417371427790e-01,8.972046487110145740e-01,6.489111979639214933e-01,6.739900414453102728e-01,7.695308413194485997e-01,-1.748529965077905146e-03,-7.261850402188596565e-02,2.617099180899685740e-01
4.109999999999672582e+00,8.500000000000000000e+01,-2.239644332217371581e+00,8.585825752800401167e-01,8.459958803770221891e+01,nan,nan,nan,8.525319945593456961e-01,9.395772134850050028e-01,5.996679290120549011e-01,6.826984558974328321e-01,-3.007168999457142111e-01,1.024211635121244246e+00,7.147105854660243951e-01,1.835779627210289533e+00,2.210714982865684242e+00,2.301299314253769879e+01,3.626819108589003360e+00,1.079935514884081238e+00,6.328311328378170231e+01,3.571668670066271201e+00,8.423742422625382087e-01,6.340060739095122244e+01,-2.621773123588593338e-03,2.490951694288054061e-02,-1.580591637314772251e-03,4.653288644748585466e-03,-1.248523413082632851e-04,-1.098180911539311036e-02,7.953983243970631702e-05,1.101752043915084735e-05,1.767806363364155111e-05,1.384684955313818522e-01,1.026440357349038823e-01,6.748858427939815385e+00,8.675077280615890452e-01,8.999373831652321964e-01,6.457353510823167220e-01,6.745516733489218542e-01,7.686188982384596358e-01,-2.007346020140687859e-03,-8.503787290551861888e-02,2.548714115674313718e-01
4.119999999999890861e+00,8.500000000000000000e+01,-2.386984019608239915e+00,1.454449228102358660e+00,8.531046214110754988e+01,nan,nan,nan,8.413333537975041798e-01,9.416519260443965145e-01,5.967871183418335113e-01,6.920589172381009790e-01,-3.274127750364428935e-01,1.074407253030524423e+00,1.056456026454259955e+00,2.579835544536015490e+00,9.446329400972625079e-01,2.215944330646642513e+01,3.996847380095507329e+00,1.053942158949844554e+00,6.366420588767055477e+01,3.956399952446500556e+00,7.831188277239933271e-01,6.382906737536939801e+01,-3.632827803911444723e-03,2.838954563737078676e-02,-1.380322609700389367e-03,5.070270858666555379e-03,-1.341972038093473178e-04,-1.624380910315512822e-02,1.108086176695144941e-04,1.209245946001085871e-05,2.204344551516744378e-05,1.541597871801694830e-01,1.054295524238380022e-01,6.791711092990320608e+00,8.658196637503873250e-01,9.026276798035373083e-01,6.425785319755088487e-01,6.756807682911217805e-01,7.679578288554588239e-01,-2.523386675312433436e-03,-9.779518557157990122e-02,2.470696221309831020e-01
4.130000000000109139e+00,8.500000000000000000e+01,-2.527188182252144255e+00,2.052273843826380784e+00,8.602789306757486543e+01,nan,nan,nan,8.301347130356626636e-01,9.437266386037879151e-01,5.939063076716122325e-01,7.014193785787691260e-01,-3.044183596452311735e-01,1.063023579021015408e+00,1.329442576066789838e+00,2.889433093021274157e+00,-2.066453197584081358e-01,2.127282240186301721e+01,4.414689408930933645e+00,1.077030027111415045e+00,6.383823285135006387e+01,4.408600645815357488e+00,7.744728173781526559e-01,6.403994411937054565e+01,-4.626281584140937327e-03,3.170502588074450984e-02,-1.104706237000968767e-03,4.717604745771881991e-03,-1.366353966251492773e-04,-2.045521246710269372e-02,1.417432711344259204e-04,1.130393947584895787e-05,2.341801026332804118e-05,1.721348321567947037e-01,1.085550302302608766e-01,6.816088208161648510e+00,8.635182336897966326e-01,9.052782755686267224e-01,6.394395134849332196e-01,6.773407288696683404e-01,7.672967594724580120e-01,-3.039427330484179013e-03,-1.105524982376410725e-01,2.392678326945346101e-01
4.140000000000327418e+00,8.500000000000000000e+01,-2.660297016726254071e+00,2.652123423354120657e+00,8.675196439325796405e+01,nan,nan,nan,8.189360722738210363e-01,9.458013511631793158e-01,5.910254970013908427e-01,7.107798399194372729e-01,-2.453377968268724563e-01,1.006919711487011426e+00,1.552494954092765944e+00,3.032506465160269116e+00,-1.023972672354209079e+00,2.071380774499418465e+01,4.878917845871006520e+00,1.155824337232218113e+00,6.382863665619278493e+01,4.922263155148598912e+00,8.230924754915170949e-01,6.405926614363802685e+01,-5.637216923622611134e-03,3.485419956939821151e-02,-7.424904829080004268e-04,3.804663184841511683e-03,-1.341343968686666466e-04,-2.390305044412032939e-02,1.733765925072933253e-04,9.137043569857210797e-06,2.147225140024067267e-05,1.921558422893562823e-01,1.119982304399474160e-01,6.823212206756778642e+00,8.606429956862732267e-01,9.078917308895110283e-01,6.363171475951806544e-01,6.794973179591304868e-01,7.666356900894570892e-01,-3.555467985655924590e-03,-1.233098109037023549e-01,2.314660432580861182e-01
4.149999999999636202e+00,8.500000000000000000e+01,-2.786346326466126122e+00,3.254066379824238187e+00,8.748275304705927624e+01,nan,nan,nan,8.077374315129980387e-01,9.478760637223820895e-01,5.881446863314315765e-01,7.201403012592541009e-01,-1.652900631369189632e-01,9.896173349708001776e-01,1.758920034403609334e+00,3.397437146158808652e+00,-1.592721674719325131e+00,1.985603790138965152e+01,5.375037154722897448e+00,1.279288781816338538e+00,6.366703539317781235e+01,5.481286266873734547e+00,9.180840865972417220e-01,6.392348846316884448e+01,-6.843124392416155902e-03,3.783166767269149910e-02,-2.982508740832199873e-04,2.565014366541041452e-03,-1.367467723952030896e-04,-2.709934570851550012e-02,2.110932798743560376e-04,6.160192576055727225e-06,1.637106158038160170e-05,2.139787659944712428e-01,1.157383688382453146e-01,6.814231992704579355e+00,8.572309563441354863e-01,9.104704410654022029e-01,6.332103603298339101e-01,6.821185064894650374e-01,7.659746207065164514e-01,-4.071508640780763244e-03,-1.360671235686032876e-01,2.236642538223472809e-01
4.159999999999854481e+00,8.500000000000000000e+01,-2.755523887641495584e+00,3.846307284682675576e+00,8.869846907160462024e+01,nan,nan,nan,7.965387907511565224e-01,9.499507762817734902e-01,5.852638756612101867e-01,7.295007625999222478e-01,-5.845916809383472357e-02,1.021879422841199148e+00,1.944105644729396509e+00,3.469166060732050472e+00,-2.069502330516753918e+00,1.911101740559660200e+01,5.891826373528366467e+00,1.460922415838650013e+00,6.335633482625411261e+01,6.076655233349725016e+00,1.072775754118552971e+00,6.363437396087590514e+01,-8.237361302060083879e-03,4.065664077961476247e-02,2.804368598731044786e-04,9.077825134995971086e-04,-1.456422047575341150e-04,-2.997289837860664038e-02,2.546766757735437442e-04,2.175708662994455282e-06,6.514499209520124013e-06,2.373570145940804288e-01,1.197560194358679581e-01,6.790226853047693467e+00,8.533167356000840309e-01,9.130166469154684661e-01,6.301181469764189913e-01,6.851743310420324029e-01,7.653135513235155285e-01,-4.587549295952453310e-03,-1.488244362346645144e-01,2.158624643858987890e-01
4.170000000000072760e+00,8.500000000000000000e+01,-2.700224839890103201e+00,4.437496429579208090e+00,8.997194125589801672e+01,nan,nan,nan,7.853401499893148952e-01,9.520254888411650018e-01,5.823830649909889079e-01,7.388612239405903948e-01,-6.804106286509770118e-02,9.810162585500118437e-01,2.167973412695983093e+00,3.181182198122357807e+00,-2.335637696735103574e+00,1.882410355168769911e+01,6.489958509042796031e+00,1.503693102481411081e+00,6.297379476759193295e+01,6.712842025844385496e+00,1.091533690512923371e+00,6.328265000939287432e+01,-9.895443059430294314e-03,4.316413113396588841e-02,4.611504323879817165e-04,1.057269940110193039e-03,-1.471272838187937600e-04,-3.344578168793982398e-02,3.066101077371354228e-04,2.523912051857531366e-06,8.480767683737532714e-06,2.620444932015147943e-01,1.240330247078170189e-01,6.752210232437672488e+00,8.489327206467891518e-01,9.155324447416817168e-01,6.270395676194157053e-01,6.886367606293449795e-01,7.646524819405148277e-01,-5.103589951124309909e-03,-1.615817489007257968e-01,2.080606749494502972e-01
4.180000000000291038e+00,8.500000000000000000e+01,-2.632311124516675704e+00,5.028565516137770253e+00,9.126498323840711180e+01,nan,nan,nan,7.741415092274733789e-01,9.541002014005564025e-01,5.795022543207675181e-01,7.482216852812585417e-01,-1.076781972773173807e-01,9.212737513530590006e-01,2.401828068869420907e+00,3.133508977471487711e+00,-2.560848088096761455e+00,1.796018443907261641e+01,7.124812104434071536e+00,1.496211566521119529e+00,6.248174405544430243e+01,7.380271028070237271e+00,1.061920978514828695e+00,6.282435309037229132e+01,-1.181969477541605987e-02,4.547282530662012656e-02,4.823534549112440720e-04,1.674296465223355096e-03,-1.473088202870719574e-04,-3.707728608868004344e-02,3.669098192144282342e-04,3.973669836821643155e-06,1.492502758368662358e-05,2.877980404442834761e-01,1.285524118881057887e-01,6.701133363557396194e+00,8.441092099292197837e-01,9.180197956491794598e-01,6.239737429612892683e-01,6.924795720668107668e-01,7.639914125575140158e-01,-5.619630606295999975e-03,-1.743390615667870236e-01,2.002588855130019163e-01
4.189999999999599822e+00,8.500000000000000000e+01,-2.551728822498687155e+00,5.619577226375444212e+00,9.257751209307078000e+01,nan,nan,nan,7.629428684666503813e-01,9.561749139597591762e-01,5.766214436508082519e-01,7.575821466210753696e-01,-4.197560927748679449e-02,8.579208241304977500e-01,2.494098895000997906e+00,3.288750336158948961e+00,-3.125365145593360872e+00,1.625350583820563699e+01,7.759414765758016586e+00,1.654201121936980989e+00,6.184191960531057930e+01,8.079260873720986780e+00,1.208400275993636974e+00,6.219288401005863420e+01,-1.330999286693383514e-02,4.667469504398034236e-02,1.049401540117661253e-03,6.531308661896557304e-04,-1.453492555600365054e-04,-3.852793749183894279e-02,4.137528500356133280e-04,1.538407274723013223e-06,6.434266245708094782e-06,3.143793669777188438e-01,1.332983148963900188e-01,6.637888749718403147e+00,8.388745478543455647e-01,9.204805342655040246e-01,6.209198504130710727e-01,6.966782333820191742e-01,7.633303431745733780e-01,-6.135671261420838629e-03,-1.870963742316879563e-01,1.924570960772629680e-01
4.199999999999818101e+00,8.500000000000000000e+01,-2.458415975527747932e+00,6.210594376606028533e+00,9.390936316626346070e+01,nan,nan,nan,7.526462710541020895e-01,9.548176415265231531e-01,5.802583864604489161e-01,7.670526536407739071e-01,7.504954425364174231e-02,7.928088641804190706e-01,2.517388664162451661e+00,3.162412492026203559e+00,-3.870915919587625709e+00,1.446055448952807154e+01,8.401233676760559987e+00,1.877220316275462819e+00,6.101370580043059988e+01,8.799042781123951329e+00,1.446598251680504488e+00,6.135817825609039033e+01,-1.451030768000714441e-02,4.509097226675616576e-02,2.142258179328688800e-03,-1.168387125939180423e-03,-1.416651215248733550e-04,-3.890862408384707094e-02,4.513083703718504675e-04,-2.722583734951871549e-06,-1.259718034293628683e-05,3.415868396545056473e-01,1.380501635427422991e-01,6.555081205806992273e+00,8.333134263079696735e-01,9.226950378380598394e-01,6.182974700097383369e-01,7.012168919211583251e-01,7.636937381704620442e-01,-7.688551646048036314e-03,-1.944828188263730273e-01,1.800764362397012097e-01
4.210000000000036380e+00,8.500000000000000000e+01,-2.230539719576647428e+00,6.684588312891832196e+00,9.549310921140680364e+01,nan,nan,nan,7.437570090667932066e-01,9.481059101719958582e-01,5.940640926364784136e-01,7.766948499508101733e-01,1.457561646132822242e-01,7.536095282310466548e-01,2.639124283596124609e+00,2.786185129507729563e+00,-4.333899174367102702e+00,1.300815794661264846e+01,9.049532852976659214e+00,2.017289202139969984e+00,5.990768394289245435e+01,9.520071923184676876e+00,1.617554807487104229e+00,6.026039008928627538e+01,-1.624666609201439252e-02,4.186964878551025643e-02,3.163228135858535926e-03,-2.269469807957582436e-03,-1.417911499380896930e-04,-4.079490078016949350e-02,5.047827748102410922e-04,-5.202786701410189589e-06,-2.639297134303280590e-05,3.691698782417128788e-01,1.424875372238103566e-01,6.441199095450734546e+00,8.275376629503198300e-01,9.243338616078520253e-01,6.167345864400701760e-01,7.060846929981475784e-01,7.656554654565194129e-01,-1.085907189543544593e-02,-1.934898292097672057e-01,1.605519883257502389e-01
4.220000000000254659e+00,8.500000000000000000e+01,-1.974626802858431285e+00,7.139521251677723335e+00,9.713659416565424465e+01,nan,nan,nan,7.348677470794844346e-01,9.413941788174685632e-01,6.078697988125078000e-01,7.863370462608463285e-01,1.737927817965684851e-01,7.382816681836448236e-01,2.851551133001652971e+00,2.463386861827990604e+00,-4.635777125137747312e+00,1.176307483495067530e+01,9.694297447933601930e+00,2.100401769446721190e+00,5.853431981888815727e+01,1.023556561899187045e+01,1.730041064041129451e+00,5.891049989717682678e+01,-1.858957514962826518e-02,3.880826627496361536e-02,3.935816330492688739e-03,-2.705350149078252376e-03,-1.454497510650375246e-04,-4.406662294439871869e-02,5.761948433777978624e-04,-6.068223215323879796e-06,-3.354610956193926043e-05,3.968361302236802501e-01,1.466320534158532807e-01,6.298293216705324937e+00,8.215611006789433901e-01,9.254341329010171702e-01,6.161628695589143057e-01,7.112604092183667515e-01,7.676171927425767816e-01,-1.402959214482280004e-02,-1.924968395931613285e-01,1.410275404117995457e-01
4.229999999999563443e+00,8.500000000000000000e+01,-1.706031212975595457e+00,7.589978496400192398e+00,9.881042321624509839e+01,nan,nan,nan,7.259784850929841271e-01,9.346824474635516689e-01,6.216755049872816352e-01,7.959792425700056295e-01,1.646274895146783990e-01,6.971539697130696434e-01,3.008886223936321436e+00,2.056036818827634338e+00,-5.123388763403116997e+00,1.093084139117727105e+01,1.036632245609400371e+01,2.109517505806873139e+00,5.693221718538017484e+01,1.095518923833804870e+01,1.766978287582378293e+00,5.732612960136388836e+01,-2.061633222058045778e-02,3.590210189292390025e-02,4.444781338437226240e-03,-2.561163938086421458e-03,-1.436578781731846939e-04,-4.646885166197875505e-02,6.367801369636258641e-04,-5.589706094920817467e-06,-3.354551219802704543e-05,4.243638075313139746e-01,1.505034117253645776e-01,6.128236873497204584e+00,8.153966896212410109e-01,9.260305845905310029e-01,6.165183960381112049e-01,7.167241822058179057e-01,7.695789200284557374e-01,-1.720011239392177371e-02,-1.915038499766457680e-01,1.215030924996242101e-01
4.239999999999781721e+00,8.500000000000000000e+01,-1.424669638575955855e+00,8.035974272613501057e+00,1.005137730599641657e+02,nan,nan,nan,7.170892231056753552e-01,9.279707161090243739e-01,6.354812111633110217e-01,8.056214388800418957e-01,1.441166586145803952e-01,6.481580443816887804e-01,3.149419874259276053e+00,1.883458019223692492e+00,-5.492078215718789735e+00,1.038872996778954239e+01,1.104057791837338165e+01,2.090831433306127973e+00,5.509819916181827892e+01,1.166998346363203432e+01,1.774417227226076532e+00,5.550836203414139902e+01,-2.254572774975564797e-02,3.316990689132733733e-02,4.831341282640386203e-03,-2.240040741408790264e-03,-1.391455499009382310e-04,-4.859324927794999444e-02,6.933046505381897789e-04,-4.729841130066226889e-06,-3.075203336715852994e-05,4.515899794458841932e-01,1.541195916427025303e-01,5.932743863707980125e+00,8.090565447117489262e-01,9.261557095215938729e-01,6.177413651578234077e-01,7.224574343111567210e-01,7.715406473145132171e-01,-2.037063264330907231e-02,-1.905108603600399464e-01,1.019786445856733503e-01
4.250000000000000000e+00,8.500000000000000000e+01,-1.130456580144263645e+00,8.477521333766111056e+00,1.022455870867837859e+02,nan,nan,nan,7.081999611183664722e-01,9.212589847544970789e-01,6.492869173393405191e-01,8.152636351900781619e-01,1.583248644390125026e-01,6.276511512648668134e-01,3.234107669153885478e+00,1.874499955124059980e+00,-5.675586104512540864e+00,9.333335646521824458e+00,1.169628157197301377e+01,2.137233971286162326e+00,5.303380174502951405e+01,1.237111323495041582e+01,1.844937061038650405e+00,5.345014633539936000e+01,-2.411094612774031948e-02,3.064913182718454615e-02,5.421958832101106060e-03,-2.457966960311237445e-03,-1.353744019040774640e-04,-4.983949300338045424e-02,7.376226565199907759e-04,-4.991447714456986396e-06,-3.514141482678222617e-05,4.784005590470417069e-01,1.574970277361099624e-01,5.713384432977697713e+00,8.025519995564009967e-01,9.258399049778934797e-01,6.197758329268518995e-01,7.284427860135996857e-01,7.735023746005705858e-01,-2.354115289269648192e-02,-1.895178707434341248e-01,8.245419667172249056e-02
4.260000000000218279e+00,8.500000000000000000e+01,-7.140965812801783885e-01,8.771149161221170942e+00,1.041183079712619701e+02,nan,nan,nan,6.993106991310577003e-01,9.145472533999697839e-01,6.630926235153699055e-01,8.249058315001144281e-01,1.837326114038494163e-01,6.163341469940060158e-01,3.300780910236034149e+00,1.236719779711000999e+00,-5.937533792380525810e+00,8.230287895246561902e+00,1.233760684621015180e+01,2.206946881577097397e+00,5.075775816914147498e+01,1.305846258661476966e+01,1.937110978741851230e+00,5.117699830811972106e+01,-2.552099090910257481e-02,2.830076012106123862e-02,6.073381515387597275e-03,-2.848342284883001539e-03,-1.308549871606617715e-04,-5.079303099854483305e-02,7.763273953646774618e-04,-5.528011423539038096e-06,-4.218079334427703126e-05,5.047217539158379562e-01,1.606507650012493627e-01,5.471599438235255519e+00,7.958936568227140684e-01,9.251116078306457213e-01,6.225694633506595466e-01,7.346639786500572811e-01,7.754641018866279545e-01,-2.671167314208378052e-02,-1.885248811268283031e-01,6.292974875777157528e-02
4.270000000000436557e+00,8.500000000000000000e+01,-2.699020119154266206e-01,9.030794064130601484e+00,1.060488537704541727e+02,nan,nan,nan,6.904214371437489284e-01,9.078355220454424890e-01,6.768983296913992920e-01,8.345480278101506943e-01,1.747628144616783230e-01,5.446751974797542362e-01,3.346437453145941099e+00,4.466443925817226157e-02,-6.255451938795552280e+00,7.961083674281542066e+00,1.299912916149665953e+01,2.199713972765717340e+00,4.830440253910235526e+01,1.374547476947175362e+01,1.951122768006548380e+00,4.872597373983582258e+01,-2.667025115439902727e-02,2.606936564914352078e-02,6.439544797663188276e-03,-2.704850301266730275e-03,-1.174408592689925074e-04,-5.140895854453767649e-02,8.063913319555357029e-04,-4.983087150042307562e-06,-4.130155028674168717e-05,5.305127817636225984e-01,1.635945967466447271e-01,5.208712934951483575e+00,7.890914353802100933e-01,9.239974209715056119e-01,6.260732957407880717e-01,7.411058021276417662e-01,7.774258291726852121e-01,-2.988219339147107911e-02,-1.875318915102224815e-01,4.340530084382066001e-02
4.279999999999745341e+00,8.500000000000000000e+01,1.832659371097177248e-01,9.280470741968693815e+00,1.080170660774216174e+02,nan,nan,nan,6.815321751572485098e-01,9.011237906915255946e-01,6.907040358661731272e-01,8.441902241193099954e-01,1.421297984645088497e-01,4.314808586954977931e-01,3.377627496233530202e+00,-1.109246398060798056e+00,-6.738849818974922634e+00,7.969472443653601523e+00,1.367055823477793730e+01,2.137268622595958956e+00,4.567475358077739145e+01,1.442787908048634726e+01,1.908686902513315742e+00,4.609851225027863109e+01,-2.762300092662694009e-02,2.395986213446878871e-02,6.581559349692813615e-03,-2.195796932241117060e-03,-9.761784717276494731e-05,-5.179139008275031320e-02,8.299762184671346382e-04,-3.811439526239480424e-06,-3.443831197819536422e-05,5.557596777838444968e-01,1.663411871023401378e-01,4.925943375769902488e+00,7.821546144006625845e-01,9.225222315914776150e-01,6.302415270311121365e-01,7.477540272981574310e-01,7.793875564585643900e-01,-3.305271364057010830e-02,-1.865389018937069765e-01,2.388085293164554646e-02
4.289999999999963620e+00,8.500000000000000000e+01,6.454320479990610648e-01,9.520162927568794231e+00,1.100207341599950013e+02,nan,nan,nan,6.726429131699397379e-01,8.944120593369981886e-01,7.045097420422026246e-01,8.538324204293461506e-01,1.439695839157065504e-01,3.382926795023980526e-01,3.406757417909820340e+00,-1.766164317646581550e+00,-7.289972229559122496e+00,7.173116904692282247e+00,1.431132577628892477e+01,2.150190632333629726e+00,4.285882999389080794e+01,1.509248830990347123e+01,1.940052758172049474e+00,4.328219280683015313e+01,-2.853346393129109135e-02,2.201585914044987269e-02,6.967703253687879301e-03,-2.219883333792006374e-03,-7.891976972909041073e-05,-5.213406288275324041e-02,8.519105260305138462e-04,-3.600354615188215890e-06,-3.564422571378613510e-05,5.804700432968779023e-01,1.689021799824634296e-01,4.624413585106772473e+00,7.750918746139766613e-01,9.207093218315056671e-01,6.350313081334973964e-01,7.545953426941891529e-01,7.813492837446216477e-01,-3.622323388995746241e-02,-1.855459122771009883e-01,4.356405017694520154e-03
4.300000000000181899e+00,8.500000000000000000e+01,1.116616890143442120e+00,9.749854064470506287e+00,1.120572237922091574e+02,nan,nan,nan,6.637536511826309660e-01,8.877003279824708937e-01,7.183154482182320111e-01,8.634746167393824168e-01,1.844186146688993333e-01,2.675112294140892244e-01,3.433580021071758193e+00,-1.928254512136418741e+00,-7.660014815409234679e+00,5.822246625248537200e+00,1.491987435334261924e+01,2.243498930250694468e+00,3.987029263589442962e+01,1.573929193326032916e+01,2.056582965830142218e+00,4.029166438649150450e+01,-2.940035018749654130e-02,1.957548483214575571e-02,7.492078774078702284e-03,-2.837726870662283206e-03,-6.169502652990012804e-05,-5.243497887874244701e-02,8.723088928527269982e-04,-4.259543565442229972e-06,-4.652011045819996835e-05,6.046686050997551742e-01,1.712882961076903909e-01,4.305159654181725415e+00,7.679113369036658643e-01,9.185804722971085967e-01,6.404025534266110098e-01,7.616172953449323879e-01,7.833110110306790164e-01,-3.939375413934476100e-02,-1.845529226604951667e-01,-1.516804289625628410e-02
4.310000000000400178e+00,8.500000000000000000e+01,1.570825282582380522e+00,9.752145222349877685e+00,1.141214326019068608e+02,nan,nan,nan,6.564111629693110128e-01,8.829925749611028385e-01,7.279261065496918093e-01,8.620115889991329938e-01,2.086431997486373480e-01,2.069688993769749352e-01,3.548698075414429276e+00,-1.701535172982904243e+00,-7.808097171842521611e+00,4.606775278293500087e+00,1.565899905545794901e+01,2.304782597821233292e+00,3.687873797104121110e+01,1.652755201230552728e+01,2.146519086020632017e+00,3.731379824763282471e+01,-3.095512749557951734e-02,1.656797321483560390e-02,7.694647194448233328e-03,-3.204581787758463678e-03,-4.464673821135325808e-05,-5.409214805000475690e-02,9.131310411332430477e-04,-4.423008832969119727e-06,-5.342893447468273109e-05,6.344012868909059133e-01,1.733335447570426013e-01,3.986809413404969860e+00,7.607203545171403736e-01,9.162853015015243185e-01,6.460472112482639195e-01,7.680920260283129464e-01,7.823353583698096081e-01,-4.624796477117532056e-02,-1.803334472206165051e-01,-2.526697880920553141e-02
4.319999999999708962e+00,8.500000000000000000e+01,2.019618914766487361e+00,9.699521654172780671e+00,1.162241465756638661e+02,nan,nan,nan,6.492086771811060864e-01,8.784662071109615722e-01,7.371570604407607918e-01,8.595433992132061052e-01,2.298939750595379861e-01,1.483033172985990800e-01,3.679999972347813397e+00,-1.288142383311609240e+00,-7.919032199448568399e+00,3.625571648600780961e+00,1.655137266407305319e+01,2.363020298431704358e+00,3.391024296496538426e+01,1.746997493488270692e+01,2.232137336832477725e+00,3.436170531871432843e+01,-3.259353605087068201e-02,1.369124916925935041e-02,7.860279420903412348e-03,-3.525323155965637452e-03,-2.577479415524983256e-05,-5.600286791257355623e-02,9.564870922023978490e-04,-4.441685773595715866e-06,-5.957388712833538492e-05,6.700238749594573662e-01,1.750375292408825612e-01,3.671016807579814412e+00,7.535286302415580284e-01,9.138462340809031526e-01,6.519231601160025980e-01,7.739900008080053961e-01,7.810938359865086111e-01,-5.343559557870508625e-02,-1.758219343511503996e-01,-3.451278768094956373e-02
4.329999999999927240e+00,8.500000000000000000e+01,2.467511926486509299e+00,9.637030758224227611e+00,1.183637582888883202e+02,nan,nan,nan,6.420061913922460173e-01,8.739398392604086352e-01,7.463880143326693251e-01,8.570752094270546184e-01,1.567367513352648789e-01,5.131086125070927206e-02,3.689802203174137762e+00,-1.075745614865840416e+00,-8.112001794743557426e+00,2.887671444274240162e+00,1.766991615707236107e+01,2.174485212475238072e+00,3.098524225798868414e+01,1.857109905242177561e+01,2.069693273011577794e+00,3.144353959339427007e+01,-3.306128140826680023e-02,1.094092579421368852e-02,7.183576803221017153e-03,-2.400188789517814121e-03,-4.315887973843288574e-07,-5.607451210406162734e-02,9.658791062343279749e-04,-2.736585177175952563e-06,-4.099090640179580168e-05,7.113199029969563547e-01,1.764160528725004506e-01,3.357725348009363842e+00,7.463362119235388281e-01,9.112725503624108381e-01,6.580154833729842112e-01,7.793484164111248447e-01,7.798523136030945935e-01,-6.062322638688866228e-02,-1.713104214812739556e-01,-4.375859655353464550e-02
4.340000000000145519e+00,8.500000000000000000e+01,2.914480360101640244e+00,9.564677956086640620e+00,1.205365767166436370e+02,nan,nan,nan,6.348037056033860592e-01,8.694134714098555872e-01,7.556189682245779693e-01,8.546070196409031317e-01,6.462537602323129016e-02,-5.337642348131038661e-02,3.675211129270249177e+00,-9.961907728606711476e-01,-8.122648990016246628e+00,2.279526973123202183e+00,1.894814799906239244e+01,1.936654288505339050e+00,2.807560565267682762e+01,1.981660640919403349e+01,1.856287798022598245e+00,2.853910288377730353e+01,-3.322145355395624694e-02,8.362478879776005097e-03,6.318649185726337922e-03,-9.884998090863295062e-04,2.685852582456644405e-05,-5.578874440371940635e-02,9.669941918041880836e-04,-1.009083895059015884e-06,-1.701840311943014235e-05,7.580730924166161344e-01,1.774844048744663172e-01,3.046862103479517359e+00,7.391431443239719901e-01,9.085729321569609995e-01,6.643102263824842701e-01,7.842020706357224480e-01,7.786107912196806868e-01,-6.781085719507218279e-02,-1.667989086113973451e-01,-5.300440542611978278e-02
4.350000000000363798e+00,8.500000000000000000e+01,3.360500784224704329e+00,9.482469446670258151e+00,1.227384122659819781e+02,nan,nan,nan,6.276012198145259902e-01,8.648871035593026502e-01,7.648499221164865025e-01,8.521388298547516449e-01,-1.815210926962462779e-02,-1.725294698464385768e-01,3.724601532177663099e+00,-8.744009617764112452e-01,-7.854880393891162882e+00,1.708779267128466062e+00,2.035077401606533343e+01,1.721143290618836641e+00,2.516815369546297987e+01,2.120288686388390786e+01,1.663474366571101815e+00,2.564541866969834061e+01,-3.387802297414753416e-02,5.961650459818489470e-03,5.524917758399244296e-03,2.773911051387670918e-04,5.734775215525036708e-05,-5.648680290102781054e-02,9.833501674858218921e-04,2.501832984869168170e-07,4.804015551133914488e-06,8.100689884569542976e-01,1.782573295409660696e-01,2.738341478473159896e+00,7.319494693169821264e-01,9.057555013593059368e-01,6.707943344843738664e-01,7.885835170649386772e-01,7.773692688362666692e-01,-7.499848800325570330e-02,-1.622873957415209012e-01,-6.225021429870475353e-02
4.359999999999672582e+00,8.500000000000000000e+01,3.709329836429311911e+00,9.130606430966327736e+00,1.248552320660329684e+02,nan,nan,nan,6.203987340263210637e-01,8.603607357091613839e-01,7.740808760075554851e-01,8.496706400688246452e-01,-9.381610128169085017e-02,-3.027070834345723105e-01,3.822753148676993895e+00,-9.449716552933805636e-01,-7.645140772954307273e+00,1.032499563232814443e+00,2.187667655111453158e+01,1.513790987099715935e+00,2.226368456924647887e+01,2.272487035032137115e+01,1.477215312709538653e+00,2.276121710133248044e+01,-3.491134720758058696e-02,3.725296455676792642e-03,4.789729904413773422e-03,1.432601512665696497e-03,9.120178024816101266e-05,-5.793566899810388693e-02,1.011477824187056269e-03,1.122311266823694049e-06,2.491205522945208267e-05,8.670962896056351177e-01,1.787490054377232351e-01,2.432068394886785612e+00,7.247552260761475074e-01,9.028278560587449375e-01,6.774555949528608956e-01,7.925232098032036765e-01,7.761277464529656722e-01,-8.218611881078558001e-02,-1.577758828720547402e-01,-7.149602317044884137e-02
4.369999999999890861e+00,8.500000000000000000e+01,4.021223524709165886e+00,8.707186481614821005e+00,1.269779994996248575e+02,nan,nan,nan,6.131962482374611056e-01,8.558343678586084469e-01,7.833118298994641293e-01,8.472024502826732695e-01,-1.164842476024329082e-01,-3.923933890184727602e-01,3.819857339328468715e+00,-1.029224517777576731e+00,-7.476981520090412836e+00,3.256945733028897005e-01,2.352136072992468385e+01,1.439782936086225096e+00,1.940289658440954312e+01,2.436208080282573007e+01,1.422720731190940002e+00,1.990203841882274105e+01,-3.497136351803242782e-02,1.659513533343179564e-03,4.540695082636382954e-03,1.777814744453550411e-03,1.201874573794500215e-04,-5.786453848457611543e-02,1.012361129079505364e-03,1.182754407413160885e-06,3.099284054778069479e-05,9.289479149418373716e-01,1.789730329834258171e-01,2.127940960628469824e+00,7.175604512485396214e-01,8.997971043208370379e-01,6.842825826977687598e-01,7.960496388779059185e-01,7.748862240695516546e-01,-8.937374961896910053e-02,-1.532643700021782407e-01,-8.074183204303392314e-02
4.380000000000109139e+00,8.500000000000000000e+01,4.319474561663653844e+00,8.278881801487234071e+00,1.291321934829271356e+02,nan,nan,nan,6.059937624486010366e-01,8.513080000080555099e-01,7.925427837913726625e-01,8.447342604965217827e-01,-1.235718347272458245e-01,-4.701754177075828101e-01,3.787254005184067296e+00,-8.390846266773477335e-01,-7.231221975396644019e+00,-6.282852164069149259e-01,2.528539450967557300e+01,1.406185600220490439e+00,1.656968962475091445e+01,2.611630080025258849e+01,1.407305725337045343e+00,1.706500205288564942e+01,-3.469550667637864849e-02,-2.657776917171301620e-04,4.439020073506818806e-03,1.885372095132120673e-03,1.478312636153139732e-04,-5.735591553834495926e-02,1.004600118646430595e-03,1.032311501548315717e-06,3.290659859338799153e-05,9.954218480281269432e-01,1.789424289898429721e-01,1.825852697461089136e+00,7.103651791177922892e-01,8.966698957905894218e-01,6.912646094673786656e-01,7.991894569086852584e-01,7.736447016861378589e-01,-9.656138042715267655e-02,-1.487528571323017967e-01,-8.998764091561889389e-02
4.390000000000327418e+00,8.500000000000000000e+01,4.604165996497925128e+00,7.845684822115711832e+00,1.313134321285667738e+02,nan,nan,nan,5.987912766597410785e-01,8.467816321575025729e-01,8.017737376832811957e-01,8.422660707103702959e-01,-7.814456903836664026e-02,-5.269417197504150385e-01,3.753084676499580663e+00,-8.586530566154962907e-01,-6.987985876086519887e+00,-2.089507598905798513e+00,2.714065937458373057e+01,1.501344671445604684e+00,1.377725071169387228e+01,2.798084682782284105e+01,1.519338773328547498e+00,1.426419020161430673e+01,-3.434881235176426295e-02,-2.052048699391630007e-03,4.824546554008581067e-03,1.192120570730286671e-03,1.733845297232300756e-04,-5.683537346599823459e-02,9.958918182807966878e-04,5.127966062866564463e-07,2.080788407545960454e-05,1.066321790811555204e+00,1.786696269395871839e-01,1.525694390802440736e+00,7.031694417564844368e-01,8.934524512573541744e-01,6.983916763275497264e-01,8.019675976073845636e-01,7.724031793027237303e-01,-1.037490112353361416e-01,-1.442413442624252973e-01,-9.923344978820397566e-02
4.399999999999636202e+00,8.500000000000000000e+01,4.875379734117958108e+00,7.407586507775421047e+00,1.335169046313619958e+02,nan,nan,nan,5.915887908715360410e-01,8.422552643073613066e-01,8.110046915743502893e-01,8.397978809244432963e-01,-5.856622901523222957e-03,-5.729587444375996430e-01,3.718114361493815245e+00,-1.068840384411919420e+00,-6.597456983368325645e+00,-3.467303366884768145e+00,2.909474675066720906e+01,1.651990132309629322e+00,1.101725333515486227e+01,2.995328422588626083e+01,1.692679812113821791e+00,1.149335827275123734e+01,-3.393903921379278626e-02,-4.445017096412919207e-03,5.479298234851884969e-03,8.935043865605626554e-05,1.979653714041055288e-04,-5.631408164735229177e-02,9.864843859262630976e-04,2.797851416183671476e-08,1.558181652763521962e-06,1.141457656463209958e+00,1.781664819561259994e-01,1.227355615844091474e+00,6.959732691687796624e-01,8.901505903130492170e-01,7.056544292054962586e-01,8.044073866356098446e-01,7.711616569194228443e-01,-1.109366420428661293e-01,-1.397298313929591362e-01,-1.084792586599481190e-01
4.409999999999854481e+00,8.500000000000000000e+01,5.122990991717516707e+00,6.851545612148082220e+00,1.355446597716956774e+02,nan,nan,nan,5.938380665748643761e-01,8.319550365866046349e-01,8.192691178587834244e-01,8.444123976704488443e-01,2.519041428463304755e-02,-6.166564957265943114e-01,3.683075651178376209e+00,-9.795182564217058685e-01,-6.090132356329175600e+00,-4.360229354316571104e+00,3.073646299840378049e+01,1.689929317206192216e+00,8.223885546034097160e+00,3.159419262318176891e+01,1.759842542981415514e+00,8.692343689042818511e+00,-3.342276485860256469e-02,-7.517252476626599608e-03,5.777518479237190446e-03,-3.843088128424808044e-04,2.200693288082736687e-04,-5.578762367781556208e-02,9.747922820181883575e-04,-7.580064903339256885e-08,-6.679787959347629973e-06,1.203931458061175741e+00,1.773307711771340001e-01,9.270456736681271792e-01,6.893862620190914781e-01,8.863973835954762626e-01,7.129817830214407737e-01,8.069874304110900010e-01,7.723686546726753477e-01,-1.064868451000374194e-01,-1.316301249117028394e-01,-1.189442061838816289e-01
4.420000000000072760e+00,8.500000000000000000e+01,5.349784227374196455e+00,6.254495878110791551e+00,1.375341642723759605e+02,nan,nan,nan,5.973530787934225872e-01,8.208816000541806490e-01,8.274041112024075328e-01,8.499753979654540714e-01,3.444777972269333355e-02,-6.591288568045192697e-01,3.648000804140559605e+00,-6.447055925185881664e-01,-5.590646258463564777e+00,-5.205454745809143802e+00,3.202781977136889680e+01,1.672098668175090896e+00,5.397762685411786165e+00,3.287342187354121137e+01,1.770339134837374040e+00,5.860331192139999423e+00,-3.280326242829621763e-02,-1.049349633752797752e-02,5.875867926715913105e-03,-5.254792392968327033e-04,2.395983033322619967e-04,-5.525474315757385180e-02,9.606790986936866684e-04,-4.342686350046858477e-08,-9.079462328323857742e-06,1.252578942550096386e+00,1.761738826477817765e-01,6.242006340382140195e-01,6.834507645557306166e-01,8.821720731868821774e-01,7.203612239455330357e-01,8.097598540460339001e-01,7.739035470038662101e-01,-1.004786172488557616e-01,-1.230499040119023002e-01,-1.295724151601291840e-01
4.430000000000291038e+00,8.500000000000000000e+01,5.558696677190980040e+00,5.654222402298512584e+00,1.395477463705881007e+02,nan,nan,nan,6.008680910119807983e-01,8.098081635217566632e-01,8.355391045460317523e-01,8.555383982604591875e-01,2.012454467057045102e-02,-7.211792051875772769e-01,3.588697925377451359e+00,-2.137870239329081878e-01,-4.843097063790190226e+00,-6.257090350186089722e+00,3.300838557768013715e+01,1.596601119586385842e+00,2.539772946874106374e+00,3.382461646613318607e+01,1.721360908102825604e+00,2.994918877005248614e+00,-3.187481768767927437e-02,-1.327983768274596313e-02,5.760533026903131605e-03,-3.069205787507619642e-04,2.579075679098102522e-04,-5.435072908496512561e-02,9.379506738439111202e-04,9.397180911601894121e-09,-5.257910689464900182e-06,1.288549551192974096e+00,1.747221999925654690e-01,3.188050455311799425e-01,6.781247589547444443e-01,8.775051064776785426e-01,7.277893927231275928e-01,8.127122503832855394e-01,7.754384393350570726e-01,-9.447038939767427035e-02,-1.144696831121016500e-01,-1.402006241363767391e-01
4.439999999999599822e+00,8.500000000000000000e+01,5.749850302762364862e+00,5.050669946882148764e+00,1.415813844320389308e+02,nan,nan,nan,6.043831032302192652e-01,7.987347269903398717e-01,8.436740978889160081e-01,8.611013985549584859e-01,-1.751665887836918734e-02,-8.025894885008190149e-01,3.505436857735743317e+00,9.959951564630466214e-02,-3.916993495831655903e+00,-7.005569564978807229e+00,3.370458932854455725e+01,1.467624901019404016e+00,-3.529440787695435344e-01,3.447498226003606447e+01,1.617179317431655328e+00,9.318393081789343169e-02,-3.066337852776936448e-02,-1.588470748392642462e-02,5.443528103552849016e-03,2.670645129589020966e-04,2.748621340182364620e-04,-5.308067229514445290e-02,9.071174469512271500e-04,-3.806408066890530817e-08,4.524148542236564154e-06,1.312905111700513050e+00,1.730001974856038849e-01,1.087839914737998015e-02,6.733689372483093738e-01,8.724249672143364887e-01,7.352631467479914251e-01,8.158330124406285577e-01,7.769733316661083800e-01,-8.846216154703911982e-02,-1.058894622130815422e-01,-1.508288331116576786e-01
4.449999999999818101e+00,8.500000000000000000e+01,5.923357351305524432e+00,4.443781322489178898e+00,1.436307720531194434e+02,nan,nan,nan,6.078981154487774763e-01,7.876612904579158858e-01,8.518090912325402275e-01,8.666643988499636020e-01,3.713750212970210601e-02,-8.347010586098171370e-01,3.432608953236702121e+00,2.797066005475431008e-02,-3.129059726559352050e+00,-7.801551161319306260e+00,3.407453747963034374e+01,1.549420855493200744e+00,-3.217464099239136566e+00,3.483669902649195649e+01,1.722252118289105738e+00,-2.786229820421350034e+00,-2.948533274563820000e-02,-1.832391388098217680e-02,5.929163470863785777e-03,-5.659854436018684236e-04,2.843444000099757860e-04,-5.196213982913731183e-02,8.772035872894470105e-04,1.432489860038552340e-07,-9.455659078287031460e-06,1.326627051827228509e+00,1.710305814227373045e-01,-2.995317852639107770e-01,6.691465265579998878e-01,8.669583021405095069e-01,7.427795460901377433e-01,8.191112818051894395e-01,7.785082239972993534e-01,-8.245393369585751753e-02,-9.730924131328089199e-02,-1.614570420879052337e-01
4.460000000000036380e+00,8.500000000000000000e+01,6.054988957640497382e+00,3.772388430540253967e+00,1.454109345375238718e+02,nan,nan,nan,6.114131276673356874e-01,7.765878539254920110e-01,8.599440845761643359e-01,8.722273991449688291e-01,1.041989242846301789e-01,-8.601854052181117094e-01,3.361183578327410881e+00,-5.310274923375218892e-01,-2.511809197231592350e+00,-9.245640489427140452e+00,3.418487018812064804e+01,1.652679594748117431e+00,-6.095608331781700251e+00,3.494271831208331491e+01,1.847380467040424801e+00,-5.679848240024779393e+00,-2.826775714091679659e-02,-2.061370426025809985e-02,6.496931389701146413e-03,-1.587266258776184663e-03,2.910417391869458861e-04,-5.086112072553820168e-02,8.460185366143239700e-04,5.751498293225054920e-07,-2.607994592032777600e-05,1.330622960354981288e+00,1.688344205973573986e-01,-6.123558177349188725e-01,6.654231255991687188e-01,8.611300394710789119e-01,7.503358404244806490e-01,8.225369003558461456e-01,7.800431163284902158e-01,-7.644570584467585972e-02,-8.872902041348040836e-02,-1.720852510641526778e-01
4.470000000000254659e+00,8.500000000000000000e+01,6.159513428426985904e+00,3.076120955097402465e+00,1.470996606744935207e+02,nan,nan,nan,6.149281398858938985e-01,7.655144173930680251e-01,8.680790779197885554e-01,8.777903994399740562e-01,7.674233353889615972e-02,-8.809381409322699641e-01,3.240662189763092282e+00,-1.159525920694207679e+00,-2.110236310712353625e+00,-1.057765401730387467e+01,3.410799571239227390e+01,1.542604766331545418e+00,-9.045792564064470298e+00,3.481268193075362660e+01,1.757729346967224604e+00,-8.645193298589852304e+00,-2.660701068663135632e-02,-2.274675889991824296e-02,6.262598139469596759e-03,-1.168384227409085879e-03,2.923781501221021798e-04,-4.901533497012061646e-02,8.013280937654917047e-04,5.495372856428953939e-07,-1.882691743797962298e-05,1.325732560436820417e+00,1.664312667723918393e-01,-9.275067878875180583e-01,6.621665517297342651e-01,8.549634997251905899e-01,7.579294568026913037e-01,8.261003650993342662e-01,7.815780086596811893e-01,-7.043747799349431293e-02,-8.014879951367981370e-02,-1.827134600404002884e-01
4.479999999999563443e+00,8.500000000000000000e+01,6.246357532593417083e+00,2.378807206791750062e+00,1.488041117141802658e+02,nan,nan,nan,6.184431521041324764e-01,7.544409808616512336e-01,8.762140712626728112e-01,8.833533997344732436e-01,-1.076372246766918450e-02,-8.986847755289191220e-01,3.088948975693428523e+00,-1.249146499913889707e+00,-1.914318762606665780e+00,-1.130700545306378224e+01,3.384699448951711531e+01,1.313776877253005182e+00,-1.205084550656898656e+01,3.446814959682364332e+01,1.547885807213339238e+00,-1.166560208572851032e+01,-2.468885698702502282e-02,-2.472483599019880199e-02,5.562599881970255178e-03,1.637764654210410340e-04,2.895899109259742268e-04,-4.669721665777021996e-02,7.484279723276723384e-04,-9.451796503666276744e-08,2.580466426511195054e-06,1.312733153272581443e+00,1.638392659621713543e-01,-1.244884732183139775e+00,6.593466978632117614e-01,8.484804994114648613e-01,7.655579882135882253e-01,8.297927859190435962e-01,7.831129009907323857e-01,-6.442925014285910690e-02,-7.156857861465959481e-02,-1.933416690156811724e-01
4.489999999999781721e+00,8.500000000000000000e+01,6.315589549123846069e+00,1.680345792634492463e+00,1.505216612897814343e+02,nan,nan,nan,6.219581643226906875e-01,7.433675443292272478e-01,8.843490646062969196e-01,8.889164000294784707e-01,-6.172962710034640699e-02,-9.304204936004346616e-01,2.967995550455987175e+00,-1.388186371044813239e+00,-1.563992561559939043e+00,-1.201113035721213684e+01,3.337587910025384730e+01,1.173530353786761404e+00,-1.505919195907110719e+01,3.393459978742337313e+01,1.422998707222237424e+00,-1.468756970088334057e+01,-2.302822246872606241e-02,-2.632640890837130779e-02,5.152188747105400368e-03,9.386405668574949969e-04,2.885548412920487774e-04,-4.484432406674455918e-02,7.028018614897831246e-04,-6.408568897497629395e-07,1.441627176460279778e-05,1.292344583863528129e+00,1.610752612659679672e-01,-1.564380128552009808e+00,6.569353986099371046e-01,8.417014480259752407e-01,7.732191828814933832e-01,8.336058460488526833e-01,7.846477933219233591e-01,-5.842102229167744909e-02,-6.298835771485905566e-02,-2.039698779919287275e-01
4.500000000000000000e+00,8.500000000000000000e+01,6.367262588190626182e+00,9.806344543631082544e-01,1.522495480887627082e+02,nan,nan,nan,6.257481727862395093e-01,7.344208303488910516e-01,8.914914979477304158e-01,8.941023681295297010e-01,-8.520878390162339722e-02,-9.726792772663837017e-01,2.870180687249181961e+00,-2.236871731158836418e+00,-7.222738404743558327e-01,-1.306630948154289662e+01,3.274335450767473077e+01,1.098611506450721809e+00,-1.803908091113039092e+01,3.325573386485298499e+01,1.355330276405555479e+00,-1.767898940862181334e+01,-2.157043360779786062e-02,-2.708299823441981738e-02,4.874597767162507610e-03,1.294735574994725427e-03,2.887520950890705993e-04,-4.334052143936505813e-02,6.627771926672004722e-04,-1.017854286146874674e-06,1.933132400339201260e-05,1.266286405933217285e+00,1.582143094589826826e-01,-1.882088930258824178e+00,6.549240403880670636e-01,8.347825975443097235e-01,7.808469210674053862e-01,8.375074491529368448e-01,7.864407173030976139e-01,-5.303089369042612855e-02,-5.564176387222541376e-02,-2.127124314710647779e-01
4.510000000000218279e+00,8.500000000000000000e+01,6.333948014116693948e+00,3.030824547741511887e-01,1.536832326733122898e+02,nan,nan,nan,6.300862806197384813e-01,7.297129207598570533e-01,8.966556442334374655e-01,8.985368673922076166e-01,-9.089553382956452876e-02,-9.554863951516842091e-01,2.800046888549648116e+00,-2.532016721666944914e+00,4.113832374428840200e-01,-1.390078820267841664e+01,3.200755239936100338e+01,1.062837506142273680e+00,-2.092284846048078251e+01,3.248631478404102779e+01,1.321685236377077910e+00,-2.057115461144171675e+01,-2.033497959015807821e-02,-2.729896857872323931e-02,4.678150022218448278e-03,1.380036880258955420e-03,2.827138521634835785e-04,-4.224812961871138306e-02,6.288165293372370524e-04,-1.221506324908574910e-06,1.999590852170387352e-05,1.237112933512319657e+00,1.553838652257126807e-01,-2.190620060352818754e+00,6.533221783755471801e-01,8.280063373067269028e-01,7.883157747840214835e-01,8.414434203369537402e-01,7.887479282513101264e-01,-4.887270849067421041e-02,-5.075393164944436153e-02,-2.176966551230248292e-01
4.520000000000436557e+00,8.500000000000000000e+01,6.257616374581024488e+00,-3.628104694385182460e-01,1.549971936979590339e+02,nan,nan,nan,6.344243884532373423e-01,7.250050111708230549e-01,9.018197905191445152e-01,9.029713666548855322e-01,-8.952496036066782958e-02,-9.147121260508579432e-01,2.740892729962172591e+00,-2.054469301088145627e+00,1.405913845669873430e+00,-1.436536462040217721e+01,3.118749428563453918e+01,1.039953361074549942e+00,-2.372218119829468108e+01,3.163781969358863932e+01,1.300846572256151523e+00,-2.337794776136563257e+01,-1.919274217177256714e-02,-2.750335124898831834e-02,4.544898453456739512e-03,1.358018973872018300e-03,2.737068373419460771e-04,-4.131740088840285541e-02,5.971111536805299947e-04,-1.330826289612009890e-06,1.905912947571197997e-05,1.205036825487645125e+00,1.525832528680604039e-01,-2.490626260656664925e+00,6.521034029272182453e-01,8.213634712384808578e-01,7.956359909697983124e-01,8.454115430998099256e-01,7.910551391995226389e-01,-4.471452329092234779e-02,-4.586609942666336481e-02,-2.226808787749847696e-01
4.529999999999745341e+00,8.500000000000000000e+01,6.168018143798979835e+00,-1.026763219425624207e+00,1.563213667216119234e+02,nan,nan,nan,6.387624962863417410e-01,7.202971015822171585e-01,9.069839368043818295e-01,9.074058659171601038e-01,-1.421399239525845959e-01,-8.865745986430033643e-01,2.525753266154571630e+00,-2.109616618386816800e+00,2.265211789655899199e+00,-1.492955729756910443e+01,3.033709827457330732e+01,9.370858834219020217e-01,-2.645883581634508275e+01,3.071238689380967202e+01,1.199728196931428181e+00,-2.614092223163481421e+01,-1.705303644074438255e-02,-2.766708083014019631e-02,4.067038081970764628e-03,2.154048296286706961e-03,2.558483265595531421e-04,-3.803956004405606439e-02,5.336436430281925282e-04,-2.306941237578371325e-06,2.922169489990541333e-05,1.170253982533176362e+00,1.498116810759417827e-01,-2.782709379440523989e+00,6.512430076355364417e-01,8.148453963474393547e-01,8.028171557072066866e-01,8.494097438892240781e-01,7.933623501475252082e-01,-4.055633809154857161e-02,-4.097826720432684589e-02,-2.276651024264915169e-01
4.539999999999963620e+00,8.500000000000000000e+01,6.065112007123804716e+00,-1.688864168155288503e+00,1.576544587540416273e+02,nan,nan,nan,6.431006041198407130e-01,7.155891919931831602e-01,9.121480830900888792e-01,9.118403651798380194e-01,-2.188847275142844773e-01,-8.640852979844723114e-01,2.240893268700934193e+00,-2.521292570876519701e+00,3.180122926173602149e+00,-1.553997226375613572e+01,2.943622157249397731e+01,8.230264145533523479e-01,-2.912948057427777115e+01,2.971877114364794181e+01,1.087163393092590358e+00,-2.884664732558616862e+01,-1.458806024660099822e-02,-2.779970596020184606e-02,3.476859829151132415e-03,3.313589934747244482e-03,2.339979091894782643e-04,-3.371802348100595009e-02,4.590026416192371454e-04,-3.838467461596926340e-06,4.335409731277633204e-05,1.132945186700016205e+00,1.470682724009519660e-01,-3.067424887696645897e+00,6.507178794837200630e-01,8.084440644743154936e-01,8.098682368434180212e-01,8.534360828826049739e-01,7.956695610957377207e-01,-3.639815289179665347e-02,-3.609043498154579366e-02,-2.326493260784514572e-01
4.550000000000181899e+00,8.500000000000000000e+01,5.948846342098153883e+00,-2.349200257505518863e+00,1.589951207868122083e+02,nan,nan,nan,6.474387119533395740e-01,7.108812824041491618e-01,9.173122293757959289e-01,9.162748644425159350e-01,-2.129742406338677452e-01,-8.688860594172485019e-01,2.057009564101299315e+00,-2.663689319185913007e+00,4.095697069874078444e+00,-1.602625387499467990e+01,2.843097237451349812e+01,8.296984845334194336e-01,-3.170360273882856816e+01,2.867315488992151984e+01,1.095529615127712963e+00,-3.144657040178998031e+01,-1.289866542757068558e-02,-2.796353756516924485e-02,3.436511959341440221e-03,3.220497299883834461e-03,2.211637794204922281e-04,-3.092012474495015040e-02,4.078756441626243717e-04,-4.001452995760246368e-06,4.053952899319068830e-05,1.093277553973957428e+00,1.443520879424680103e-01,-3.345285941334529056e+00,6.505063960830993475e-01,8.021519465099072876e-01,8.167976238620714424e-01,8.574887453623432076e-01,7.979767720439501222e-01,-3.223996769204479085e-02,-3.120260275876479694e-02,-2.376335497304116195e-01
4.560000000000400178e+00,8.500000000000000000e+01,5.778042183695298206e+00,-2.882179528086382447e+00,1.599948630041961621e+02,nan,nan,nan,6.517768197868385460e-01,7.061733728151151634e-01,9.224763756615029786e-01,9.207093637051938506e-01,-1.424359179571894063e-01,-8.950248095289452532e-01,1.952078812651756978e+00,-2.764404764531640080e+00,5.033840313462698113e+00,-1.664629266320791601e+01,2.733511816288756080e+01,9.070245103150083033e-01,-3.419257975331507282e+01,2.757676351387798874e+01,1.174777760226358270e+00,-3.395362944714857178e+01,-1.177503784729136936e-02,-2.815939110669253564e-02,3.772536994914606808e-03,2.151290108405269283e-03,2.152400834418155833e-04,-2.931099593312297413e-02,3.740169018311829377e-04,-2.847233969680025483e-06,2.598516790084155504e-05,1.051405822749504226e+00,1.416621479240840475e-01,-3.616767039479565682e+00,6.505883295380407993e-01,7.959619989199651080e-01,8.236131651837120815e-01,8.615660336474390002e-01,8.002839829921626347e-01,-2.808178249229287271e-02,-2.631477053598374471e-02,-2.426177733823715599e-01
4.569999999999708962e+00,8.500000000000000000e+01,5.578675715865401230e+00,-3.347666183341713619e+00,1.608200856663900140e+02,nan,nan,nan,6.561149276199429448e-01,7.014654632265093781e-01,9.276405219467402929e-01,9.251438629674684222e-01,-2.143817993489282037e-01,-8.499583114701499964e-01,1.775658535503537472e+00,-2.963030545099868185e+00,5.955446498788712795e+00,-1.719407497242149319e+01,2.623892467941085016e+01,8.130746781756739150e-01,-3.669271504035895504e+01,2.641417581704316930e+01,1.081907556819013072e+00,-3.647456777863997957e+01,-1.026968948488679936e-02,-2.825212494759019033e-02,3.300745423828023786e-03,3.233884515306916299e-03,1.969721780283806224e-04,-2.662947294464214701e-02,3.275200994488323969e-04,-4.532755885343768315e-06,3.737300464998960438e-05,1.007473498289983560e+00,1.389974487481186183e-01,-3.882307323161979795e+00,6.509447565108611444e-01,7.898676324290268003e-01,8.303222030605513782e-01,8.656663595454329174e-01,8.025911939401653150e-01,-2.392359729291915205e-02,-2.142693831364728130e-02,-2.476019970338781961e-01
4.579999999999927240e+00,8.500000000000000000e+01,5.373283281063881311e+00,-3.810652508604320143e+00,1.616502917446509286e+02,nan,nan,nan,6.604530354534418057e-01,6.967575536374753797e-01,9.328046682324473426e-01,9.295783622301463378e-01,-4.021073956054590504e-01,-7.470319026642533444e-01,1.541147349551604595e+00,-3.133918527452374647e+00,6.591433370870156239e+00,-1.748569192892725610e+01,2.513668544645183189e+01,6.306992537357748452e-01,-3.917715151586519085e+01,2.519373453099231597e+01,8.997547271568574478e-01,-3.898294780137018734e+01,-8.514008491974825454e-03,-2.824310665907305354e-02,2.279909698968101816e-03,6.057756963237969500e-03,1.691357529441657286e-04,-2.308160363288307496e-02,2.725195664332298942e-04,-8.948159406851167804e-06,6.676686209977893832e-05,9.616138707139882946e-01,1.363569770370451906e-01,-4.142313553526941305e+00,6.515579740870285352e-01,7.838626827238159844e-01,8.369316062208791429e-01,8.697882372912374427e-01,8.048984048883778275e-01,-1.976541209316728942e-02,-1.653910609086628458e-02,-2.525862206858382475e-01
4.590000000000145519e+00,8.500000000000000000e+01,5.161815040415175915e+00,-4.271164967090492759e+00,1.624851355487381852e+02,nan,nan,nan,6.647911432869407777e-01,6.920496440484412703e-01,9.379688145181543923e-01,9.340128614928242534e-01,-3.548897351024232205e-01,-6.533218197912777914e-01,1.382750972758065133e+00,-3.321964001539067457e+00,6.932572168769548959e+00,-1.813452285113389451e+01,2.388900051379795642e+01,6.886129759615359225e-01,-4.149699832911998953e+01,2.393306181723791326e+01,9.593170192808618824e-01,-4.132744564051477454e+01,-7.258902377888664173e-03,-2.839364248716786179e-02,2.520214736342661979e-03,5.339185338606809890e-03,1.469291460488012695e-04,-2.067910171319319035e-02,2.331329792990517258e-04,-8.276764033814364976e-06,5.592410509918663904e-05,9.139509218529215939e-01,1.337397211024295984e-01,-4.397162804136582892e+00,6.524114210663176650e-01,7.779413830462323931e-01,8.434478004079588587e-01,8.739302769412090610e-01,8.072056158365902290e-01,-1.560722689341531577e-02,-1.165127386808517684e-02,-2.575704443377982988e-01
4.600000000000363798e+00,8.500000000000000000e+01,4.944219287411580233e+00,-4.729229118940731169e+00,1.633242595668640433e+02,nan,nan,nan,6.691292511204396387e-01,6.873417344594072720e-01,9.431329608038613310e-01,9.384473607555021690e-01,-2.418302119726875588e-01,-5.621945736183963094e-01,1.245685452093727275e+00,-3.326099435602293930e+00,7.254837784584364790e+00,-1.875471714481851748e+01,2.256965556530422390e+01,7.927752519709584389e-01,-4.375654262361356217e+01,2.263109832504251884e+01,1.058789977709303498e+00,-4.360997444937254386e+01,-6.184320008829713965e-03,-2.788615758098009212e-02,2.915726137280539795e-03,3.633163864820283112e-03,1.265087481073525985e-04,-1.860067836810575664e-02,1.992425353443213099e-04,-5.889322372459904095e-06,3.602187004816228600e-05,8.646001343885219015e-01,1.311446802220640473e-01,-4.647204897958415515e+00,6.534896043302369506e-01,7.720983385537921739e-01,8.498767969494973595e-01,8.780911781933606886e-01,8.095128267848026304e-01,-1.144904169366339763e-02,-6.763441645304235639e-03,-2.625546679897582947e-01
4.609999999999672582e+00,8.500000000000000000e+01,4.699650739147547718e+00,-4.986604587111672870e+00,1.638552713892744634e+02,nan,nan,nan,6.758237147966754677e-01,6.911040947572432147e-01,9.460432091726831416e-01,9.415395857940712654e-01,-2.497183471290253254e-01,-4.531283533127627994e-01,1.069239890199654264e+00,-3.054803677118576477e+00,7.573480999221823495e+00,-1.852642317477188172e+01,2.136010329515871220e+01,8.046049606707714741e-01,-4.589050049836926348e+01,2.138886075329642011e+01,1.058280417906049875e+00,-4.576593471576082095e+01,-5.008075175240708950e-03,-2.657402360525682253e-02,2.602730944447919324e-03,3.745578344363052238e-03,1.027194033608049521e-04,-1.593758263682837351e-02,1.617152671463169147e-04,-6.311153290738502186e-06,3.509362778465331369e-05,8.175660561740161203e-01,1.287466726807134920e-01,-4.878901623749243299e+00,6.549299984508544226e-01,7.668747755762685969e-01,8.560788588124629284e-01,8.821831572944733857e-01,8.136276511301682168e-01,-9.892001669589811641e-03,-5.388378290977935414e-03,-2.603274927064179178e-01
4.619999999999890861e+00,8.500000000000000000e+01,4.440626091631105332e+00,-5.121332514442962669e+00,1.641974388451030791e+02,nan,nan,nan,6.826487417259243795e-01,6.953357839932973183e-01,9.488285713776479779e-01,9.445574367994851173e-01,-3.257281663104042990e-01,-3.339583149855381849e-01,8.706141987640079183e-01,-2.964813309160451382e+00,7.881185425911961140e+00,-1.802784241666043741e+01,2.023672361536479869e+01,7.850493950236887564e-01,-4.786801233070823258e+01,2.020618492248376441e+01,1.026254827971757377e+00,-4.776613157643422625e+01,-3.831573176164398183e-03,-2.524512069940684084e-02,2.029688255847549722e-03,4.876608883258672089e-03,7.757230628000428348e-05,-1.295049649102255132e-02,1.239281819575764035e-04,-8.496403579154175289e-06,4.310687201491987107e-05,7.727590984329076873e-01,1.265391897318942638e-01,-5.092749713343465601e+00,6.567176637757982105e-01,7.622610103212850152e-01,8.620605674132425511e-01,8.862058626362321334e-01,8.178426334740886983e-01,-8.479088422767899758e-03,-4.207953844605039073e-03,-2.577007412289557542e-01
4.630000000000109139e+00,8.500000000000000000e+01,4.180872461327556522e+00,-5.254658040120790297e+00,1.645407522478224678e+02,nan,nan,nan,6.894737686551731803e-01,6.995674732293514220e-01,9.516139335826128143e-01,9.475752878048989691e-01,-4.074000183741426362e-01,-2.169554805134272513e-01,6.511208041941096702e-01,-3.261302860361391165e+00,8.312913831626662642e+00,-1.796441713417877395e+01,1.916815311823109624e+01,7.893826071306218051e-01,-4.967664972405836465e+01,1.907690257601050732e+01,1.018801408179159429e+00,-4.960058353474649806e+01,-2.680602937017756600e-03,-2.398760548082789004e-02,1.491265298159178418e-03,6.086702697297979164e-03,5.271720662353065329e-05,-9.663445307642449383e-03,8.679985817425846933e-05,-1.091568970597326857e-05,5.067269375704807792e-05,7.298900060260028466e-01,1.245066896994971861e-01,-5.289960090713069718e+00,6.588302037380896481e-01,7.582177150951940892e-01,8.678361339980728006e-01,8.901637618922360051e-01,8.220576158180091797e-01,-7.066175175946043385e-03,-3.027529398232198243e-03,-2.550739897514935905e-01
4.640000000000327418e+00,8.500000000000000000e+01,3.920381711718381457e+00,-5.386580997247023994e+00,1.648851700160945200e+02,nan,nan,nan,6.962987955844220922e-01,7.037991624654056366e-01,9.543992957875776506e-01,9.505931388103128210e-01,-4.944147605533649736e-01,-1.019976945771172983e-01,4.119359229929310806e-01,-3.078477970320614432e+00,8.608535430232418406e+00,-1.791553781205950102e+01,1.814759948058444650e+01,8.230227880503089288e-01,-5.132605096182920335e+01,1.799469748449027051e+01,1.041290574203894703e+00,-5.127873971226321714e+01,-1.567913641497167008e-03,-2.279671670516258616e-02,9.888846247186841056e-04,7.369864326231371186e-03,2.836094577401810537e-05,-6.097934447217296348e-03,5.085096248480408553e-05,-1.355049669321044351e-05,5.767728836350580684e-05,6.887027253229018875e-01,1.226350219185733392e-01,-5.471644041237075484e+00,6.612466661928793066e-01,7.547080985658835006e-01,8.734188532870738042e-01,8.940610346023436517e-01,8.262725981619294391e-01,-5.653261929124187013e-03,-1.847104951859357413e-03,-2.524472382740314269e-01
4.649999999999636202e+00,8.500000000000000000e+01,3.650372429488693449e+00,-5.489901538219734256e+00,1.651778422535886648e+02,nan,nan,nan,7.031238225130501673e-01,7.080308517010748259e-01,9.571846579922891340e-01,9.536109898154522257e-01,-5.414328139785653526e-01,-1.446812665308732510e-02,2.680178229857903549e-01,-2.113115329627124783e+00,8.507029342190445931e+00,-1.757891393144200975e+01,1.714165583951887939e+01,8.551451413344023367e-01,-5.284834951843939166e+01,1.695432429603375724e+01,1.063198363326922191e+00,-5.281816868375422303e+01,-9.096474600546831241e-04,-2.171257500871051280e-02,6.740144190864535978e-04,8.050683228870501862e-03,1.194648701744256933e-05,-3.955500266006931574e-03,2.966438090928949828e-05,-1.512295605423440528e-05,5.910975699525335966e-05,6.489704573034840163e-01,1.209112865469472442e-01,-5.638822738612956798e+00,6.639474502622693119e-01,7.516977421851486207e-01,8.788211625837658580e-01,8.979015907552690967e-01,8.304875805054665605e-01,-4.240348682430783445e-03,-6.666805055938751501e-04,-2.498204867968081833e-01
4.659999999999854481e+00,8.500000000000000000e+01,3.304587954690239915e+00,-5.359623372693024912e+00,1.650172615803563190e+02,nan,nan,nan,7.099488494422990792e-01,7.122625409371290406e-01,9.599700201972539704e-01,9.566288408208660776e-01,-5.748470619883350174e-01,6.373246549606609301e-02,1.565021741348626982e-01,-1.829235059988242984e+00,8.266853425163535718e+00,-1.751588594879355298e+01,1.616021775774394698e+01,8.856135653320114098e-01,-5.424631178920621721e+01,1.594822967292543936e+01,1.084176494405673541e+00,-5.422938080355095991e+01,-4.243205985335486274e-04,-2.070736224138306283e-02,4.346165115906815753e-04,8.524683369033751387e-03,-1.521289113003040793e-06,-2.300912435042666831e-03,1.414353883762507426e-05,-1.630966363884701380e-05,5.859232865442526615e-05,6.104921899417296016e-01,1.193237098454077161e-01,-5.792435743709251739e+00,6.669142191881534121e-01,7.491544471607789468e-01,8.840546970724997289e-01,9.016890881728015783e-01,8.347025628493870419e-01,-2.827435435608927072e-03,5.137439407789656798e-04,-2.471937353193459086e-01
4.670000000000072760e+00,8.500000000000000000e+01,2.958615690139587251e+00,-5.230453958033010053e+00,1.648562999664620463e+02,nan,nan,nan,7.167738763715478800e-01,7.164942301731831442e-01,9.627553824022188067e-01,9.596466918262799295e-01,-6.021626326636175808e-01,1.458406639322563647e-01,-5.591941096320995896e-02,-2.388832509923030756e+00,8.049539775093775162e+00,-1.754102040134631935e+01,1.521280226041120009e+01,9.615436775828096749e-01,-5.550698852900567459e+01,1.497223737472087812e+01,1.151297810543043809e+00,-5.551748693423078151e+01,3.135703789076677147e-04,-1.977018902665279507e-02,2.381998570402446818e-04,8.904300884325460491e-03,-1.827441302728234640e-05,8.255470088114752469e-04,-9.498611484845527494e-06,-1.730334334052029092e-05,5.715685774009657987e-05,5.730896509521814508e-01,1.178615331183721915e-01,-5.933348595011052495e+00,6.701298188052003946e-01,7.470480912977273125e-01,8.891303415494912210e-01,9.054269487727568677e-01,8.389175451933075234e-01,-1.414522188787070700e-03,1.694168387151806510e-03,-2.445669838418838560e-01
4.680000000000291038e+00,8.500000000000000000e+01,2.612436198621149064e+00,-5.102391943095118343e+00,1.646949780859426653e+02,nan,nan,nan,7.235989033007967919e-01,7.207259194092372478e-01,9.655407446071836430e-01,9.626645428316937814e-01,-6.273320823303231153e-01,2.293239467491917927e-01,-3.038497363656013084e-01,-2.408963447148478654e+00,7.746805034124522038e+00,-1.706787551735532205e+01,1.429151870012206338e+01,1.059855204280364172e+00,-5.664824539580138207e+01,1.402292773517510227e+01,1.241380592872207922e+00,-5.669111197524909329e+01,1.066115031307379290e-03,-1.889340045805429011e-02,6.878348519011854602e-05,9.248483859669098112e-03,-3.527422642588214140e-05,4.452737564456609072e-03,-3.344048738420346941e-05,-1.820913596703203436e-05,5.529871395973012034e-05,5.366046292702802978e-01,1.165149137252756428e-01,-6.062359595817937929e+00,6.735782012719205847e-01,7.453504950721225875e-01,8.940582788176311135e-01,9.091183737831540768e-01,8.431325275372278938e-01,-1.608941965158816600e-06,2.874592833524702851e-03,-2.419402323644216923e-01
4.689999999999599822e+00,8.500000000000000000e+01,2.266030116749132350e+00,-4.975436017068079586e+00,1.645333167150620284e+02,nan,nan,nan,7.304239302294248670e-01,7.249576086449065482e-01,9.683261068118951265e-01,9.656823938368331861e-01,-6.501336722721190453e-01,2.920604563898798189e-01,-4.874306812104569619e-01,-1.899439765357376242e+00,7.384305719850011940e+00,-1.637025587586606790e+01,1.338323763434742197e+01,1.139348659818323339e+00,-5.770000648306134394e+01,1.309461455975711175e+01,1.312364122054477944e+00,-5.776637525099742021e+01,1.542075901526024796e-03,-1.799273744915639434e-02,-8.424586480867252668e-05,9.554198038867161083e-03,-4.689813666340105196e-05,7.117309771656893380e-03,-4.832394929504742084e-05,-1.901663665330586195e-05,5.305989144895272941e-05,5.008966200275291047e-01,1.152748367643871286e-01,-6.180205890659216550e+00,6.772443537204655417e-01,7.440352963425236332e-01,8.988480349601344344e-01,9.127663579751479350e-01,8.473475098807649042e-01,1.411304304728189241e-03,4.055017279790129603e-03,-2.393134808871984487e-01
4.699999999999818101e+00,8.500000000000000000e+01,1.919378157287080722e+00,-4.849584908596711763e+00,1.643713367224582100e+02,nan,nan,nan,7.371613376794167172e-01,7.293812205846541552e-01,9.704137728791318862e-01,9.685259219483562942e-01,-6.711692886241686917e-01,3.393238139819877985e-01,-6.230192109854408855e-01,-1.534102682640385629e+00,7.077013235906178146e+00,-1.574679888785150084e+01,1.247965611518332452e+01,1.215785940383677710e+00,-5.865603296162367286e+01,1.217661476004684928e+01,1.368013463799077956e+00,-5.873805158817654615e+01,1.826106716258773729e-03,-1.581450371185885370e-02,-3.588307555295751870e-04,9.830673044726297161e-03,-5.464957649848707557e-05,9.065299363885398129e-03,-5.692503164746480146e-05,-1.973819288411489260e-05,5.057419345921828409e-05,4.655920816898730386e-01,1.141481641866599617e-01,-6.286453574307039105e+00,6.811085806637904305e-01,7.430902108153235597e-01,9.034635251669677070e-01,9.163624603691025161e-01,8.513705632728898465e-01,2.946133081993485003e-03,4.833984012769076966e-03,-2.361985682817085985e-01
4.710000000000036380e+00,8.500000000000000000e+01,1.593607333394776004e+00,-4.617156663594376376e+00,1.639308779260214237e+02,nan,nan,nan,7.425404986133566920e-01,7.367799511379058419e-01,9.616859974901035280e-01,9.686671575411011093e-01,-6.626317280753060146e-01,3.906394665598174609e-01,-7.572175525151351172e-01,-9.657780214563150833e-01,6.648262860222716952e+00,-1.507723126133375935e+01,1.147158948278034529e+01,1.294275591555065663e+00,-5.935247840360074179e+01,1.116601827879278552e+01,1.415340498581457274e+00,-5.944924294491733718e+01,2.087214294615100975e-03,-1.255455568556912600e-02,-6.955745456558446371e-04,9.673986476694486705e-03,-6.219490389113165561e-05,1.098063962918403857e-02,-6.450817261072433820e-05,-1.951338416963139009e-05,4.638358394171114698e-05,4.267063886910574810e-01,1.133617914867214305e-01,-6.364442794162375350e+00,6.850705102676482028e-01,7.426832431434935433e-01,9.072184679459999179e-01,9.197357479867329655e-01,8.524184011956167373e-01,6.370853763224215704e-03,-6.103062877733655966e-04,-2.255163526399711071e-01
4.720000000000254659e+00,8.500000000000000000e+01,1.281947381329410662e+00,-4.302984460961910784e+00,1.632702356988547479e+02,nan,nan,nan,7.479196595472965559e-01,7.441786816911575286e-01,9.529582221010752807e-01,9.688083931338460353e-01,-6.177293803269960915e-01,4.469380415108132332e-01,-8.897064429474207392e-01,-5.724620254963813659e-02,6.088951170856433670e+00,-1.464631527551849111e+01,1.035946559813256052e+01,1.349942955604966688e+00,-5.980741251017158788e+01,1.006541797174922159e+01,1.442260979795730869e+00,-5.991932711852564353e+01,2.337544824475728134e-03,-9.547985623633854779e-03,-9.506366627064861876e-04,8.989446787077198450e-03,-6.964728603646098872e-05,1.285918516604175367e-02,-7.139995140752865906e-05,-1.814802678341860198e-05,4.045694450771847653e-05,3.843337581667579106e-01,1.128949427059461191e-01,-6.415772494021526384e+00,6.891238413928906237e-01,7.427796884841323388e-01,9.101683625953733703e-01,9.229005908247438494e-01,8.534662391183438501e-01,9.795574444454890894e-03,-6.054596588315863670e-03,-2.148341369982336158e-01
4.729999999999563443e+00,8.500000000000000000e+01,9.669804631006782003e-01,-3.992867781433107499e+00,1.626096336787029486e+02,nan,nan,nan,7.532988204807472554e-01,7.515774122437363092e-01,9.442304467128408429e-01,9.689496287265780827e-01,-6.326944135155286864e-01,5.081805470119167278e-01,-1.067161851430040720e+00,5.411335000009529494e-01,5.587064789067333948e+00,-1.455970547733240927e+01,9.187375394802899109e+00,1.458192809532024903e+00,-6.000461559736991290e+01,8.879689742876257341e+00,1.523071651029652029e+00,-6.013656154594115577e+01,2.680411745247590367e-03,-6.675326750847184430e-03,-1.324692079142291822e-03,9.177988220634510433e-03,-7.798377306329740653e-05,1.537333604836117057e-02,-8.077026566099934407e-05,-1.847981239726471182e-05,3.908668083783574658e-05,3.386001155263010931e-01,1.127279018412436912e-01,-6.441969622156493713e+00,6.932626792797993431e-01,7.433470802142481126e-01,9.123651290962155880e-01,9.258704321154264116e-01,8.545140770409757058e-01,1.322029512537409301e-02,-1.149888688836314676e-02,-2.041519213574676805e-01
4.739999999999781721e+00,8.500000000000000000e+01,6.486687513153152063e-01,-3.686792769518794977e+00,1.619493080055677012e+02,nan,nan,nan,7.586779814146871193e-01,7.589761427969879959e-01,9.355026713238124847e-01,9.690908643193228977e-01,-6.730732351888264464e-01,5.715217580816134291e-01,-1.263705610898356646e+00,6.898258303204245490e-01,5.089085986423472541e+00,-1.412161928688684753e+01,7.944223128337116080e+00,1.600281966242043552e+00,-5.996701522141091090e+01,7.612287067009609665e+00,1.639247264391225256e+00,-6.012106779396070522e+01,3.063652233349432701e-03,-3.961421774972820851e-03,-1.737327275275644609e-03,9.733089395883302158e-03,-8.613607965021271185e-05,1.814578053571071561e-02,-9.085173808716122867e-05,-1.948192856465374219e-05,3.957846414657179631e-05,2.896557576659449795e-01,1.128419827151265764e-01,-6.444489646463365418e+00,6.974815093395458909e-01,7.443550455813385813e-01,9.138573389534314639e-01,9.286578480964923221e-01,8.555619149637025966e-01,1.664501580660476820e-02,-1.694317718890564484e-02,-1.934697057157301892e-01
4.750000000000000000e+00,8.500000000000000000e+01,3.269744432912614629e-01,-3.384746347715641868e+00,1.612894942354870977e+02,nan,nan,nan,7.640571423486269831e-01,7.663748733502395716e-01,9.267748959347842375e-01,9.692320999120678238e-01,-6.402964648631936928e-01,6.278237810368454408e-01,-1.370164084653747283e+00,9.840056179846241591e-01,4.484499369027846960e+00,-1.319191616979867732e+01,6.587125174884995715e+00,1.644971320396449332e+00,-5.975987426887211029e+01,6.262786043216114429e+00,1.660413887649802467e+00,-5.992516142115491817e+01,3.280098345950434053e-03,-1.502314149933728664e-03,-2.000920660391253183e-03,9.230387851205256941e-03,-9.120863494982389111e-05,1.961226817756490937e-02,-9.539252552073826505e-05,-1.830975219809134746e-05,3.618851170148558623e-05,2.376691870199884593e-01,1.132194958048713396e-01,-6.424717567349395253e+00,7.017751726357300823e-01,7.457751706632395061e-01,9.146904311491846906e-01,9.312746039261652342e-01,8.566097528864295985e-01,2.006973648783549891e-02,-2.238746748944808740e-02,-1.827874900739928088e-01
4.760000000000218279e+00,8.500000000000000000e+01,2.304924449005730722e-02,-2.996337703307585532e+00,1.604609903191430647e+02,nan,nan,nan,7.694363032825669579e-01,7.737736039034912583e-01,9.180471205457559902e-01,9.693733355048126388e-01,-5.739411283830631039e-01,6.808948022693525060e-01,-1.435273228259468681e+00,1.792161862132745087e+00,3.803156435098083321e+00,-1.237222092382209837e+01,5.140053416912493844e+00,1.637451232453728256e+00,-5.937889752421061473e+01,4.837242386258442828e+00,1.631255921131901543e+00,-5.955044616732046592e+01,3.440539438454985263e-03,7.577046849382439208e-04,-2.195658775099612603e-03,8.248447216389551140e-03,-9.489653587105877010e-05,2.048022925431264990e-02,-9.794831472717119563e-05,-1.616668058320548185e-05,3.149836324439952078e-05,1.828219514537387513e-01,1.138437128629303102e-01,-6.383969328951636157e+00,7.061388429473141048e-01,7.475808740372943406e-01,9.149069141686819728e-01,9.337317059921432794e-01,8.576575908091568223e-01,2.349445716906617410e-02,-2.783175778999047445e-02,-1.721052744322551509e-01
4.770000000000436557e+00,8.500000000000000000e+01,-2.683272898493256342e-01,-2.530972552431466571e+00,1.594793235378756719e+02,nan,nan,nan,7.748154642165068218e-01,7.811723344567429450e-01,9.093193451567277430e-01,9.695145710975575648e-01,-5.713373146635796207e-01,7.473102453873504691e-01,-1.535949445536689328e+00,2.690986286685473683e+00,3.318519845573167704e+00,-1.186767899742830323e+01,3.653414873491137360e+00,1.701745533841344082e+00,-5.878015158217743874e+01,3.345281843701898516e+00,1.674740578616602082e+00,-5.896163528143856070e+01,3.711994510850523052e-03,2.934686577961009499e-03,-2.503103707273360984e-03,8.186144705967094912e-03,-1.002115645128832770e-04,2.184916236610763909e-02,-1.033847310605438190e-04,-1.580731528924729902e-05,3.076571699084352206e-05,1.253043469751354277e-01,1.146988300264603355e-01,-6.323493544185067705e+00,7.105680053108059946e-01,7.497472885969357348e-01,9.145465549967570773e-01,9.360394508469984665e-01,8.587054287318837131e-01,2.691917785029684929e-02,-3.327604809053297252e-02,-1.614230587905177705e-01
4.779999999999745341e+00,8.500000000000000000e+01,-5.675038823311604474e-01,-2.071203021479127049e+00,1.584991488818794494e+02,nan,nan,nan,7.801946251499575213e-01,7.885710650093217255e-01,9.005915697684931942e-01,9.696558066902896122e-01,-6.220216748130829032e-01,8.248799298855379325e-01,-1.666355217860643556e+00,3.263128475376883664e+00,3.139529459510816967e+00,-1.139752846919214946e+01,2.128139485998662650e+00,1.836274419554299930e+00,-5.797378078865390449e+01,1.792176402327239959e+00,1.789313571916588907e+00,-5.816821279913511944e+01,4.085658589806808252e-03,5.025068618980206223e-03,-2.905732450461859934e-03,8.885687619236070159e-03,-1.066292678200120157e-04,2.363182887763823348e-02,-1.113094551360200869e-04,-1.685654115422091412e-05,3.320556783317258367e-05,6.531185936362365885e-02,1.157699299987849650e-01,-6.244473461961623784e+00,7.150584359462902606e-01,7.522511509902288784e-01,9.136465559255471103e-01,9.382074709875823926e-01,8.597532666545154578e-01,3.034389853121610692e-02,-3.872033839058031113e-02,-1.507408431497517798e-01
4.789999999999963620e+00,8.500000000000000000e+01,-8.745422742331273591e-01,-1.616994099847481214e+00,1.575210915848333570e+02,nan,nan,nan,7.855737860838973852e-01,7.959697955625734123e-01,8.918637943794649470e-01,9.697970422830344273e-01,-5.695265105513191983e-01,8.506457530907328701e-01,-1.793757433352443531e+00,3.482793183911657486e+00,2.845828155700341533e+00,-1.087552964960619661e+01,4.996652659119543705e-01,1.856162445219138313e+00,-5.707392054039730311e+01,1.748678575513502864e-01,1.791721789395179121e+00,-5.728263601674849070e+01,4.439252688666615355e-03,6.848009945696860619e-03,-3.107593996533122589e-03,8.111774808580234433e-03,-1.068801369001126856e-04,2.536148589337863454e-02,-1.183918533373930963e-04,-1.507551588869368436e-05,3.044078007834582486e-05,3.042237458004970474e-03,1.170429437867830103e-01,-6.148029116008345341e+00,7.196061834782155886e-01,7.550706981890304981e-01,9.122417199591029702e-01,9.402447776819847780e-01,8.608011045772425707e-01,3.376861921244672660e-02,-4.416462869112275369e-02,-1.400586275080142329e-01
4.800000000000181899e+00,8.500000000000000000e+01,-1.188042872833228625e+00,-1.168132523304229009e+00,1.565423075463045564e+02,nan,nan,nan,7.909920197975032208e-01,8.033071300457350628e-01,8.828783381608978909e-01,9.695292241837178970e-01,-4.834949247455025967e-01,8.595737769359930169e-01,-1.920183403324382310e+00,3.751487482129454598e+00,2.218534111593678748e+00,-1.021356137955267585e+01,-1.194609620996264443e+00,1.819185397567928630e+00,-5.603933133832691738e+01,-1.496592212641394415e+00,1.744487389505548380e+00,-5.626161544019299043e+01,4.818707283774064341e-03,7.913957244098396987e-03,-3.361301544060579273e-03,6.866474788881133176e-03,-1.048167687651807128e-04,2.706823251965451843e-02,-1.258548240859754083e-04,-1.246535811858128824e-05,2.610962768174133404e-05,-6.123649660219554480e-02,1.184957073794053045e-01,-6.034463943228361771e+00,7.242100712884859126e-01,7.581816111107863021e-01,9.103479869372690381e-01,9.421334199285618105e-01,8.616766780469634623e-01,3.716788788729408211e-02,-4.948299813552592408e-02,-1.290542062506888077e-01
4.810000000000400178e+00,8.500000000000000000e+01,-1.382704740791873776e+00,-7.086537131050594240e-01,1.552636916382186030e+02,nan,nan,nan,7.972970759840536381e-01,8.092509774217100382e-01,8.680443819780117032e-01,9.599772443261971322e-01,-4.704449012211118775e-01,8.658099986271861059e-01,-2.023208242754687802e+00,4.380047321198301091e+00,1.448726991539880604e+00,-9.351862466881735614e+00,-2.869052802484808762e+00,1.852836038042529943e+00,-5.466149920646698490e+01,-3.174739629880735325e+00,1.773427544041156434e+00,-5.489195823845339106e+01,5.169743503931225823e-03,8.401971917806278292e-03,-3.864370747128491237e-03,6.663782021688774947e-03,-1.018803486800050421e-04,2.844448265969578768e-02,-1.324070796971499428e-04,-1.175503465044585296e-05,2.575741235790090161e-05,-1.257149440911374816e-01,1.199130566330670611e-01,-5.887679547375615385e+00,7.289236725763114100e-01,7.614752285167025736e-01,9.076196999094150453e-01,9.432842219625316993e-01,8.586424199274931279e-01,3.998948045526451445e-02,-5.194338189292091457e-02,-1.107367864492225795e-01
4.819999999999708962e+00,8.500000000000000000e+01,-1.587745733815950411e+00,-2.539999647960863860e-01,1.539888538179758370e+02,nan,nan,nan,8.036021321700306252e-01,8.151948247971444461e-01,8.532104257964746585e-01,9.504252644695452279e-01,-4.996170443347133228e-01,8.704889267281782361e-01,-2.112694780139714013e+00,4.990335402853746771e+00,6.326701414001515422e-01,-8.748118285935429839e+00,-4.530564993635128879e+00,1.938894043371311549e+00,-5.297264149163186886e+01,-4.855377792532778791e+00,1.854724088997121711e+00,-5.320895138525039414e+01,5.511215823239927480e-03,8.895700733436855828e-03,-4.429384493488740075e-03,7.060657077241062202e-03,-9.834477896558469553e-05,2.963211599735067828e-02,-1.386481356779167146e-04,-1.203749807671473800e-05,2.782818584175193868e-05,-1.902556824773340982e-01,1.212938848365429922e-01,-5.709810652354398997e+00,7.337399115887048850e-01,7.649397672437124873e-01,9.041106817796303874e-01,9.437447693238264490e-01,8.556081618082986839e-01,4.281107302297837425e-02,-5.440376565009219512e-02,-9.241936664942246304e-02
4.829999999999927240e+00,8.500000000000000000e+01,-1.803205530189015082e+00,1.958583187826898331e-01,1.527190094868894903e+02,nan,nan,nan,8.099071883565810426e-01,8.211386721731195326e-01,8.383764696135884709e-01,9.408732846120245741e-01,-4.346759852638401034e-01,8.500254946616242480e-01,-2.204649218128701627e+00,5.309517965113336402e+00,-1.472359484846469044e-02,-8.440027919166166015e+00,-6.228120113736078878e+00,1.891609473927842844e+00,-5.106694361564885298e+01,-6.537471515892553597e+00,1.803793193474366952e+00,-5.131164729401103131e+01,5.855922736420664416e-03,9.267707591617825938e-03,-4.755238230410567535e-03,6.130439778750629634e-03,-9.175617395535494284e-05,3.085728321036436753e-02,-1.449710202185200869e-04,-1.004423408420797781e-05,2.471031017283733741e-05,-2.547266647628504965e-01,1.226373048482587297e-01,-5.502913004279699649e+00,7.386521689093964449e-01,7.685642040605313863e-01,8.998712842504710263e-01,9.435595786173267552e-01,8.525739036888284605e-01,4.563266559094880659e-02,-5.686414940748729663e-02,-7.410194684795617937e-02
4.840000000000145519e+00,8.500000000000000000e+01,-2.029126874755977639e+00,6.409489331935936951e-01,1.514553449370291105e+02,nan,nan,nan,8.162122445431314599e-01,8.270825195490946191e-01,8.235425134307022832e-01,9.313213047545039203e-01,-3.051412106987785311e-01,8.123058390068722545e-01,-2.298297476593986310e+00,5.742446587291612836e+00,-4.105842863121528241e-01,-7.881685106847557520e+00,-7.946479776553356800e+00,1.738359038286121816e+00,-4.894061049919882578e+01,-8.217070615839823233e+00,1.647655489215816171e+00,-4.919572808806860564e+01,6.213367016963532163e-03,9.556934362039195066e-03,-4.889063185709190129e-03,4.296001955983438057e-03,-8.294212598264653555e-05,3.210994165047786203e-02,-1.516591303448442990e-04,-6.723664598263986506e-06,1.775913651297393313e-05,-3.190016076294884817e-01,1.239426187451126704e-01,-5.268959864515823099e+00,7.436542520281916868e-01,7.723382266572598187e-01,8.949486116914735501e-01,9.427702954379045819e-01,8.495396455693580151e-01,4.845425815891923893e-02,-5.932453316488239814e-02,-5.578452704649011773e-02
4.850000000000363798e+00,8.500000000000000000e+01,-2.265555388406439885e+00,1.081297935053951997e+00,1.501990109614518758e+02,nan,nan,nan,8.225173007296818772e-01,8.330263669250695946e-01,8.087085572478160955e-01,9.217693248969832664e-01,-2.088658641918671177e-01,8.146343850369455186e-01,-2.372456114830402640e+00,6.400012003735166211e+00,-1.054233076317565132e+00,-6.916926911676957168e+00,-9.639326827300571665e+00,1.618401915234201072e+00,-4.655419317232849608e+01,-9.883851922710375604e+00,1.524759526839518875e+00,-4.681691907678519016e+01,6.582542735976040782e-03,9.856452384536668054e-03,-5.056720968778847733e-03,2.936203222422077794e-03,-7.807856271607660958e-05,3.309520894865160268e-02,-1.587839058466994227e-04,-4.361121191900922828e-06,1.248150313470047718e-05,-3.829602435096725044e-01,1.252092913008984176e-01,-5.009839884579506020e+00,7.487403678085491343e-01,7.762521877959549510e-01,8.893867305693645697e-01,9.414158795304584659e-01,8.465053874498877917e-01,5.127585072688972678e-02,-6.178491692227744414e-02,-3.746710724502394507e-02
4.859999999999672582e+00,8.500000000000000000e+01,-2.294285389979483281e+00,1.464046085615933634e+00,1.487113999730229068e+02,nan,nan,nan,8.288223569156588644e-01,8.389702143005041135e-01,7.938746010662790509e-01,9.122173450403312511e-01,-1.459966098945424395e-01,8.571877333581048308e-01,-2.427039189427818044e+00,6.683028655973151544e+00,-1.916709908315463506e+00,-5.777541747542237260e+00,-1.130340672988381812e+01,1.540496189412054573e+00,-4.393159375826254376e+01,-1.153426362475760314e+01,1.443876107580547075e+00,-4.419903094213059092e+01,6.953042537698591805e-03,1.016494692228843075e-02,-5.268530531032588130e-03,2.049898366219965896e-03,-7.726611976667589450e-05,3.381353555643681202e-02,-1.661719335716091298e-04,-2.868538051927475461e-06,8.982822949567910095e-06,-4.464884604627844533e-01,1.264369268232201082e-01,-4.727356124248986546e+00,7.539050967307318052e-01,7.802970624181002623e-01,8.832268653716600637e-01,9.395327780085318548e-01,8.434711293306933477e-01,5.409744329460347556e-02,-6.424530067944872469e-02,-1.914968744522366206e-02
4.869999999999890861e+00,8.500000000000000000e+01,-2.324405970101526275e+00,1.844106209514370320e+00,1.472215932876090392e+02,nan,nan,nan,8.351274131022092817e-01,8.449140616764790890e-01,7.790406448833928632e-01,9.026653651828105973e-01,-8.952654333426225686e-02,8.341382214226282787e-01,-2.482543700916596929e+00,6.744861041005766111e+00,-2.663972149582463089e+00,-4.809834646877050979e+00,-1.296171227172445661e+01,1.468124378549800602e+00,-4.110927848223992953e+01,-1.318045104488793307e+01,1.368587178599571796e+00,-4.138178660536345177e+01,7.290061042222291225e-03,1.046008744689657342e-02,-5.462610173317403520e-03,1.255819160577861804e-03,-6.915610376626077479e-05,3.455233092175993836e-02,-1.729702043374826091e-04,-1.642120838330166149e-06,5.685969891888851395e-06,-5.094783502359349070e-01,1.276252489355925723e-01,-4.423226008579170809e+00,7.591433687962441113e-01,7.844644075184828980e-01,8.765075818942110741e-01,9.371550874013170329e-01,8.404368712112230133e-01,5.691903586257396341e-02,-6.670568443684377069e-02,-8.322676437574894059e-04
4.880000000000109139e+00,8.500000000000000000e+01,-2.365164311373230355e+00,2.223820786298557284e+00,1.457414881292413895e+02,nan,nan,nan,8.414324692887596990e-01,8.508579090524541755e-01,7.642066887005066755e-01,8.931133853252899435e-01,-3.545100586942603882e-02,7.865406005782052956e-01,-2.538393007326667838e+00,7.273071652129645237e+00,-3.408671727821492858e+00,-4.137515798652762200e+00,-1.460632884657116115e+01,1.395139809941913001e+00,-3.809687288350660594e+01,-1.481395525507805466e+01,1.292802443374819976e+00,-3.837481705740983529e+01,7.630765635581062897e-03,1.074027761517399801e-02,-5.630594546934663408e-03,4.969397742090542408e-04,-5.811689061501609994e-05,3.530407303589615936e-02,-1.801558894633591254e-04,-6.014678702368002377e-07,2.329674159132932372e-06,-5.718281818524091342e-01,1.287740829419735111e-01,-4.099082049372933412e+00,7.644504409860426453e-01,7.887463246067165645e-01,8.692649587085068408e-01,9.343147052500947458e-01,8.374026130917525679e-01,5.974062843054439575e-02,-6.916606819423887220e-02,1.748515215770857223e-02
4.890000000000327418e+00,8.500000000000000000e+01,-2.416573245174674867e+00,2.603206255857587692e+00,1.442728050113965708e+02,nan,nan,nan,8.477375254753101164e-01,8.568017564284291510e-01,7.493727325176204879e-01,8.835614054677692897e-01,4.369755352456120012e-02,7.277798019772889759e-01,-2.598033195066251189e+00,7.848747178216078701e+00,-4.081578929246059140e+00,-3.365393745388605584e+00,-1.624217491789476497e+01,1.274745158549455137e+00,-3.491797252170901089e+01,-1.643021003022474957e+01,1.169883881885341870e+00,-3.520288592984972809e+01,7.998244875345337720e-03,1.098982348867734091e-02,-5.694355030482815827e-03,-6.122744476781637451e-04,-4.550702530085760363e-05,3.611723878392295028e-02,-1.883389820835738859e-04,6.782926242493024000e-07,-2.977754515720207934e-06,-6.334423154634019060e-01,1.298833404554909643e-01,-3.756473182357295215e+00,7.698218761726819404e-01,7.931354245898739608e-01,8.615327475701852755e-01,9.310414719275383888e-01,8.343683549722823445e-01,6.256222099851488361e-02,-7.162645195163391820e-02,3.580257195917474489e-02
4.899999999999636202e+00,8.500000000000000000e+01,-2.478648325747331960e+00,2.982278984197146876e+00,1.428171781233137381e+02,nan,nan,nan,8.540425816612871035e-01,8.627456038038636699e-01,7.345387763360834432e-01,8.740094256111172744e-01,1.400333672795430195e-01,6.613667795612152567e-01,-2.660271986266482092e+00,7.517881365805418881e+00,-4.538072041259655798e+00,-2.146920060945837427e+00,-1.786360923401868561e+01,1.113174524663723464e+00,-3.157955961749325979e+01,-1.802650423108488198e+01,1.010178495307034963e+00,-3.187245050868328278e+01,8.394717444590743885e-03,1.078000924983678506e-02,-5.694288771684678438e-03,-1.961771091658185123e-03,-3.166378984357258377e-05,3.697585748524492150e-02,-1.976313700886845573e-04,1.962347232324040140e-06,-9.915209835812202689e-06,-6.942310689372055421e-01,1.309530060120108474e-01,-3.396866593654246813e+00,7.752535233924062741e-01,7.976247949198735920e-01,8.533425234824900674e-01,9.273633033107759882e-01,8.313340968530877895e-01,6.538381356622863239e-02,-7.408683570880519875e-02,5.411999175897502790e-02
4.909999999999854481e+00,8.500000000000000000e+01,-2.350141708129720008e+00,3.236099860584907173e+00,1.412840933041153448e+02,nan,nan,nan,8.566279725608646478e-01,8.650828561594605670e-01,7.169043794130016689e-01,8.571854534666407677e-01,2.385844290082013708e-01,6.429347252904431542e-01,-2.677173702396583366e+00,6.508175690388972257e+00,-4.931626942714343542e+00,-8.470823983905996224e-01,-1.935371620879189791e+01,9.393942025834204346e-01,-2.806375131719570959e+01,-1.948770194317669535e+01,8.436167335132257472e-01,-2.835904307994660911e+01,8.677473137732760744e-03,1.001740822648659879e-02,-5.679843937284720715e-03,-3.343814636162564975e-03,-2.351215955936842154e-05,3.722538675698412042e-02,-2.049358756852272950e-04,2.967695032453674827e-06,-1.755077552538237672e-05,-7.500716416093793359e-01,1.318005734724954914e-01,-3.017726286359089016e+00,7.805016069606715012e-01,8.019753686731363462e-01,8.445432162147582522e-01,9.228373221903293233e-01,8.239501653999918851e-01,6.591309522752158978e-02,-7.436797882611750898e-02,7.381049792034133361e-02
4.920000000000072760e+00,8.500000000000000000e+01,-2.217665827165634429e+00,3.487187600673516741e+00,1.397568960657657726e+02,nan,nan,nan,8.580745317683581286e-01,8.663158949923774887e-01,6.984125852725123762e-01,8.381350510812555221e-01,3.388711041326397666e-01,6.620950364726140291e-01,-2.658554503453842255e+00,5.741886483249654560e+00,-5.659177161140110712e+00,1.052226918224024171e-01,-2.068642080420871920e+01,7.649528876696671809e-01,-2.438247927379384450e+01,-2.078776282660647112e+01,6.771648194020527534e-01,-2.467610147972464674e+01,8.843940070180821011e-03,9.179409513378686269e-03,-5.629395749928911216e-03,-4.754540578810355356e-03,-2.010553627960912429e-05,3.700501500898664003e-02,-2.102169380132367673e-04,3.658532943505784932e-06,-2.588404687579736352e-05,-7.999287842570237395e-01,1.323836038200612575e-01,-2.619811465416534091e+00,7.855045187614349000e-01,8.061248832001167708e-01,8.351188112460607993e-01,9.173746173518358971e-01,8.152345157786259344e-01,6.574055129236189288e-02,-7.398191451638125304e-02,9.392139520348385950e-02
4.930000000000291038e+00,8.500000000000000000e+01,-2.092709288829607051e+00,3.742871774603354851e+00,1.382426024988576501e+02,nan,nan,nan,8.595210909758517204e-01,8.675489338252944105e-01,6.799207911320230835e-01,8.190846486958701655e-01,3.877735075112478391e-01,5.938252159050048107e-01,-2.618828233446578224e+00,5.458761426629617830e+00,-6.547501293782517884e+00,8.211718803536678379e-01,-2.187035163913762759e+01,6.858735722584019534e-01,-2.050784500772385499e+01,-2.195437437108165213e+01,6.051780239619208857e-01,-2.079604533113599629e+01,8.879396960696296290e-03,8.427154363274765372e-03,-5.713735306330400450e-03,-5.450134622338793922e-03,-8.002615043896811253e-06,3.651532672370885052e-02,-2.130297417410113273e-04,3.522293461885259152e-06,-3.074491960004481072e-05,-8.440937054485579960e-01,1.327192991760701712e-01,-2.205151641599931267e+00,7.902780706611676198e-01,8.100863054165050592e-01,8.251096230117829222e-01,9.110356009320649262e-01,8.065188661572598727e-01,6.556800735720219597e-02,-7.359585020664488608e-02,1.140322924866264409e-01
4.939999999999599822e+00,8.500000000000000000e+01,-1.975268855193356154e+00,4.003161368240988338e+00,1.367429743010394532e+02,nan,nan,nan,8.609676501832136397e-01,8.687819726580991997e-01,6.614289969932156676e-01,8.000342463122174230e-01,4.255869039162957224e-01,5.066874945766268734e-01,-2.574546942029180663e+00,5.437219190866942498e+00,-7.047272916740526583e+00,1.514561162302903163e+00,-2.291314155472116454e+01,6.277630678337849934e-01,-1.648235267329331677e+01,-2.298274823418945090e+01,5.535710470383868875e-01,-1.676460934694615190e+01,8.875739081417326551e-03,7.734949317553565552e-03,-5.812284571552717508e-03,-5.995778896841327116e-03,5.807262404843461712e-06,3.598355372614352871e-02,-2.155470398418801085e-04,3.105638539929820785e-06,-3.501991268906857292e-05,-8.828581555182568597e-01,1.328244525595320413e-01,-1.775686465845547346e+00,7.948370547713915490e-01,8.138717659624963296e-01,8.145533659479332611e-01,9.038767889070564721e-01,7.978032165366865103e-01,6.539546342205809770e-02,-7.320978589694365768e-02,1.341431897679398189e-01
4.949999999999818101e+00,8.500000000000000000e+01,-1.865342185256213092e+00,4.268066009960882035e+00,1.352596590263680127e+02,nan,nan,nan,8.624142093907072315e-01,8.700150114910161214e-01,6.429372028527263749e-01,7.809838439268321775e-01,5.448499730886124937e-01,4.043403905753601424e-01,-2.582344288710761049e+00,5.184165168892342912e+00,-7.229801945401175267e+00,2.489953707305647246e+00,-2.384910072446926321e+01,4.162967420202532409e-01,-1.233766550141353591e+01,-2.387820766683087825e+01,3.482550132292878686e-01,-1.262376306783096425e+01,9.035798854018809931e-03,7.076548319154400170e-03,-5.609020454626058305e-03,-7.698908567490098283e-03,2.241024284975537474e-05,3.620188828163579259e-02,-2.227311221537343314e-04,2.961121767965937089e-06,-4.653048987485974245e-05,-9.165116564185160630e-01,1.327153699655714003e-01,-1.333264282795804334e+00,7.991953092157757510e-01,8.174926131367407089e-01,8.034853221726178107e-01,8.959510523669382831e-01,7.890875669153205596e-01,6.522291948689845631e-02,-7.282372158720734623e-02,1.542540870510823448e-01
4.960000000000036380e+00,8.500000000000000000e+01,-1.616131342394384163e+00,4.311641842526156232e+00,1.338142955325511423e+02,nan,nan,nan,8.638607685982008233e-01,8.712480503239330432e-01,6.244454087122370822e-01,7.619334415414468209e-01,6.831316965836667920e-01,2.984418666413710119e-01,-2.602302096964137945e+00,4.392910030701695945e+00,-7.386079531602442572e+00,3.902425230423788527e+00,-2.466585763710515877e+01,1.645021238219409598e-01,-8.072314581923333066e+00,-2.464804084080923730e+01,1.020411083776135153e-01,-8.364955364800989557e+00,9.237257017346393873e-03,6.477190112941848439e-03,-5.309295964466555565e-03,-9.687526297337377065e-03,3.985184280838405875e-05,3.661480214690070872e-02,-2.317242673312233127e-04,2.385503467472856404e-06,-6.055648110867475746e-05,-9.453392725006141140e-01,1.324078115786791743e-01,-8.796418183583867290e-01,8.033657796556638031e-01,8.209594633518862983e-01,7.919384983538796385e-01,8.873078525859430243e-01,7.803719172939544979e-01,6.505037555173875941e-02,-7.243765727747097927e-02,1.743649843342250372e-01
4.970000000000254659e+00,8.500000000000000000e+01,-1.354008761713669129e+00,4.340563614136330628e+00,1.323829962081401277e+02,nan,nan,nan,8.653073278056943041e-01,8.724810891568499649e-01,6.059536145717477895e-01,7.428830391560614643e-01,7.014305113253316293e-01,2.133833799401755882e-01,-2.543219049546845412e+00,3.575627986952535586e+00,-7.558487250590149031e+00,5.634364924609783110e+00,-2.532478977660990438e+01,1.508008900390805374e-01,-3.708191571352743576e+00,-2.529698655726029699e+01,9.328536760574115960e-02,-3.993463276270933004e+00,9.158776604376037481e-03,5.949303934140606417e-03,-5.412243362239439574e-03,-9.988647174918050334e-03,5.290543151175676261e-05,3.593496235180107523e-02,-2.343845220281082383e-04,1.027591284083131894e-06,-6.455801920042221823e-05,-9.696198407705218791e-01,1.319169490550535229e-01,-4.164847893787584354e-01,8.073605768476684874e-01,8.242822483361211816e-01,7.799437724602258371e-01,8.779934609316039085e-01,7.716562676725883252e-01,6.487783161657900699e-02,-7.205159296773466782e-02,1.944758816173675076e-01
4.979999999999563443e+00,8.500000000000000000e+01,-1.093202073389931250e+00,4.377323692692327128e+00,1.309649260606969676e+02,nan,nan,nan,8.667538870130563344e-01,8.737141279896546431e-01,5.874618204329403737e-01,7.238326367724088328e-01,6.196408688177404978e-01,1.457094290717302898e-01,-2.418200967005321278e+00,3.152508813034967883e+00,-7.937540158033852933e+00,7.454088434592520684e+00,-2.583845210174348139e+01,3.272147656216871092e-01,7.218189680610010983e-01,-2.583150075834256398e+01,2.742928419450236799e-01,4.557779759088110838e-01,8.831037804555501997e-03,5.462323570766244862e-03,-5.868843343746245333e-03,-8.866048972993872609e-03,6.185547384321360496e-05,3.433299586895092320e-02,-2.310732199054465151e-04,-4.032949214653118491e-07,-5.923460314916111140e-05,-9.896245903215623585e-01,1.312573362394805765e-01,5.463074486110919281e-02,8.111910304891866152e-01,8.274702592905318621e-01,7.675300310469866938e-01,8.680511645915668373e-01,7.629406180520150738e-01,6.470528768143507525e-02,-7.166552865803338390e-02,2.145867788986808300e-01
4.989999999999781721e+00,8.500000000000000000e+01,-8.336983601993749327e-01,4.421923244454959878e+00,1.295614902978230703e+02,nan,nan,nan,8.682004462205498152e-01,8.749471668225715648e-01,5.689700262924510810e-01,7.047822343870234763e-01,5.929946423363324781e-01,3.713382178246309173e-02,-2.338870447234546290e+00,2.707318815621805541e+00,-8.407627705081067049e+00,8.974031900240746040e+00,-2.626853051124986749e+01,3.882923568694396366e-01,5.225951413031040715e+00,-2.626587031383715498e+01,3.396413266544224263e-01,4.971117052840687833e+00,8.660649678359654338e-03,5.003226357537697740e-03,-6.120580609653737680e-03,-8.530248401387467358e-03,7.646714263978430029e-05,3.338788410865212164e-02,-2.322286448076940147e-04,-1.696287888829610399e-06,-5.890592699695999378e-05,-1.005616090334721990e+00,1.304428910556530707e-01,5.322164424079431910e-01,8.148677395912881094e-01,8.305321881986481580e-01,7.547242976882303500e-01,8.575214590320134889e-01,7.542249684306490121e-01,6.453274374627532284e-02,-7.127946434829707245e-02,2.346976761818234114e-01
5.000000000000000000e+00,8.500000000000000000e+01,-5.754846169063361216e-01,4.474363706364581361e+00,1.281739952582743740e+02,nan,nan,nan,8.696470054280434070e-01,8.761802056554884865e-01,5.504782321519617883e-01,6.857318320016381197e-01,6.155642277479181912e-01,-1.079467460806785017e-01,-2.300316336643121851e+00,2.212515656122800767e+00,-8.451246082016256267e+00,1.016698261024271410e+01,-2.661935749056107881e+01,3.480117526342734191e-01,9.797540583632573075e+00,-2.660636326237188953e+01,3.114165083376576049e-01,9.546420923429582928e+00,8.648273972284552941e-03,3.726344562592449547e-03,-6.162519724453330641e-03,-8.907530247683700247e-03,9.650083617324086490e-05,3.303787913430385886e-02,-2.381384093843631224e-04,-3.182224112572006865e-06,-6.357646250731317165e-05,-1.017847474457460599e+00,1.294868866329734192e-01,1.014869279189992923e+00,8.184006196028549285e-01,8.334761664717691421e-01,7.415518531263665114e-01,8.464422280445306201e-01,7.455093188092829504e-01,6.436019981111562593e-02,-7.089340003856070549e-02,2.548085734649659928e-01
5.010000000000218279e+00,8.500000000000000000e+01,-2.678917990335582533e-01,4.304176421768868721e+00,1.269716957537107476e+02,nan,nan,nan,8.592692302197666443e-01,8.632453555115914279e-01,5.231257740764880815e-01,6.516777587098037117e-01,6.672017261545576394e-01,-1.844815236590264806e-01,-2.252827403508998572e+00,2.014029370237235383e+00,-7.903943351152206809e+00,1.127993447532227478e+01,-2.678601144297373438e+01,2.572018507618065164e-01,1.435243184914168424e+01,-2.674907418708818341e+01,2.400418655179507310e-01,1.410466953312780092e+01,8.556323152597349047e-03,1.687411575266252158e-03,-6.077574083044797251e-03,-9.727341691245703498e-03,1.087391964682322845e-04,3.260241141186118879e-02,-2.428703418966732014e-04,-5.061110403590450853e-06,-7.151450205888070920e-05,-1.022909846659931565e+00,1.280024969791863643e-01,1.497805042336134207e+00,8.210363595191083608e-01,8.353960712261110366e-01,7.274648967407176814e-01,8.338812802084170084e-01,7.243295296294124386e-01,6.228792967074542331e-02,-6.626405496257020689e-02,2.738555264725330840e-01
5.020000000000436557e+00,8.500000000000000000e+01,5.094556169954373576e-02,4.105949137336573962e+00,1.258047899356679835e+02,nan,nan,nan,8.488320362460051172e-01,8.502393099462077775e-01,4.957287900519098400e-01,6.175482900873185965e-01,7.284408778767202941e-01,-2.383743965823981459e-01,-2.202387138144545453e+00,1.754679271033310561e+00,-6.956804504551943324e+00,1.258904854921126493e+01,-2.678385684858600158e+01,1.538488736602515450e-01,1.888369772664028901e+01,-2.671718374189401857e+01,1.547689477427473537e-01,1.863902884875496468e+01,8.411366971367319895e-03,-2.070514292513491806e-04,-5.960161168736342885e-03,-1.071642060694492915e-02,1.183963770177442364e-04,3.216412007364589931e-02,-2.470678451104267462e-04,-7.378548809659340697e-06,-8.091922522637622073e-05,-1.021427374665953458e+00,1.260345936742614803e-01,1.978592241773476701e+00,8.228289865143124659e-01,8.363533564430655209e-01,7.125195365433217853e-01,8.199293134383821569e-01,7.030871065828603328e-01,6.020611316760304810e-02,-6.161338686780570839e-02,2.928971330264922290e-01
5.029999999999745341e+00,8.500000000000000000e+01,3.735856678569809963e-01,3.915155476599449624e+00,1.246475525548721919e+02,nan,nan,nan,8.383948422731929417e-01,8.372332643820071807e-01,4.683318060298232721e-01,5.834188214679375539e-01,7.018311235872942699e-01,-3.098873650371207766e-01,-2.071563457907025008e+00,9.190677600337189279e-01,-6.097377325851455865e+00,1.438522349374528986e+01,-2.660297775185247104e+01,2.123875686858185119e-01,2.335554738993150536e+01,-2.653147124800428358e+01,2.304313978231596616e-01,2.312779710275998823e+01,7.939330359059701761e-03,-2.000903591681693714e-03,-6.180606118917441813e-03,-1.043422636791350999e-02,1.265613329672608291e-04,3.057798818042352720e-02,-2.422388500775106424e-04,-8.999443475226444117e-06,-8.072258171130578365e-05,-1.014038765762206307e+00,1.236294669695480186e-01,2.454955136718936615e+00,8.238328754827656253e-01,8.364101043589424744e-01,6.967711335842193821e-01,8.046760387395528458e-01,6.818446835382402371e-01,5.812429666465002143e-02,-5.696271877346426038e-02,3.119387395787197037e-01
5.039999999999963620e+00,8.500000000000000000e+01,7.000550699575661673e-01,3.731788114871605444e+00,1.235007190259042176e+02,nan,nan,nan,8.279576482994314146e-01,8.242272188166235303e-01,4.409348220052450307e-01,5.492893528454524388e-01,6.242884332783497081e-01,-3.916160918881175235e-01,-1.894135175358757417e+00,-1.513335688119959825e-02,-5.647565242436364485e+00,1.634388504252682495e+01,-2.626804664955719915e+01,3.474002903938168130e-01,2.774728901556271055e+01,-2.620679424777108579e+01,3.817245169956389184e-01,2.754467496858232423e+01,7.280557847766327625e-03,-3.706289335302568894e-03,-6.595524942359685255e-03,-9.393608632913004464e-03,1.334611166651228766e-04,2.830271447121388700e-02,-2.315762781198845918e-04,-9.795339953005136863e-06,-7.430007157442033072e-05,-1.001371863152220598e+00,1.208323481266525279e-01,2.924756392430067464e+00,8.240988945177720737e-01,8.356243933393036061e-01,6.802714785121009022e-01,7.882053813834590805e-01,6.606022604916881313e-01,5.604248016150764622e-02,-5.231205067869976189e-02,3.309803461326787377e-01
5.050000000000181899e+00,8.500000000000000000e+01,1.030379976382512330e+00,3.555840406345334603e+00,1.223649784102422728e+02,nan,nan,nan,8.175204543256698875e-01,8.112211732512399909e-01,4.135378379806667337e-01,5.151598842229674347e-01,6.321308836115153706e-01,-4.867835017504227868e-01,-1.673860528591041064e+00,-3.989120799717234545e-01,-5.247828478688889575e+00,1.753515092297589106e+01,-2.584702862991120043e+01,3.840293651513646545e-01,3.207786285317226316e+01,-2.575855937625641445e+01,4.332138108688220468e-01,3.190376634881163653e+01,6.469722662500732024e-03,-5.261172627727611802e-03,-6.693176719751158313e-03,-9.640949293698103384e-03,1.393575529259662442e-04,2.535910349846761183e-02,-2.152104771843407283e-04,-1.185788417544211593e-05,-7.782546066270741006e-05,-9.840395022861005980e-01,1.176871721325540299e-01,3.385992679450215093e+00,8.236746310759941458e-01,8.340505561008872970e-01,6.630690218407360170e-01,7.705958540480380980e-01,6.393598374451360256e-01,5.396066365836529877e-02,-4.766138258393540217e-02,3.500219526866378272e-01
5.060000000000400178e+00,8.500000000000000000e+01,1.373433357089298035e+00,3.251700046193081395e+00,1.216793343140066810e+02,nan,nan,nan,8.070832603519084714e-01,7.982151276858564515e-01,3.861408539560884368e-01,4.810304156004822640e-01,6.922395565867195399e-01,-5.901770408080745378e-01,-1.427358629694268188e+00,-6.852766801044295475e-01,-4.537235766947972593e+00,1.816125715954057895e+01,-2.534027524723698122e+01,3.834051976765738834e-01,3.633135718237721790e+01,-2.520113447121280714e+01,4.461026474283191767e-01,3.618836333311781317e+01,5.586034712632319613e-03,-6.673069966214337928e-03,-6.606045946361397726e-03,-1.071728499935779670e-02,1.442331360560826731e-04,2.196150901477711415e-02,-1.947976649834643424e-04,-1.526868312430658295e-05,-8.815964004497967021e-05,-9.626363073982432406e-01,1.142363980620547670e-01,3.836789767251255867e+00,8.226046035555396596e-01,8.317394212797183384e-01,6.452090893641847513e-01,7.519209058919137378e-01,6.181174143985839198e-01,5.187884715522292356e-02,-4.301071448917090367e-02,3.690635592405970833e-01
5.069999999999708962e+00,8.500000000000000000e+01,1.721634175555605717e+00,2.924783500383373536e+00,1.210841411450002738e+02,nan,nan,nan,7.966460663790961849e-01,7.852090821216557437e-01,3.587438699340019244e-01,4.469009469811012214e-01,6.974116212406635817e-01,-6.270815089531880382e-01,-1.216160006083933265e+00,-8.288635874324351560e-01,-3.565029160379574513e+00,1.928864379002061824e+01,-2.471140973437248789e+01,4.266722173316597200e-01,4.042858175761853090e+01,-2.454564516499036486e+01,5.023132075635171612e-01,4.031419243566378441e+01,4.808377282720069541e-03,-8.019614782800690150e-03,-6.726512777755338027e-03,-1.097721845855085740e-02,1.423818444325604339e-04,1.903163711995077556e-02,-1.763156534668965558e-04,-1.786683309699853704e-05,-9.189631669902299294e-05,-9.377362792114458667e-01,1.105208778134932901e-01,4.275397257886048408e+00,8.209304592288619862e-01,8.287385394199134891e-01,6.267340836795530779e-01,7.322492491162233552e-01,5.968749913539638241e-01,4.979703065226986913e-02,-3.836004639482942791e-02,3.881051657928243914e-01
5.079999999999927240e+00,8.500000000000000000e+01,2.073221996851262627e+00,2.601758138834802558e+00,1.204915366671287984e+02,nan,nan,nan,7.862088724053346578e-01,7.722030365562722043e-01,3.313468859094236274e-01,4.127714783586161618e-01,6.929876872400644316e-01,-6.523720632740698244e-01,-1.011127947743672761e+00,-6.037647820799189047e-01,-2.747672378026376983e+00,2.090299042183719180e+01,-2.399972906553540852e+01,4.735245222079675353e-01,4.438749028491873361e+01,-2.381176090970543768e+01,5.613199140874084447e-01,4.430187688697626669e+01,4.068584642211401335e-03,-9.281962355964889014e-03,-6.885087954663476548e-03,-1.110650541640633565e-02,1.386661414937653705e-04,1.612046190557383032e-02,-1.571477021429570084e-04,-2.043070447040460077e-05,-9.452117513605333616e-05,-9.098910456914885980e-01,1.065797652522130767e-01,4.700183080864874796e+00,8.186911594101262679e-01,8.250923943874837185e-01,6.076836727122956194e-01,7.116451644646876185e-01,5.756325683074116073e-01,4.771521414912749393e-02,-3.370937830006504043e-02,4.071467723467835920e-01
5.090000000000145519e+00,8.500000000000000000e+01,2.428244104395177239e+00,2.282610520349942274e+00,1.199016391359229488e+02,nan,nan,nan,7.757716784315732417e-01,7.591969909908886649e-01,3.039499018848453860e-01,3.786420097361310466e-01,7.245815352586497671e-01,-6.182982315899604453e-01,-7.982668851354035588e-01,-6.470432466373525759e-01,-2.245539333389978243e+00,2.243401533334007070e+01,-2.323807031949550961e+01,5.006513112362633855e-01,4.819103310539580320e+01,-2.301078713892711036e+01,6.020038230818853808e-01,4.813421945981048822e+01,3.277217031973300113e-03,-1.068057117821123204e-02,-6.818874972804896475e-03,-1.184357711444323884e-02,1.262184897757638537e-04,1.298718084440233025e-02,-1.336138066644921034e-04,-2.441142685470075964e-05,-1.023724729555820486e-04,-8.796286658949840076e-01,1.024504589319825548e-01,5.109627849504975394e+00,8.159231526809412882e-01,8.208426011498795027e-01,5.880949660839176474e-01,6.901687870222602550e-01,5.543901452608596125e-01,4.563339764598511872e-02,-2.905871020530054194e-02,4.261883789007428480e-01
5.100000000000363798e+00,8.500000000000000000e+01,2.786747630144006393e+00,1.967327981013846427e+00,1.193145634233375318e+02,nan,nan,nan,7.654993422205743636e-01,7.454755714187766280e-01,2.831850394153958006e-01,3.494800966707647949e-01,7.722591230562515507e-01,-5.577152346236355918e-01,-5.819097808411584083e-01,-8.328206811799516718e-01,-1.762209316042688823e+00,2.350426533311953747e+01,-2.244103634796020685e+01,5.206066467367336248e-01,5.174366018182371363e+01,-2.216612418716625399e+01,6.456204511704531912e-01,5.171248989590207401e+01,2.473813615157858300e-03,-1.312769882102169522e-02,-6.235118809434340298e-03,-1.289061487586484235e-02,1.087607623107946842e-04,9.675967502251726915e-03,-1.063206646883989651e-04,-2.949581013810867165e-05,-1.128299313143068963e-04,-8.477010353098290985e-01,9.816600404115369272e-02,5.492819975952992984e+00,8.126711691181580655e-01,8.159819541733089876e-01,5.684304056192763799e-01,6.681967462158627802e-01,5.359100124313779245e-01,4.315941402858336495e-02,-2.313564322678562934e-02,4.391548887765951426e-01
5.109999999999672582e+00,8.500000000000000000e+01,3.132908630051280507e+00,1.643791206650432102e+00,1.192989769473974064e+02,nan,nan,nan,7.558118424847599659e-01,7.292163471073046521e-01,2.859477714153300099e-01,3.379406942437708783e-01,7.314428746261434355e-01,-5.687157059150702576e-01,-2.871695567101529845e-01,-7.246902336548484147e-01,-1.139273827733884303e+00,2.400582419291449909e+01,-2.160305942861659290e+01,6.036234477946827992e-01,5.473515859401241102e+01,-2.131572398658057210e+01,7.603500499137334501e-01,5.474291153045816571e+01,1.537667330403932452e-03,-1.642056906067564798e-02,-5.615659647350586606e-03,-1.246915718565066306e-02,9.328439802822266892e-05,4.897185120863309891e-03,-6.717197659077104471e-05,-3.120240606737771796e-05,-1.092983727752730211e-04,-8.155351163153296001e-01,9.374862430364222510e-02,5.817347721072772870e+00,8.090041397144982493e-01,8.103861785780603899e-01,5.502122488632532615e-01,6.468975377126278126e-01,5.272291638127913904e-01,3.929420910294809111e-02,-1.269871372549277733e-02,4.305698619664818372e-01
5.119999999999890861e+00,8.500000000000000000e+01,3.474647520039865434e+00,1.316845498129481040e+00,1.194315393228996385e+02,nan,nan,nan,7.461243427480643842e-01,7.129571227943538592e-01,2.887105034155154626e-01,3.264012918157275234e-01,6.485793262184951224e-01,-6.137286202342924213e-01,4.481392295721775554e-02,-7.962441270823279460e-01,-3.480245049696007453e-01,2.405011792467195519e+01,-2.074935864717945577e+01,6.869283709251052805e-01,5.721634836659069379e+01,-2.047012143707025089e+01,8.739137612757922335e-01,5.727264885411929640e+01,6.257207221650872443e-04,-1.956423157846883670e-02,-5.182344046972653384e-03,-1.129227243760094410e-02,7.799140045421887693e-05,-7.308102849882217467e-04,-2.212498624256549676e-05,-3.053648104176641143e-05,-9.798971875257480495e-05,-7.836236737911249639e-01,8.922486173585172931e-02,6.088630347484429883e+00,8.049488320275332010e-01,8.041026850250464486e-01,5.333472128798342204e-01,6.262277685286886664e-01,5.185483151934153767e-01,3.542900417696129289e-02,-2.261784223250767889e-03,4.219848351555876009e-01
5.130000000000109139e+00,8.500000000000000000e+01,3.815694842988840652e+00,9.891592303772458461e-01,1.195639612579254845e+02,nan,nan,nan,7.364368430113688024e-01,6.966978984814030662e-01,2.914732354157008598e-01,3.148618893876841129e-01,5.528184299330599627e-01,-6.015271143604686843e-01,2.543113373833829627e-01,-1.427095554306144987e+00,6.135006238794490363e-01,2.394895431836186361e+01,-1.989910127749124058e+01,6.873242622015613978e-01,5.923275822550719738e+01,-1.964518541277500674e+01,9.029620938137282726e-01,5.932031807829766024e+01,1.034250921235851071e-04,-2.254168899884147204e-02,-4.821219901267718294e-03,-9.830264074807672225e-03,6.273630568819305118e-05,-4.444040970649411337e-03,7.415893198535212705e-06,-2.844957461114804592e-05,-8.341284809970200527e-05,-7.523469243965517084e-01,8.461853300946078904e-02,6.311588337115344949e+00,8.005302872944001225e-01,7.971758265188113590e-01,5.177480308307776946e-01,6.061468442246044086e-01,5.098674665740392520e-01,3.156379925097449468e-02,8.175145278991241549e-03,4.133998083446935312e-01
5.140000000000327418e+00,8.500000000000000000e+01,4.156096041208086511e+00,6.607219421181688146e-01,1.196962347672223643e+02,nan,nan,nan,7.267493432746732207e-01,6.804386741684523843e-01,2.942359674158863125e-01,3.033224869596407025e-01,4.542340771896841711e-01,-5.768003648697299646e-01,4.369943962389239989e-01,-2.144271335080127017e+00,1.457080701983937354e+00,2.409474303104883219e+01,-1.906772711618860683e+01,6.535597109204264177e-01,6.083812767022689627e+01,-1.884595282809222994e+01,8.962439596340308068e-01,6.095414917898747120e+01,-2.725196214693710118e-04,-2.535226700102825165e-02,-4.486699540282981791e-03,-8.249357269143019200e-03,4.721547608601555529e-05,-7.833274435768958557e-03,3.277307353866908406e-05,-2.534606350713872723e-05,-6.752092417748896251e-05,-7.219909072570870334e-01,7.995103457370825173e-02,6.490692841955802095e+00,7.957719317673545012e-01,7.896470956049133072e-01,5.033330639793470729e-01,5.866167884187244441e-01,5.011866179546631273e-01,2.769859432498761320e-02,1.861207478123322323e-02,4.048147815337993505e-01
5.149999999999636202e+00,8.500000000000000000e+01,4.495896540728918644e+00,3.315230279743780484e-01,1.198283518928378300e+02,nan,nan,nan,7.170618435388587120e-01,6.641794498569804084e-01,2.969986994158205218e-01,2.917830845326468414e-01,5.056657166648359514e-01,-5.635213075423579632e-01,7.104119568895934655e-01,-2.459389882165639474e+00,1.959100464983814849e+00,2.419341292644782371e+01,-1.833533904837201334e+01,6.902999313973351425e-01,6.211449897569945477e+01,-1.807312209214034837e+01,9.565962642761469681e-01,6.227320348652947501e+01,-7.269084692070694248e-04,-2.779099758756184424e-02,-3.837545079832211520e-03,-9.378823562402466285e-03,2.645285796583890091e-05,-1.303426616380254192e-02,6.855872736992678471e-05,-3.038643681321103631e-05,-7.290305591200231256e-05,-6.927632163499267692e-01,7.524161176944799134e-02,6.630009875338608083e+00,7.906956808690714933e-01,7.815553088496441925e-01,4.900259387170599057e-01,5.676020739408160765e-01,4.925057693360765931e-01,2.383338939935231160e-02,2.904900428252599198e-02,3.962297547236859341e-01
5.159999999999854481e+00,8.500000000000000000e+01,4.798607755112730189e+00,-3.732001827181525427e-02,1.204989537365416794e+02,nan,nan,nan,7.073743438021631302e-01,6.479202255440296154e-01,2.997614314160059190e-01,2.802436821046034310e-01,5.959708026136641967e-01,-5.532086756052599918e-01,1.007341429509443831e+00,-2.620123385019783591e+00,2.108648156215747971e+00,2.400919902170231168e+01,-1.765265984608927141e+01,7.816402849277682696e-01,6.306004107812350412e+01,-1.733295209975122830e+01,1.069459031290580064e+00,6.326775631073329009e+01,-1.051956472891208555e-03,-3.000790384678055783e-02,-3.201225636514509754e-03,-1.128852980254448427e-02,4.895394322028748416e-06,-1.889450953974056505e-02,1.026733482361501595e-04,-3.834494160867649853e-05,-8.180252465041218586e-05,-6.648064504616744141e-01,7.050759630721650795e-02,6.733239835736018364e+00,7.853220366304297650e-01,7.729367794217141263e-01,4.777552069997411666e-01,5.490694648748329909e-01,4.838249207167005239e-01,1.996818447336551339e-02,3.948593378476800142e-02,3.876447279127915868e-01
5.170000000000072760e+00,8.500000000000000000e+01,5.085084388056397842e+00,-4.224324920320249310e-01,1.213469427369150822e+02,nan,nan,nan,6.976868440654675485e-01,6.316610012310788225e-01,3.025241634161913717e-01,2.687042796765600206e-01,6.055588274264079862e-01,-5.433090446531579909e-01,1.267648628839033176e+00,-3.018192073768481087e+00,1.925488310584403617e+00,2.378746756299478804e+01,-1.696187070526002927e+01,8.248866894274425876e-01,6.367329224249119335e+01,-1.662990477622970076e+01,1.133792170576169100e+00,6.392775530388076533e+01,-1.118389377117793605e-03,-3.218825918236035977e-02,-2.797226265289777004e-03,-1.171328295414249612e-02,-1.253336551014687866e-05,-2.429419723408645856e-02,1.246391604668354951e-04,-4.150869839846587983e-05,-7.733088878513111103e-05,-6.382096901843895553e-01,6.576461594358191942e-02,6.803752885721523924e+00,7.796701788445806747e-01,7.638254785441956907e-01,4.664540286829820248e-01,5.309878687892275462e-01,4.751440720973243992e-01,1.610297954737868742e-02,4.992286328701003861e-02,3.790597011018975726e-01
5.180000000000291038e+00,8.500000000000000000e+01,5.366504705381021090e+00,-8.118148164493292906e-01,1.222004630167701293e+02,nan,nan,nan,6.879993443287719668e-01,6.154017769181281405e-01,3.052868954163768245e-01,2.571648772485166656e-01,5.748669696836210541e-01,-5.336155117791675506e-01,1.509680375045257872e+00,-3.329338235824693015e+00,1.840052216518499595e+00,2.335019650490191623e+01,-1.628286150968746426e+01,8.249944755806715158e-01,6.399592107966134336e+01,-1.596448357833847354e+01,1.154170138353687536e+00,6.429675059397720815e+01,-9.672375775361867576e-04,-3.428977854644973955e-02,-2.497546542001304309e-03,-1.135491836545665656e-02,-2.644224341352479843e-05,-2.955543088264504098e-02,1.352458395446121174e-04,-4.179980141875758696e-05,-6.627455057476454075e-05,-6.130182709395545215e-01,6.102677971730553763e-02,6.844620647677799319e+00,7.737580503419885236e-01,7.542531865335629915e-01,4.560598743448076031e-01,5.133281984971053147e-01,4.664632234779483855e-01,1.223777462139183370e-02,6.035979278925199254e-02,3.704746742910033364e-01
5.189999999999599822e+00,8.500000000000000000e+01,5.642913584379485314e+00,-1.205485919262768713e+00,1.230592527454474379e+02,nan,nan,nan,6.783118445929574580e-01,5.991425526066560536e-01,3.080496274163109782e-01,2.456254748215227490e-01,5.338455170855684884e-01,-5.096700934662359295e-01,1.726368249563310808e+00,-3.441879954175444567e+00,2.240648045065146032e+00,2.251625859016670006e+01,-1.563272391153602747e+01,7.958885128879393811e-01,6.406190634665519212e+01,-1.533869637963088373e+01,1.144219051432675993e+00,6.440663438782081585e+01,-6.204114850059470453e-04,-3.627850063588732715e-02,-2.231282008950409654e-03,-1.076752870898704112e-02,-3.780608048401871133e-05,-3.452169480416966002e-02,1.331177127862372936e-04,-4.102211855212710087e-05,-5.327486834603642474e-05,-5.892420857396216682e-01,5.630684169422924684e-02,6.858644624156737812e+00,7.676024367659409764e-01,7.442496340979597447e-01,4.465142472741741031e-01,4.960632427320192939e-01,4.577823748593617958e-01,8.372569695756587604e-03,7.079672229054481680e-02,3.618896474808899200e-01
5.199999999999818101e+00,8.500000000000000000e+01,5.914355221934908258e+00,-1.603465949601377893e+00,1.239230373981092725e+02,nan,nan,nan,6.686243448562618763e-01,5.828833282937053717e-01,3.108123594164964310e-01,2.340860723934793386e-01,4.837005616795981844e-01,-4.731368516631845322e-01,1.920671423888477891e+00,-3.759977293884428917e+00,2.905191843535785967e+00,2.189205185357689132e+01,-1.501189579193735391e+01,7.522869306935746625e-01,6.390191799952135909e+01,-1.475223785377654728e+01,1.104146838524550756e+00,6.428375004521824110e+01,-9.422768569730991754e-05,-3.664050011624595676e-02,-1.500686825442872248e-03,-9.962261886394166432e-03,-4.605741747897955780e-05,-3.922794235566268162e-02,1.172706802401394383e-04,-3.915255268392925586e-05,-3.917817929514032238e-05,-5.668626206399063339e-01,5.161634580718392484e-02,6.848381703501420503e+00,7.612190412028682074e-01,7.338426345223334479e-01,4.377624233893311900e-01,4.791675451640013961e-01,4.491015262399857821e-01,4.507364769769706125e-03,8.123365179278679848e-02,3.533046206699957392e-01
5.210000000000036380e+00,8.500000000000000000e+01,6.085578799291731400e+00,-1.984115775735054266e+00,1.252164270846460568e+02,nan,nan,nan,6.583676829920086515e-01,5.701956873607324505e-01,3.368477816413814052e-01,2.567598852373683127e-01,4.125412122267933523e-01,-4.197735037314780926e-01,2.162795713334773495e+00,-3.856705666523170706e+00,3.578909568165983490e+00,2.143548728584593377e+01,-1.448183368358189149e+01,7.013028424175516973e-01,6.324481132979167342e+01,-1.427167123987879194e+01,1.038925424520870999e+00,6.366835064179439740e+01,5.144644230447080555e-04,-3.514847291266142565e-02,-1.962323255194944579e-04,-8.653766478634711962e-03,-5.648149394340291337e-05,-4.499981786180259902e-02,9.467786421303060751e-05,-3.472136488895553262e-05,-2.479828748345666578e-05,-5.484653833038873882e-01,4.732840416738673395e-02,6.786356658587198609e+00,7.545858470182568167e-01,7.232885495095102701e-01,4.312541338885517161e-01,4.648238046232701648e-01,4.555427593078727466e-01,4.042049613631554239e-03,8.412994601764464675e-02,3.174778517369957198e-01
5.220000000000254659e+00,8.500000000000000000e+01,6.211764468978385523e+00,-2.360219716299002624e+00,1.266949802344407203e+02,nan,nan,nan,6.479776874177600732e-01,5.583447367828501262e-01,3.683351374700505332e-01,2.874485934901510054e-01,3.338285650765516754e-01,-3.603608354346032883e-01,2.422108560201675864e+00,-3.901662720872888457e+00,4.327152006559519926e+00,2.035459359017204761e+01,-1.403616555264945376e+01,6.259647340918917946e-01,6.209513745282677633e+01,-1.388451570059111795e+01,9.470746405724281836e-01,6.256341019490073307e+01,1.243528174576229378e-03,-3.342212192664386489e-02,1.185853659841100112e-03,-7.109097439816714284e-03,-6.523795188772032441e-05,-5.117019459664336190e-02,6.069734335381292965e-05,-2.878978448450137837e-05,-1.264898622959642751e-05,-5.335619173939595283e-01,4.347224818476261299e-02,6.671878255817087933e+00,7.477103653853902632e-01,7.126508257263877155e-01,4.271962981107377266e-01,4.533843424766419439e-01,4.655265387902029484e-01,4.373203327505209570e-03,8.525974730740473739e-02,2.752693466202044137e-01
5.229999999999563443e+00,8.500000000000000000e+01,6.330312918190540650e+00,-2.740333257320269222e+00,1.281910926428938922e+02,nan,nan,nan,6.375876918444565167e-01,5.464937862060456064e-01,3.998224932958558964e-01,3.181373017401425973e-01,3.187537787544845735e-01,-3.313625972975101086e-01,2.608627363905066332e+00,-4.590477863521646995e+00,4.961701970590975286e+00,1.881835906179567885e+01,-1.368272692460504558e+01,6.240170556340915997e-01,6.054673937625691593e+01,-1.355851918546075652e+01,9.287667854782645227e-01,6.104584153812201208e+01,2.104932071778493202e-03,-3.171848367851286959e-02,2.491681044410118308e-03,-6.869323313418326110e-03,-6.228222981329977620e-05,-5.577555163981371550e-02,9.951935214610324937e-06,-2.777487190084239709e-05,-4.744169604093806037e-06,-5.210632054848101102e-01,3.999011384123441620e-02,6.510819069905013023e+00,7.406082221523565545e-01,7.019348572895002247e-01,4.254308789070699870e-01,4.446618530539935277e-01,4.755103182716251542e-01,4.704357041348805613e-03,8.638954859706210465e-02,2.330608415072518980e-01
5.239999999999781721e+00,8.500000000000000000e+01,6.441233752112391464e+00,-3.124476695929250702e+00,1.297033681946109596e+02,nan,nan,nan,6.271976962702079383e-01,5.346428356281633931e-01,4.313098491245250798e-01,3.488260099929252900e-01,3.127784282382945480e-01,-3.067132507017957255e-01,2.784737509726551430e+00,-5.389567624034121707e+00,5.343711452349968916e+00,1.739348121189840057e+01,-1.337131969794984698e+01,6.351095789277650949e-01,5.861162211169028069e+01,-1.327170073117506099e+01,9.244432643237086022e-01,5.913945804542649398e+01,3.036915822291846867e-03,-3.011625380162988655e-02,3.713434734071006070e-03,-6.800252008190785409e-03,-5.605969892874297915e-05,-6.007253614611838405e-02,-4.989102975227061439e-05,-2.716308541286313678e-05,2.611937253558073867e-06,-5.100597193457955258e-01,3.683372908240379467e-02,6.307916976367300421e+00,7.332940354090671242e-01,6.911456904324047024e-01,4.258100314213029702e-01,4.384811105929485309e-01,4.854940977539554114e-01,5.035510755222377677e-03,8.751934988682216754e-02,1.908523363904604808e-01
5.250000000000000000e+00,8.500000000000000000e+01,6.544534707061917089e+00,-3.512671466803973797e+00,1.312302908613263526e+02,nan,nan,nan,6.168077006959593600e-01,5.227918850502810688e-01,4.627972049531942078e-01,3.795147182457080381e-01,2.786046079460622882e-01,-2.916537223364791820e-01,2.971326093195323814e+00,-5.725303922851535887e+00,5.566855036264682255e+00,1.607219724099915936e+01,-1.305901583627807838e+01,5.932999456663531346e-01,5.631549571160044820e+01,-1.300277194193461483e+01,8.686039066135590181e-01,5.687351040605469876e+01,4.058100871718612473e-03,-2.866404591591607820e-02,4.893258101963230550e-03,-6.093151797437156014e-03,-4.727332075765665467e-05,-6.448061799942528260e-02,-1.178598659540001952e-04,-2.379161387542971996e-05,8.715768040012950024e-06,-4.997955001943307218e-01,3.396292391016622614e-02,6.066954253692033561e+00,7.257814804808027098e-01,6.802880459419112791e-01,4.281954457575333772e-01,4.346781901686664340e-01,4.954778772362856687e-01,5.366664469096060763e-03,8.864915117658223043e-02,1.486438312736690914e-01
5.260000000000218279e+00,8.500000000000000000e+01,6.478713811446892734e+00,-3.804453346401366787e+00,1.330441349484688374e+02,nan,nan,nan,6.064177051217107817e-01,5.109409344723987445e-01,4.942845607818633358e-01,4.102034264984907308e-01,2.262959189889247047e-01,-2.827615532466767334e-01,3.164653520723939906e+00,-5.643622122299914778e+00,5.591757111780433220e+00,1.471238210187227935e+01,-1.273575510260437760e+01,5.078077621314154300e-01,5.368880750249367395e+01,-1.273584816042162693e+01,7.702350652939595754e-01,5.427739536359091943e+01,5.161252201271722233e-03,-2.733533881573031385e-02,6.044889960859175550e-03,-4.965100549197920717e-03,-3.701101557925419721e-05,-6.889989551199991735e-02,-1.925895733566822363e-04,-1.874770554158114059e-05,1.209645981811282126e-05,-4.896457466307658213e-01,3.134443093291999771e-02,5.790911167342520649e+00,7.180833507298861607e-01,6.693663401470556495e-01,4.324577320420446291e-01,4.330997388689381555e-01,5.054616567186158704e-01,5.697818182969716094e-03,8.977895246634232107e-02,1.064353261568777298e-01
5.270000000000436557e+00,8.500000000000000000e+01,6.340472262455350005e+00,-4.052949650619821043e+00,1.350006035804245244e+02,nan,nan,nan,5.960277095474622033e-01,4.990899838945164202e-01,5.257719166105324637e-01,4.408921347512734235e-01,1.211622956030805331e-01,-2.274883593831421580e-01,3.347868422573135216e+00,-5.502690514059949578e+00,5.774431420793971093e+00,1.337523448604718190e+01,-1.238195170793505007e+01,2.924364793844989596e-01,5.074721327602540555e+01,-1.246860812482098346e+01,5.435462887067591398e-01,5.136249092092332091e+01,6.244970304897670341e-03,-2.616578463603947552e-02,7.247930752634859468e-03,-2.660494058210122713e-03,-3.443361231403874043e-05,-7.294950598255522944e-02,-2.674311298946879909e-04,-9.605183569924161189e-06,9.025893000491679196e-06,-4.790974519102130791e-01,2.895085126445366697e-02,5.482097472930222537e+00,7.102116144361325656e-01,6.583847045544991561e-01,4.384758451441824745e-01,4.336022939732171455e-01,5.154454362009461832e-01,6.028971896843371425e-03,9.090875375610241171e-02,6.422682104008636816e-02
5.279999999999745341e+00,8.500000000000000000e+01,6.197441901391825603e+00,-4.299033247509572497e+00,1.369854763041142292e+02,nan,nan,nan,5.856377139741585358e-01,4.872390333177120114e-01,5.572592724363378824e-01,4.715808430012650154e-01,-4.775772761685417866e-02,-1.162098221508831020e-01,3.518872393840532631e+00,-5.409811612363014000e+00,6.252283336547991510e+00,1.188855329964831853e+01,-1.198478655683100946e+01,-9.521199369924991662e-02,4.752210849499275724e+01,-1.219375635224108834e+01,1.461031185858511217e-01,4.815911267785783423e+01,7.291677037725969798e-03,-2.514900644753432016e-02,8.567871507723433949e-03,1.047258388440817619e-03,-4.205757191768286354e-05,-7.657564453039035490e-02,-3.399635746693108196e-04,3.571338390109371156e-06,-4.496003670734628920e-06,-4.677326909320408399e-01,2.675976389849719222e-02,5.142264827447321274e+00,7.021774680089687415e-01,6.473470042176512340e-01,4.461365464985311835e-01,4.360516451041605013e-01,5.254292156823683335e-01,6.360125610686828690e-03,9.203855504575969571e-02,2.201831592713382468e-02
5.289999999999963620e+00,8.500000000000000000e+01,6.049612961430495872e+00,-4.542706408500284176e+00,1.389950596780844592e+02,nan,nan,nan,5.752477183999100685e-01,4.753880827398296871e-01,5.887466282650070104e-01,5.022695512540477081e-01,-1.022014652173528770e-01,1.155521337047946129e-02,3.603079525535553884e+00,-5.389292423411123245e+00,6.630540034344942768e+00,1.001302547981499380e+01,-1.163329818877904209e+01,-2.353144849629968394e-01,4.406013218515143848e+01,-1.189488371094967611e+01,-4.484781131956798103e-03,4.470195385206513095e+01,8.182595596326936588e-03,-2.404716396374898327e-02,9.646563796522192313e-03,2.234024929386472548e-03,-5.300401791623298022e-05,-7.816171915851376217e-02,-4.036173330938086609e-04,7.099707735292282881e-06,-1.147138751008099730e-05,-4.552142086119447262e-01,2.475295951032747271e-02,4.772702706429250874e+00,6.939913857674986364e-01,6.362568549208352797e-01,4.553339006365387243e-01,4.403222375166601088e-01,5.354129951646986463e-01,6.691279324560539532e-03,9.316835633551984186e-02,-2.019018918965753695e-02
5.300000000000181899e+00,8.500000000000000000e+01,5.896975563936185161e+00,-4.783971164949821109e+00,1.410253258582955027e+02,nan,nan,nan,5.648577228256614902e-01,4.635371321619473628e-01,6.202339840936761384e-01,5.329582595068304007e-01,-1.083975571899935264e-01,1.462687161852886664e-01,3.650704904644576310e+00,-5.731279063171501598e+00,6.963484133171783164e+00,8.120854726687010583e+00,-1.127680730867401948e+01,-2.562615698410584120e-01,4.033861592469666846e+01,-1.156145551133722194e+01,-4.012343485486057765e-02,4.097977918027680033e+01,8.998147231379396288e-03,-2.249910412066762067e-02,1.038329845213582445e-02,2.358372782815139606e-03,-6.739547863230042055e-05,-7.882567193026733532e-02,-4.607206657088705904e-04,6.877694512398809180e-06,-1.395538329915836458e-05,-4.412730060827747547e-01,2.291578210161409127e-02,4.374320084144588172e+00,6.856631665104686579e-01,6.251176392556114791e-01,4.659688041872273589e-01,4.462966138694835494e-01,5.453967746470288480e-01,7.022433038434194863e-03,9.429815762527993250e-02,-6.239869430644889858e-02
5.310000000000400178e+00,8.500000000000000000e+01,5.614345782679260211e+00,-4.880304043226452393e+00,1.431522113642772354e+02,nan,nan,nan,5.544190171681432355e-01,4.527212935484645762e-01,6.400029345401020420e-01,5.553807123182645800e-01,-1.671092825880003407e-01,2.255118918443860809e-01,3.712556200293164466e+00,-6.176384072749562471e+00,7.326481011556206902e+00,6.299956538840885578e+00,-1.086286247102055391e+01,-4.003671814309727739e-01,3.647145923254365130e+01,-1.120204191539779082e+01,-2.033560414847262465e-01,3.711585765821690330e+01,9.884660953186172327e-03,-2.049641459872901528e-02,1.097424543273479991e-02,3.617162540820466690e-03,-7.635502618865628839e-05,-7.975206381423041724e-02,-5.186704844726067187e-04,9.545886069739298533e-06,-2.392620033056774148e-05,-4.267896680418051814e-01,2.126640883299283497e-02,3.960330319922769959e+00,6.771988356224214467e-01,6.139992791514261583e-01,4.771927899610846624e-01,4.533317762635532544e-01,5.506309893937435529e-01,8.537750698920598680e-03,9.315997292075806069e-02,-9.412166807087946063e-02
5.319999999999708962e+00,8.500000000000000000e+01,5.275232947879873180e+00,-4.901824518889482007e+00,1.453460572738095493e+02,nan,nan,nan,5.439646668805256935e-01,4.422379106348688915e-01,6.560081852253057955e-01,5.751482216774963518e-01,-2.482313745821639051e-01,2.810838236021866998e-01,3.780478221624832269e+00,-6.243893631996174420e+00,7.630438953971744986e+00,4.187392697685032417e+00,-1.042744662910619979e+01,-6.038431642943397071e-01,3.250490275692894926e+01,-1.083353724924458383e+01,-4.260405239795239662e-01,3.315366012745831625e+01,1.077308669673532338e-02,-1.848580256439875946e-02,1.156510201834987268e-02,5.345432920007849205e-03,-8.508438868212072335e-05,-8.079361377695472302e-02,-5.741322890450775707e-04,1.256849886030139266e-05,-3.863279734897806788e-05,-4.121446029266579991e-01,1.980569169140602298e-02,3.535169649261914238e+00,6.686061623834503864e-01,6.029218706406980210e-01,4.887251339244372272e-01,4.611880861010297927e-01,5.543397461045491692e-01,1.043339634892370693e-02,9.129335989673315055e-02,-1.224769146937037534e-01
5.329999999999927240e+00,8.500000000000000000e+01,4.939473861508553831e+00,-4.914079250169252511e+00,1.475672582026131465e+02,nan,nan,nan,5.335103165919574675e-01,4.317545277203197474e-01,6.720134359119650513e-01,5.949157310385259079e-01,-2.889340051632676709e-01,3.120481308448926905e-01,3.818509954559206943e+00,-5.928720441700123800e+00,7.926851718092911447e+00,1.833903300491430244e+00,-1.000959217787276145e+01,-7.058960631123412099e-01,2.843340784845601377e+01,-1.045682301497961930e+01,-5.464820642083636493e-01,2.908158550147696886e+01,1.155046973414706156e-02,-1.655883062579853807e-02,1.203505818892250043e-02,6.190309476387143885e-03,-9.287005102439697111e-05,-8.119223188174418127e-02,-6.216215345685880073e-04,1.271403139082750068e-05,-4.807503230166150461e-05,-3.974161637468703323e-01,1.852616874948145864e-02,3.099050940174613800e+00,6.598934239786533595e-01,5.918827726316359117e-01,5.005459491280481732e-01,4.698125851076702664e-01,5.580485028156920713e-01,1.232904199909928833e-02,8.942674687253843180e-02,-1.508321613191068722e-01
5.340000000000145519e+00,8.500000000000000000e+01,4.607076942430833100e+00,-4.917067727564044866e+00,1.498098768014315567e+02,nan,nan,nan,5.230559663033891304e-01,4.212711448057706032e-01,6.880186865986244182e-01,6.146832403995554639e-01,-2.954401447575168427e-01,3.221933974438340176e-01,3.831253300611046075e+00,-5.195301326899297578e+00,8.061532331483221014e+00,-6.201447849209250629e-01,-9.608708310820507137e+00,-7.177588968412926818e-01,2.425525295423967975e+01,-1.007492437360566839e+01,-5.758383161529840866e-01,2.489899979580311395e+01,1.220850815168641502e-02,-1.472401479235455231e-02,1.238262243982659813e-02,6.298551230333206824e-03,-1.000883679316413253e-04,-8.106288637527524210e-02,-6.611828733295272527e-04,1.100855742684299628e-05,-5.191169382986397622e-05,-3.826952700812532027e-01,1.742151267699870373e-02,2.652148337771980557e+00,6.510683637725671602e-01,5.808795143644823744e-01,5.126366311919016150e-01,4.791557304478891721e-01,5.617572595268349733e-01,1.422468764927475871e-02,8.756013384834371305e-02,-1.791874079445100465e-01
5.350000000000363798e+00,8.500000000000000000e+01,4.254629814414419009e+00,-4.870321213891098289e+00,1.520400816868456104e+02,nan,nan,nan,5.126016160148207934e-01,4.107877618912214590e-01,7.040239372852837851e-01,6.344507497605850199e-01,-3.378209306953011137e-01,4.273290836649369373e-01,3.828356718654898128e+00,-4.383456219288393463e+00,7.810494763770089222e+00,-3.106667543993791636e+00,-9.217189982977041396e+00,-8.165719644950480971e-01,2.000852054023920701e+01,-9.718255633001128047e+00,-6.907028752092677637e-01,2.064407465240191186e+01,1.270227531195642148e-02,-1.302283489862590855e-02,1.282993129840130295e-02,7.168413541132168804e-03,-1.251493616713436619e-04,-8.062526986687779118e-02,-6.908355042842054261e-04,1.027922750202562339e-05,-6.210792863822093364e-05,-3.680817146397106776e-01,1.648635599498239276e-02,2.194604287631604755e+00,6.421382257368036806e-01,5.699097844262259738e-01,5.249797755885404760e-01,4.891711744529381178e-01,5.654660162379777644e-01,1.612033329945028459e-02,8.569352082414904981e-02,-2.075426545699132763e-01
5.359999999999672582e+00,8.500000000000000000e+01,3.768389287772370810e+00,-4.563287491837781928e+00,1.541202836614802720e+02,nan,nan,nan,5.021472657272033624e-01,4.003043789776257744e-01,7.200291879704874276e-01,6.542182591198166808e-01,-3.888807791072113607e-01,5.554455619047981019e-01,3.821676408462849395e+00,-4.289448044310638863e+00,7.276062295180348194e+00,-5.332612010421969195e+00,-8.833410230057623380e+00,-9.355008792471228851e-01,1.567774323133012437e+01,-9.372476672500399175e+00,-8.246470711308063750e-01,1.630448445856982076e+01,1.313545954406625076e-02,-1.142355070749183354e-02,1.329595713641601104e-02,8.216007426640354119e-03,-1.560665751237363475e-04,-8.013817084112177802e-02,-7.170145575006739653e-04,9.146398476290828108e-06,-7.429030505158294739e-05,-3.536811119840312934e-01,1.571614156951251298e-02,1.726535450566802687e+00,6.331097866574663113e-01,5.589714204739107961e-01,5.375591002608635094e-01,4.998155585548469393e-01,5.691747729487832697e-01,1.801597894945339284e-02,8.382690780012413967e-02,-2.358979011927374581e-01
5.369999999999890861e+00,8.500000000000000000e+01,3.297019677266872950e+00,-4.242372829145180546e+00,1.562215698516170335e+02,nan,nan,nan,4.916929154386350254e-01,3.898209960630766302e-01,7.360344386571467945e-01,6.739857684808462368e-01,-4.815371706127805074e-01,6.535821092326032922e-01,3.767135509018098460e+00,-4.495863634848118018e+00,6.506642988880432910e+00,-7.132379522028642782e+00,-8.430840593020661800e+00,-1.142382732179586968e+00,1.127631191014276624e+01,-9.025894060709067190e+00,-1.045609191272384164e+00,1.188398143466726253e+01,1.337724700210781228e-02,-9.925703829394201885e-03,1.390151785181289665e-02,1.013341766776199027e-02,-1.830954590622119985e-04,-7.868666001668533916e-02,-7.331339323057858110e-04,7.969588073399524412e-06,-9.509613306128506590e-05,-3.396023947252202468e-01,1.510699489044574351e-02,1.248037667963372677e+00,6.239893862651685330e-01,5.480623996204746495e-01,5.503593732309097764e-01,5.110483205106506333e-01,5.728835296599261717e-01,1.991162459962891873e-02,8.196029477592947643e-02,-2.642531478181406879e-01
5.380000000000109139e+00,8.500000000000000000e+01,2.840458778661844708e+00,-3.907585083534751202e+00,1.583384800698916308e+02,nan,nan,nan,4.812385651500667438e-01,3.793376131485274860e-01,7.520396893438061614e-01,6.937532778418757928e-01,-5.852642045076336119e-01,7.437396979868183822e-01,3.699856833094747000e+00,-4.054340647717111779e+00,5.661933471569801313e+00,-8.803000064428001536e+00,-8.032748679151751503e+00,-1.363914926067401501e+00,6.793825554297595382e+00,-8.687486443692989724e+00,-1.280505741197295322e+00,7.380061699268236630e+00,1.353422360849367359e-02,-8.501614739000922308e-03,1.454432601552956353e-02,1.227332377783054568e-02,-2.098750107315816040e-04,-7.701710995424643214e-02,-7.454137014042301612e-04,5.577328602942666506e-06,-1.190348863590432626e-04,-3.259557754532326213e-01,1.465561513637449881e-02,7.591901153182369910e-01,6.147829554222433712e-01,5.371808294410023166e-01,5.633663448768069237e-01,5.228315140586109466e-01,5.765922863710690738e-01,2.180727024980444462e-02,8.009368175173481319e-02,-2.926083944435438622e-01
5.390000000000327418e+00,8.500000000000000000e+01,2.398639754550762948e+00,-3.558930116567893265e+00,1.604653028056744120e+02,nan,nan,nan,4.707842148614984623e-01,3.688542302339783419e-01,7.680449400304654173e-01,7.135207872029053489e-01,-6.361188103244558301e-01,8.161287574807378764e-01,3.583495002189136525e+00,-3.263839237424586148e+00,4.953535240212626256e+00,-1.070831019146127261e+01,-7.676078613740929590e+00,-1.426568935938453908e+00,2.199221114033617752e+00,-8.355939133374421957e+00,-1.358240323178923736e+00,2.757110200752500351e+00,1.347015758243811333e-02,-6.900040850215529570e-03,1.494754260786888139e-02,1.330026950317718740e-02,-2.333903311237496081e-04,-7.437987973769090433e-02,-7.466414527635884847e-04,1.567712488318503049e-06,-1.328959933319701255e-04,-3.128511038956652834e-01,1.435918242463482715e-02,2.600587627817700920e-01,6.054960424918309769e-01,5.263249395587668023e-01,5.765666845777592808e-01,5.351296402058158819e-01,5.803010430822118648e-01,2.370291589998002602e-02,7.822706872754009444e-02,-3.209636410689469810e-01
5.399999999999636202e+00,8.500000000000000000e+01,1.971492047987867258e+00,-3.196411503233787865e+00,1.625961644687456840e+02,nan,nan,nan,4.601345958346336751e-01,3.604512196168199178e-01,7.829242759568161292e-01,7.322360751120126077e-01,-6.456662430900396155e-01,8.746359556725108453e-01,3.428786410038248800e+00,-2.779710251561887002e+00,4.344733602632250502e+00,-1.285361898759894395e+01,-7.331154661330584688e+00,-1.354793944279726547e+00,-2.486361039877782453e+00,-8.008554186627272031e+00,-1.316202921674555881e+00,-1.959897113756529752e+00,1.319956157977764284e-02,-3.771757358130556608e-03,1.493343106824212424e-02,1.346762405724188753e-02,-2.532483478697044221e-04,-7.100529395969890079e-02,-7.376022518570797505e-04,-2.968713911113572942e-06,-1.381387681472011993e-04,-2.993759477542623504e-01,1.424860807541535219e-02,-2.465831140121110820e-01,5.961212445367426449e-01,5.156272432556895380e-01,5.898753078074081557e-01,5.478416284625856614e-01,5.839365416300705824e-01,2.449758768650511787e-02,7.518578853130863937e-02,-3.472872678086875720e-01
5.409999999999854481e+00,8.500000000000000000e+01,1.517144431465374810e+00,-2.730524334314444967e+00,1.644101896037645076e+02,nan,nan,nan,4.483491702955870184e-01,3.641489702838305309e-01,7.912545794121133014e-01,7.448309774511395753e-01,-6.280493624850103096e-01,9.290042841722068179e-01,3.257364194028443904e+00,-2.580162911088358602e+00,3.959437931748565287e+00,-1.515275411810479156e+01,-6.848105430144678429e+00,-1.200980031630835221e+00,-7.111327238251002214e+00,-7.503129727847010599e+00,-1.203448456194405880e+00,-6.615964758719001360e+00,1.271415380513652577e-02,5.331045258667046300e-04,1.458453889760613457e-02,1.307596554001461478e-02,-2.682955920536816258e-04,-6.733766758802377239e-02,-7.170177082091570321e-04,-7.164789441216097289e-06,-1.362041110596394434e-04,-2.799642403347148978e-01,1.450647325867169581e-02,-7.449450938625759022e-01,5.865909779407988411e-01,5.058579527295307132e-01,6.028628641853323034e-01,5.605460654955163324e-01,5.871459243606675926e-01,1.888829902539140848e-02,6.531190098636513452e-02,-3.617937081419176359e-01
5.420000000000072760e+00,8.500000000000000000e+01,1.053380970732284094e+00,-2.198161486483661164e+00,1.660369711899216441e+02,nan,nan,nan,4.365637447565403617e-01,3.678467209508410884e-01,7.995848828674103626e-01,7.574258797902664320e-01,-5.830828209927735317e-01,9.792055026429404840e-01,3.069114313792353776e+00,-2.296939545976095953e+00,3.443052990934779345e+00,-1.756191140501018921e+01,-6.251358627711491422e+00,-9.887784111184838576e-01,-1.168433710647214596e+01,-6.864750461681354388e+00,-1.029608035277243427e+00,-1.122194481920780973e+01,1.204196269380797962e-02,4.550581165528688569e-03,1.412436126690588822e-02,1.212322431415291391e-02,-2.784643418050427341e-04,-6.336657515176621902e-02,-6.856980022176121549e-04,-1.048625309337147548e-05,-1.269260408452071239e-04,-2.555780817705481378e-01,1.510130104065052908e-02,-1.235894360520204849e+00,5.769152693453815095e-01,4.969571922926228069e-01,6.155500602808059440e-01,5.732434383058000460e-01,5.903553070912646028e-01,1.327901036427769910e-02,5.543801344142162968e-02,-3.763001484751476999e-01
5.430000000000291038e+00,8.500000000000000000e+01,6.057979923088050445e-01,-1.654103979627174148e+00,1.676674915235850278e+02,nan,nan,nan,4.247783192174936495e-01,3.715444716178517015e-01,8.079151863227075347e-01,7.700207821293933996e-01,-6.585494768075181860e-01,1.020244744954061256e+00,2.865626239423176624e+00,-1.828961031825222294e+00,2.478749662616525740e+00,-1.959860529421963449e+01,-5.481341478228484831e+00,-1.007842955607704427e+00,-1.611831429417314254e+01,-6.114905576145115873e+00,-1.085002101258698115e+00,-1.569550198721439749e+01,1.121694236096587062e-02,8.352714235596112730e-03,1.411629673583470954e-02,1.367960073624367029e-02,-2.831241814098129478e-04,-5.911702736084875620e-02,-6.448976600809217408e-04,-1.603137749093032236e-05,-1.424962831452098193e-04,-2.270708233618035088e-01,1.600480254776692757e-02,-1.720202209985687070e+00,5.671034987435396024e-01,4.888689478209192751e-01,6.279562672340209817e-01,5.859342024864535592e-01,5.935646898218616130e-01,7.669721703163934201e-03,4.556412589647806932e-02,-3.908065888083777639e-01
5.439999999999599822e+00,8.500000000000000000e+01,1.742413633116663418e-01,-1.098313942372369123e+00,1.692989097336481734e+02,nan,nan,nan,4.129928936795188577e-01,3.752422222845259725e-01,8.162454897772470908e-01,7.826156844673748392e-01,-7.782441293198806287e-01,1.057919334819639623e+00,2.656542076826319043e+00,-1.159792874992511269e+00,1.432940836507035742e+00,-2.096740482148033990e+01,-4.599465467177402900e+00,-1.080328716759190621e+00,-2.046317508895555193e+01,-5.275211061229179599e+00,-1.191932101461543381e+00,-2.008201947383206587e+01,1.030693933481708659e-02,1.195630758545194669e-02,1.425091495408450232e-02,1.615731699663580309e-02,-2.838608276278610835e-04,-5.478077259542477734e-02,-5.979823324454660617e-04,-2.373810980877351620e-05,-1.657279356364977838e-04,-1.951998593371350177e-01,1.719151980103793276e-02,-2.198555797899272690e+00,5.571644411843592604e-01,4.815408177100924392e-01,6.400996068818862739e-01,5.986187842478527532e-01,5.967740725521666345e-01,2.060433042560316785e-03,3.569023835243256837e-02,-4.053130291402885499e-01
5.449999999999818101e+00,8.500000000000000000e+01,-2.414401991140947834e-01,-5.307472550939361655e-01,1.709283763181117592e+02,nan,nan,nan,4.012074681404722010e-01,3.789399729515365856e-01,8.245757932325441519e-01,7.952105868065016958e-01,-7.811139835419012023e-01,1.051897491400258566e+00,2.457528496745218227e+00,-4.432056558498010390e-01,5.716518636615427473e-01,-2.218482259930631173e+01,-3.704172654121582031e+00,-9.375346652897184052e-01,-2.485889372056583113e+01,-4.358206309707481907e+00,-1.081064786062103655e+00,-2.451329673623434857e+01,9.369096021049846262e-03,1.528499527583679352e-02,1.393490551729369142e-02,1.621410164804708634e-02,-2.754116646362155668e-04,-5.067194437060776324e-02,-5.480159544513678793e-04,-2.849174242752666153e-05,-1.619889793213491751e-04,-1.606378756601033464e-01,1.863851095565415006e-02,-2.671568397770887948e+00,5.471063057874162583e-01,4.749237798933102495e-01,6.519970323295092296e-01,6.112975823129289665e-01,5.999834552827636447e-01,-3.548855618553392599e-03,2.581635080748906352e-02,-4.198194694735185029e-01
5.460000000000036380e+00,8.500000000000000000e+01,-6.383297103638638781e-01,1.895460033869162189e-02,1.721704506492294797e+02,nan,nan,nan,3.894220426014255443e-01,3.826377236185471431e-01,8.329060966878413241e-01,8.078054891456286635e-01,-7.106950505512263927e-01,1.018463158100356702e+00,2.264832588864122087e+00,-7.505648725965952117e-02,-6.868164199487437893e-02,-2.349678009236690812e+01,-2.790978940358131766e+00,-6.884876859994392140e-01,-2.927287642653096711e+01,-3.383200574968144636e+00,-8.614832435515088482e-01,-2.895922076965985781e+01,8.409615581707385878e-03,1.834725972850187112e-02,1.336126883557081646e-02,1.475476048069059368e-02,-2.606371351604381040e-04,-4.670806167950055515e-02,-4.952425840538832863e-04,-3.004794106260629856e-05,-1.418929301619738009e-04,-1.239827448042608582e-01,2.032507276348493458e-02,-3.139788359779366544e+00,5.369367722414838395e-01,4.689719738846089836e-01,6.636644033250872488e-01,6.239709696896957869e-01,6.031928380133606549e-01,-9.158144279667157495e-03,1.594246326254550317e-02,-4.343259098067486779e-01
5.470000000000254659e+00,8.500000000000000000e+01,-1.022629391172469315e+00,5.547034338773968454e-01,1.731335661474552126e+02,nan,nan,nan,3.776366170623788876e-01,3.863354742855577562e-01,8.412364001431383853e-01,8.204003914847555201e-01,-6.837973778463138919e-01,9.741931294100040217e-01,2.015708775615493220e+00,1.382067593224520219e-01,-5.456373982670740252e-01,-2.461962506717947008e+01,-1.814013441735423005e+00,-4.906120917913280310e-01,-3.360952605932931192e+01,-2.363369625198630253e+00,-6.914515001851569975e-01,-3.333999032238504867e+01,7.254376191511812365e-03,2.123549577084327816e-02,1.294349272498824914e-02,1.420311301655729011e-02,-2.399192691682884386e-04,-4.159179301355614422e-02,-4.291648067123125104e-04,-3.277362917254078762e-05,-1.297478724565355273e-04,-8.576623207970046625e-02,2.223249571845346828e-02,-3.603706935822066804e+00,5.266630249490522608e-01,4.636424968790326950e-01,6.751165567738393047e-01,6.366392953297551616e-01,6.064022207439576651e-01,-1.476743294078086688e-02,6.068575717601998321e-03,-4.488323501399786308e-01
5.479999999999563443e+00,8.500000000000000000e+01,-1.398061879580060340e+00,1.096875839937020647e+00,1.740950389735869805e+02,nan,nan,nan,3.658511915244040957e-01,3.900332249522320271e-01,8.495667035976779413e-01,8.329952938227369597e-01,-6.872810773676839569e-01,9.223589058267503971e-01,1.727193704288862541e+00,5.526050987111593704e-01,-9.400442541928232254e-01,-2.555959598855631398e+01,-7.924089592988574626e-01,-3.185378531415370973e-01,-3.788586361677972292e+01,-1.313385703896813084e+00,-5.457137784214834975e-01,-3.766885711499543987e+01,6.011516027644197430e-03,2.396379127829094749e-02,1.262042960314504331e-02,1.428659890657844704e-02,-2.153623183073268693e-04,-3.566790013008552113e-02,-3.561022278118726784e-04,-3.672727201853854249e-05,-1.220862465089728578e-04,-4.646165866691553958e-02,2.434384790590728154e-02,-4.063765115416230422e+00,5.162917849689034888e-01,4.588952130028458032e-01,6.863673727041855743e-01,6.493028856796947412e-01,6.096116034742626866e-01,-2.037672160138448429e-02,-3.805311826443502632e-03,-4.633387904718894168e-01
5.489999999999781721e+00,8.500000000000000000e+01,-1.764742368910940939e+00,1.645523019903061934e+00,1.750542015911709086e+02,nan,nan,nan,3.540657659853574390e-01,3.937309756192426402e-01,8.578970070529750025e-01,8.455901961618639273e-01,-6.711419458796081816e-01,8.997140019865457194e-01,1.376743315449952654e+00,9.948624057974075896e-01,-1.597185280589543455e+00,-2.633417132316633413e+01,2.336530997015870137e-01,-9.939480014974481914e-02,-4.211697295080696790e+01,-2.470029110055146082e-01,-3.510489774781830885e-01,-4.196395379400691894e+01,4.710258229150789643e-03,2.649917133674065117e-02,1.223677881759817343e-02,1.396609961369239296e-02,-1.930498485119409272e-04,-2.846487614437642755e-02,-2.777472094054224275e-04,-3.947913169845232060e-05,-1.095976812193955643e-04,-6.490648606939486420e-03,2.664378406924914830e-02,-4.520359598692790470e+00,5.058293398983365607e-01,4.546925748658618982e-01,6.974298359797631575e-01,6.619620461327248018e-01,6.128209862048596968e-01,-2.598601026249813817e-02,-1.367919937138706299e-02,-4.778452308051194253e-01
5.500000000000000000e+00,8.500000000000000000e+01,-2.121978081143437223e+00,2.197881231795258294e+00,1.759900993791826522e+02,nan,nan,nan,3.422803404463107269e-01,3.974287262862531978e-01,8.662273105082721747e-01,8.581850985009908950e-01,-6.512009933660384275e-01,8.827243764026589945e-01,1.014293282312933808e+00,1.760292712738050103e+00,-2.591311317973536532e+00,-2.693353128121729512e+01,1.267578297275640420e+00,1.181505190424094048e-01,-4.631922326949165125e+01,8.262779341159698365e-01,-1.544457114343480153e-01,-4.622929090218514148e+01,3.527871334015475133e-03,2.866682528258012591e-02,1.149736214760724989e-02,1.356966817272850859e-02,-1.725941880093999131e-04,-2.100380944313193568e-02,-2.053892510445057620e-04,-4.174216836309400925e-05,-9.553731298299678238e-05,3.377092867665754117e-02,2.911837683721806708e-02,-4.973848016628391377e+00,4.952815718286130986e-01,4.509994566222700341e-01,7.083160940311553633e-01,6.746170623862529636e-01,6.160303689354567069e-01,-3.159529892361190306e-02,-2.355308691633062335e-02,-4.923516711383496003e-01
5.510000000000218279e+00,8.500000000000000000e+01,-2.443149313547991142e+00,2.643962597127380132e+00,1.761316815737366142e+02,nan,nan,nan,3.406424644025282666e-01,4.034132221403557983e-01,8.580071416335887102e-01,8.601196584808284973e-01,-6.241890259840406907e-01,8.436751679520338998e-01,7.561582565389233235e-01,2.969253661241362696e+00,-3.482695047507960329e+00,-2.746590043661775127e+01,2.095244599691779896e+00,2.836433148554347583e-01,-5.023017435065050051e+01,1.688042871079745044e+00,-5.859810705803590938e-03,-5.017906461995907108e+01,2.713893287112975963e-03,3.041473592880767143e-02,1.030962523607473029e-02,1.302844871405745356e-02,-1.545376551710735905e-04,-1.568627670435317548e-02,-1.554235249527195241e-04,-4.303621043647487196e-05,-8.028091482474939832e-05,6.614173924533517379e-02,3.171506689060800410e-02,-5.392374098615539069e+00,4.853084295586853614e-01,4.479304768895389643e-01,7.179701210048119453e-01,6.865806840928542210e-01,6.155456216643253597e-01,-3.032912044529384454e-02,-3.244163729253363160e-02,-4.870355567857665990e-01
5.520000000000436557e+00,8.500000000000000000e+01,-2.763435534921761860e+00,3.090930040514359600e+00,1.762710323454119248e+02,nan,nan,nan,3.423511206391902650e-01,4.101518573646901755e-01,8.443288382669541514e-01,8.585385736399534506e-01,-5.941667862337045580e-01,7.952347541374782391e-01,5.424322144979221161e-01,3.796878613367788979e+00,-4.034691676110260694e+00,-2.803496139873026038e+01,2.659798261114992179e+00,4.228136133124759111e-01,-5.374246137910569843e+01,2.283566554116150282e+00,1.182537662909809301e-01,-5.372118238875324892e+01,2.094112712005624134e-03,3.197071204839919967e-02,9.067775795602655078e-03,1.242495174372360706e-02,-1.384449682611213104e-04,-1.127471295142761822e-02,-1.176203234858004857e-04,-4.354549880488447220e-05,-6.499834379870821500e-05,8.844289506904809417e-02,3.441711383045784056e-02,-5.766985701165623368e+00,4.760886816947006994e-01,4.454940198150380559e-01,7.261193756485847528e-01,6.976707668373467452e-01,6.138425974776969829e-01,-2.679550067625030563e-02,-4.100523604924960486e-02,-4.751822169515135807e-01
5.529999999999745341e+00,8.500000000000000000e+01,-3.082904951796913373e+00,3.538811819895313349e+00,1.764081334119327664e+02,nan,nan,nan,3.440597768756968877e-01,4.168904925884116541e-01,8.306505349015635975e-01,8.569574887992222889e-01,-6.055962856416499118e-01,7.735826121804063593e-01,2.691133478230306464e-01,3.853239082389778414e+00,-4.365459958105402549e+00,-2.864417642792640706e+01,3.003035009871781291e+00,5.687317584488105204e-01,-5.682019084434489287e+01,2.633709867715304132e+00,2.496718334537652573e-01,-5.684173535175465730e+01,1.531815421793522591e-03,3.347662756040838822e-02,7.963346231491565119e-03,1.268894446487186384e-02,-1.277193711956750696e-04,-5.609060037354430227e-03,-8.368610352527640285e-05,-4.672727922323973273e-05,-5.400171656550299259e-05,1.013116540316177927e-01,3.722196046371113731e-02,-6.099897937911679335e+00,4.675737395599495749e-01,4.436492921054626670e-01,7.328609052669494694e-01,7.079436477810985284e-01,6.121395732912235932e-01,-2.326188090752806525e-02,-4.956883480518675666e-02,-4.633288771183386445e-01
5.539999999999963620e+00,8.500000000000000000e+01,-3.401625769696269952e+00,3.987636566776396663e+00,1.765429670479445576e+02,nan,nan,nan,3.457684331123588861e-01,4.236291278127460314e-01,8.169722315349290387e-01,8.553764039583472423e-01,-6.383036753683374309e-01,7.656813506886875897e-01,-3.479554024921949207e-02,3.601347697753259691e+00,-4.680410965635404708e+00,-2.904827248045355148e+01,3.132694711280565869e+00,7.318912518096261088e-01,-5.950603755026804720e+01,2.754933996939379348e+00,3.990119170291176465e-01,-5.957722992149934527e+01,1.118233029291715048e-03,3.491774059030958860e-02,6.928548734661547394e-03,1.340107755471648711e-02,-1.217039222328496407e-04,7.160338882283772766e-04,-5.933891830881032111e-05,-5.144181421159546856e-05,-4.344775588157974628e-05,1.053899513795754361e-01,4.012605598358764264e-02,-6.393302866615984570e+00,4.597181481079967158e-01,4.423581313500630219e-01,7.382854982909607955e-01,7.174520307320676471e-01,6.104365491045953274e-01,-1.972826113848447083e-02,-5.813243356190267441e-02,-4.514755372840856817e-01
5.550000000000181899e+00,8.500000000000000000e+01,-3.717936228363505791e+00,4.433014328367617551e+00,1.766541596698052103e+02,nan,nan,nan,3.474770893490209400e-01,4.303677630370804086e-01,8.032939281682944799e-01,8.537953191174721956e-01,-6.020193502494224358e-01,7.613921429844389133e-01,-3.388105676772352193e-01,3.626947812566593932e+00,-4.885437768832848526e+00,-2.892291966468899744e+01,3.016357057972651301e+00,8.918448978281439121e-01,-6.187337797241237780e+01,2.662997311162530689e+00,5.470148575461752927e-01,-6.199421482001945805e+01,9.096232898866472676e-04,3.616186553392701508e-02,5.860928689808363699e-03,1.266433622839235711e-02,-1.195674970443002790e-04,7.068505652027510210e-03,-4.801112636075260915e-05,-5.033701311136019229e-05,-2.781075942361833708e-05,1.013172239534324975e-01,4.312508267211852264e-02,-6.649354789474942073e+00,4.524793838253869938e-01,4.415848363469774274e-01,7.424780879321106752e-01,7.262452204707459114e-01,6.087335249179670615e-01,-1.619464136944087640e-02,-6.669603231861859216e-02,-4.396221974498326635e-01
5.560000000000400178e+00,8.500000000000000000e+01,-3.964709772302224877e+00,4.695357424553847636e+00,1.758836375583722997e+02,nan,nan,nan,3.491857455856829384e-01,4.371063982614147858e-01,7.896156248016599211e-01,8.522142342765971490e-01,-5.059147257122796892e-01,7.602348206024317490e-01,-6.429176248229664381e-01,3.868005960251708508e+00,-5.023745356291101416e+00,-2.820320063034047564e+01,2.675803925750587897e+00,1.011204729046504491e+00,-6.393681249669043609e+01,2.374574453388677231e+00,6.562007744215564431e-01,-6.410792956943464560e+01,9.178445690081170078e-04,3.721879591927670233e-02,4.834815495881451472e-03,1.066301363303745649e-02,-1.212871983884768358e-04,1.344714562807755587e-02,-5.035894718458154909e-05,-4.363578192443302352e-05,-1.197059715580283747e-05,8.972463009095454911e-02,4.621414652132826983e-02,-6.870158601423107747e+00,4.458176656682550920e-01,4.412960083724902227e-01,7.455181298030112425e-01,7.343693419636789788e-01,6.070305007313386847e-01,-1.266102160039733748e-02,-7.525963107533456542e-02,-4.277688576155796452e-01
5.569999999999708962e+00,8.500000000000000000e+01,-4.215481068675037690e+00,4.954804970653484908e+00,1.751116905588616248e+02,nan,nan,nan,3.508944018221895611e-01,4.438450334851362644e-01,7.759373214362693671e-01,8.506331494358659873e-01,-4.067587360262818752e-01,6.688193820358525610e-01,-9.308552643061368537e-01,4.132226759830197160e+00,-5.316300691083277741e+00,-2.717433487822332694e+01,2.148776834492664545e+00,1.086024632525620870e+00,-6.571525083132206646e+01,1.899786872849606345e+00,7.216304478084631935e-01,-6.593470107672501967e+01,1.000846680358128023e-03,3.818180750493891523e-02,3.921740722643674883e-03,8.588707799668530291e-03,-1.118109722304494425e-04,1.950896070624609860e-02,-5.868572179364385446e-05,-3.600946213745686322e-05,-2.287103084746590459e-07,7.123045392050203484e-02,4.938793685367409703e-02,-7.057760722614602855e+00,4.396957781921830843e-01,4.414604026872348541e-01,7.474799551843409606e-01,7.418675454392639201e-01,6.053274765448652950e-01,-9.127401831675041599e-03,-8.382322983127166172e-02,-4.159155177824047644e-01
5.579999999999927240e+00,8.500000000000000000e+01,-4.470271405519437913e+00,5.211358968409767201e+00,1.743386297420476296e+02,nan,nan,nan,3.526030580588515595e-01,4.505836687094706416e-01,7.622590180696348083e-01,8.490520645949909406e-01,-3.067857479525947784e-01,5.532374701690881968e-01,-1.214463566843521747e+00,4.437215508826261257e+00,-5.655936254915776118e+00,-2.645677029228564692e+01,1.455427272118522408e+00,1.121824618133967055e+00,-6.719457332967328966e+01,1.255138351183256118e+00,7.488236899415648962e-01,-6.746271835324496635e+01,1.255902251395550791e-03,3.906157101935309878e-02,3.124958809704854110e-03,6.488775779317783494e-03,-1.014936305410860042e-04,2.549754510232638688e-02,-7.799377338294465056e-05,-2.775334200395236309e-05,7.059239665962265318e-06,4.643651183128876675e-02,5.264085934641032222e-02,-7.214142214843823453e+00,4.340789060889870266e-01,4.420487896193674437e-01,7.484331015082208438e-01,7.487801982375531518e-01,6.036244523582370292e-01,-5.593782062631447172e-03,-9.238682858798757946e-02,-4.040621779481518017e-01
5.590000000000145519e+00,8.500000000000000000e+01,-4.729102019898247633e+00,5.465021106279622565e+00,1.735647687727634718e+02,nan,nan,nan,3.543117142955135579e-01,4.573223039338050189e-01,7.485807147030002495e-01,8.474709797541158940e-01,-2.392317598023952496e-01,4.801180953522247163e-01,-1.503138247892307877e+00,4.661134100817413639e+00,-5.928617927055506165e+00,-2.638210491529702395e+01,6.377757989196133348e-01,1.153479131820567272e+00,-6.836798651256727055e+01,4.611615528504457440e-01,7.721735068068592556e-01,-6.868683860855517764e+01,1.807408677123761073e-03,3.992219674150673803e-02,2.424163035070427477e-03,5.067870943809521349e-03,-1.010330441437627214e-04,3.160810365024778468e-02,-1.148175163099640975e-04,-2.202907899837671702e-05,1.123744742414325302e-05,1.592540416898079181e-02,5.596714627533005970e-02,-7.341213736972481918e+00,4.289344793946647250e-01,4.430338246066682917e-01,7.484426215282012906e-01,7.551450642871422314e-01,6.019214281716086523e-01,-2.060162293587908255e-03,-1.009504273447035527e-01,-3.922088381138987834e-01
5.600000000000363798e+00,8.500000000000000000e+01,-4.991994062807536103e+00,5.715792769115253691e+00,1.727904231801727803e+02,nan,nan,nan,3.560203705321755563e-01,4.640609391581393961e-01,7.349024113363656907e-01,8.458898949132409584e-01,-1.810627690490497210e-01,4.192912280345952869e-01,-1.793279598155233412e+00,4.895437528791025450e+00,-6.275574437888888468e+00,-2.650653503445430559e+01,-3.043662310965953299e-01,1.152067600565073180e+00,-6.927480793408372506e+01,-4.687326030688113154e-01,7.817860455517148255e-01,-6.964378582511761806e+01,2.617480535138065525e-03,3.877087695920006932e-02,1.619730231761908924e-03,3.841089040827623188e-03,-1.054788659054849918e-04,3.776275175193297834e-02,-1.669331212404628418e-04,-1.691118953010597981e-05,1.290075444788073029e-05,-1.974152288733921345e-02,5.936094728134269638e-02,-7.440812042407106475e+00,4.242320286803899498e-01,4.443899266201781773e-01,7.475693725496241893e-01,7.609974720070146192e-01,6.002184039849803865e-01,1.473457475455686172e-03,-1.095140261014195815e-01,-3.803554982796458206e-01
5.609999999999672582e+00,8.500000000000000000e+01,-5.235438731244741462e+00,5.813156743970415263e+00,1.716537780694435185e+02,nan,nan,nan,3.648252730503174224e-01,4.697215122128584608e-01,7.193717145368505594e-01,8.311835903381490365e-01,-1.547745403271443554e-01,3.414314340343993504e-01,-2.077612244613349368e+00,5.182469111723226440e+00,-6.644209273808473704e+00,-2.601508789457437842e+01,-1.224925410223280053e+00,1.147946890015576704e+00,-6.977127000526057543e+01,-1.397676149816130531e+00,8.093118435576793779e-01,-7.018778879190311670e+01,3.551648446832959653e-03,3.546880323949796326e-02,6.554137895263789345e-04,3.287356675393042667e-03,-1.088634811576268753e-04,4.380138949519941927e-02,-2.264307996215835861e-04,-1.458706392498123564e-05,1.447105486167162331e-05,-5.519793086118338077e-02,6.244867591996307310e-02,-7.497369584975158929e+00,4.204007079003166392e-01,4.460236369489797292e-01,7.457508205693330616e-01,7.655239863871171613e-01,5.962755225345438559e-01,3.457818319378747063e-03,-1.083540574819197300e-01,-3.580042598059118841e-01
5.619999999999890861e+00,8.500000000000000000e+01,-5.455189822287664470e+00,5.748275042112688027e+00,1.701359948926504160e+02,nan,nan,nan,3.747528849065683842e-01,4.752115231969210596e-01,7.035479473826231622e-01,8.144007221582092448e-01,-1.593135787444180107e-01,2.471015637853400393e-01,-2.356328135043101568e+00,5.181465431507709773e+00,-6.926537501783637474e+00,-2.491895509485836158e+01,-2.094850570626598518e+00,1.177387213271825717e+00,-6.985962575185281764e+01,-2.295140500208961765e+00,8.708633576341447968e-01,-7.032260634984571368e+01,4.570338366295954684e-03,3.211921094913088026e-02,-3.081223222276145202e-04,3.386980109517023860e-03,-1.104199358671372323e-04,4.972200891033413256e-02,-2.905956093634070561e-04,-1.507417830846910983e-05,1.806665753771119574e-05,-8.924700836857230035e-02,6.518606634416646006e-02,-7.510873030828411956e+00,4.174567421687067625e-01,4.479060517336636571e-01,7.430290300371937828e-01,7.686761944388078582e-01,5.919782694110804488e-01,5.197068242616675882e-03,-1.056557065329694067e-01,-3.339921307186715094e-01
5.630000000000109139e+00,8.500000000000000000e+01,-5.675022391069533434e+00,5.679596660387343121e+00,1.686208400328324899e+02,nan,nan,nan,3.846804967628193461e-01,4.807015341809836584e-01,6.877241802283958760e-01,7.976178539782694532e-01,-1.236805326996016224e-01,1.838191408015598660e-01,-2.577645284459242347e+00,5.002757531644769884e+00,-7.129186623502158149e+00,-2.387988456777741675e+01,-2.940404719186724858e+00,1.132566546298544363e+00,-6.958317057516258330e+01,-3.146807167428992802e+00,8.567664727915282885e-01,-7.008252491681213314e+01,5.624627453315015832e-03,2.891395954558297413e-02,-1.128482656613856048e-03,2.631248620241095557e-03,-1.153735814333194137e-04,5.442781412755125919e-02,-3.551774566571356401e-04,-1.169289676841258935e-05,1.620826537176469812e-05,-1.215877329030302378e-01,6.759062263200041332e-02,-7.484140463090865225e+00,4.153429032831374990e-01,4.500211312740339809e-01,7.394622535306508704e-01,7.705427293206962291e-01,5.876810162876171528e-01,6.936318165854604700e-03,-1.029573555840189725e-01,-3.099800016314311901e-01
5.640000000000327418e+00,8.500000000000000000e+01,-5.894934026675981542e+00,5.607122865517874644e+00,1.671104336278352775e+02,nan,nan,nan,3.946081086190703080e-01,4.861915451650462572e-01,6.719004130741684788e-01,7.808349857983295506e-01,-7.434070247217795802e-02,1.311301601244057591e-01,-2.779377884904083995e+00,5.008078889549171464e+00,-6.928745626804857061e+00,-2.309798820788970986e+01,-3.743053410169824513e+00,1.049961193462832343e+00,-6.895606467275059970e+01,-3.948467485345527273e+00,8.031682190343377714e-01,-6.948884308494034201e+01,6.700207905020535634e-03,2.588693806447876777e-02,-1.838197205986942962e-03,1.582264322366581238e-03,-1.206976628629037943e-04,5.871149642116172546e-02,-4.196066778111962156e-04,-6.990687444572037373e-06,1.089350440289613678e-05,-1.520120863860798532e-01,6.967980445261066913e-02,-7.419895294031596755e+00,4.140056538605014769e-01,4.523538703185195908e-01,7.351049867427994489e-01,7.712065079717667082e-01,5.833837631641536348e-01,8.675568089092589030e-03,-1.002590046350684827e-01,-2.859678725441907599e-01
5.649999999999636202e+00,8.500000000000000000e+01,-6.114922305143229764e+00,5.530854964010418762e+00,1.656068562039540097e+02,nan,nan,nan,4.045357204744183255e-01,4.916815561486095332e-01,6.560766459213802637e-01,7.640521176199162046e-01,-8.334208824409342076e-03,5.641801093981550774e-02,-2.981885980800027092e+00,4.846611815260387424e+00,-6.520127489586404756e+00,-2.229682607264596683e+01,-4.507167273727700874e+00,9.204479061435817400e-01,-6.799874031252166162e+01,-4.702070549396617061e+00,7.010522603831750299e-01,-6.856608025156388919e+01,7.765381671656159529e-03,2.302170093759678751e-02,-2.426513546977768134e-03,1.774218751024078363e-04,-1.212971310022436811e-04,6.299947102988613656e-02,-4.822716896022972402e-04,-7.761391885157445240e-07,1.333238349023374389e-06,-1.803890227134913316e-01,7.147088078338892370e-02,-7.320759610606738299e+00,4.133949093048832624e-01,4.548902313494314620e-01,7.300082107752772220e-01,7.707450997677152138e-01,5.790865100410811372e-01,1.041481801217236658e-02,-9.756065368636357427e-02,-2.619557434591343048e-01
5.659999999999854481e+00,8.500000000000000000e+01,-6.229624121946573112e+00,5.194057514214749816e+00,1.635269780904442882e+02,nan,nan,nan,4.144633323306692874e-01,4.971715671326721320e-01,6.402528787671529775e-01,7.472692494399764129e-01,6.410884212220875622e-02,-2.679934305985551268e-02,-3.184693568033809541e+00,4.452542514371756077e+00,-6.428348239737769809e+00,-2.130856410338800444e+01,-5.223072687815816018e+00,7.588925922271252400e-01,-6.673086666856391957e+01,-5.404000765221327107e+00,5.652379492464950639e-01,-6.733358310616678466e+01,8.834027033495214787e-03,2.032594347522403630e-02,-2.918567129844627621e-03,-1.364773958236487235e-03,-1.189448553026396446e-04,6.728096322468776758e-02,-5.436655975459628309e-04,5.887579122627169069e-06,-1.099369671370468792e-05,-2.066507765396994323e-01,7.298081256717124654e-02,-7.189249663886421615e+00,4.134638151270778050e-01,4.576170821709831804e-01,7.242196188045851857e-01,7.692310714011328932e-01,5.747892569176177302e-01,1.215406793541029540e-02,-9.486230273741314001e-02,-2.379436143718939856e-01
5.670000000000072760e+00,8.500000000000000000e+01,-6.330237296404249925e+00,4.843056452426528935e+00,1.614218399366077108e+02,nan,nan,nan,4.243909441869202492e-01,5.026615781167347308e-01,6.244291116129255803e-01,7.304863812600365103e-01,1.158755759052700202e-01,-1.128761129672843089e-01,-3.431347435518452116e+00,4.066274670282429504e+00,-6.402556718498169097e+00,-2.012993873199415873e+01,-5.871458549527895698e+00,6.201007151670744344e-01,-6.516738491554033885e+01,-6.053275897368508573e+00,4.502336840454875255e-01,-6.581415737766162977e+01,1.003760597344462678e-02,1.783548596302864803e-02,-3.399581331402240763e-03,-2.466369849545305137e-03,-1.159048911301462439e-04,7.247579693212778673e-02,-6.116090417317938477e-04,1.045068041808276916e-05,-2.099763532459432083e-05,-2.307811955979299778e-01,7.422615995105075193e-02,-7.027773142228342707e+00,4.141685386250956724e-01,4.605221375222557922e-01,7.177838281305709556e-01,7.667323095199177763e-01,5.704920037941542121e-01,1.389331785864822422e-02,-9.216395178846270575e-02,-2.139314852846535553e-01
5.680000000000291038e+00,8.500000000000000000e+01,-6.422293629019528716e+00,4.491901654773807095e+00,1.593286033128644306e+02,nan,nan,nan,4.343185560431711556e-01,5.081515891007972741e-01,6.086053444586982941e-01,7.137035130800967186e-01,1.529926108566831977e-01,-2.009788520814975721e-01,-3.709067512496886820e+00,3.686022462910202524e+00,-6.042359215388227511e+00,-1.870677902530798775e+01,-6.457406196009062072e+00,4.961670069915805614e-01,-6.333469936288863522e+01,-6.651048795565338345e+00,3.483294066062622152e-01,-6.403168146653592885e+01,1.135198268176567347e-02,1.552866674681861910e-02,-3.868989077960015809e-03,-3.255366653750983025e-03,-1.114720055569451418e-04,7.831399691337642688e-02,-6.843404880887568814e-04,1.349437899389276198e-05,-2.895906381468742619e-05,-2.528058203809122051e-01,7.522301034395142971e-02,-6.838627919421842449e+00,4.154680740000527561e-01,4.635939044558464728e-01,7.107425785488956649e-01,7.633123225573691384e-01,5.661947506706909161e-01,1.563256778188615304e-02,-8.946560083951227149e-02,-1.899193561974132916e-01
5.689999999999599822e+00,8.500000000000000000e+01,-6.505814708600562213e+00,4.140580171121712283e+00,1.572525794559502685e+02,nan,nan,nan,4.442461678985192286e-01,5.136416000843605500e-01,5.927815773059100790e-01,6.969206449016832616e-01,1.578481616502973306e-01,-2.530199671919504678e-01,-3.861141048301615530e+00,3.655761877265968796e+00,-5.473405552563606058e+00,-1.719856806948928707e+01,-6.972338677062653645e+00,4.557931777161825515e-01,-6.129404124751157212e+01,-7.187429204876869093e+00,3.280788942812547515e-01,-6.201580165385620091e+01,1.232505823140961874e-02,1.342217056111308544e-02,-4.397266409499092990e-03,-3.357296299575981274e-03,-1.054307105477537309e-04,8.148978436973748629e-02,-7.344999231621414599e-04,1.355906367683248713e-05,-3.091577721632346329e-05,-2.727834712146022245e-01,7.598692404826840052e-02,-6.624002013650819976e+00,4.173240600406080691e-01,4.668216312391492706e-01,7.031349179300463437e-01,7.590305230965449512e-01,5.618974975476183076e-01,1.737181770496593058e-02,-8.676724989080725203e-02,-1.659072271123567810e-01
5.699999999999818101e+00,8.500000000000000000e+01,-6.580820606214795809e+00,3.789079032374363276e+00,1.551988132335349349e+02,nan,nan,nan,4.541737797547701350e-01,5.191316110684232044e-01,5.769578101516827928e-01,6.801377767217434700e-01,1.562684421842555349e-01,-2.978677896700140937e-01,-3.988151588082347931e+00,3.855523507397983440e+00,-5.025665080239253513e+00,-1.590298372380181391e+01,-7.433705459342170307e+00,4.212565967540077838e-01,-5.904220983589613070e+01,-7.671271574370471136e+00,3.242882094455448172e-01,-5.978234060096005464e+01,1.319284745440804478e-02,1.020513939715936291e-02,-5.075744067356600421e-03,-3.322146538486801370e-03,-9.698919878634911917e-05,8.413015225424586019e-02,-7.771155810075991172e-04,1.301677910467401042e-05,-3.142205547958087507e-05,-2.907991343201298817e-01,7.653289467063428830e-02,-6.385974531663011433e+00,4.197006095657142000e-01,4.701952595512744471e-01,6.949973758294291093e-01,7.539424920236981187e-01,5.576002444241549005e-01,1.911106762820380389e-02,-8.406889894185687329e-02,-1.418950980251164617e-01
5.710000000000036380e+00,8.500000000000000000e+01,-6.542721752673705815e+00,3.268001855449437887e+00,1.526696161676676411e+02,nan,nan,nan,4.680982130368138150e-01,5.200650681228092820e-01,5.535836872523191010e-01,6.518868921021544471e-01,2.366247413474731887e-01,-3.192612337937624778e-01,-4.157541974751079117e+00,3.948119895222148568e+00,-4.715037744719374757e+00,-1.470650932110323339e+01,-7.897517996025276155e+00,1.412144904064719930e-01,-5.640885619040039245e+01,-8.113089428102430389e+00,8.849945503289254056e-02,-5.717702474482449304e+01,1.410142024828700720e-02,5.571713985163219071e-03,-5.624538104564296565e-03,-5.029612982675888723e-03,-8.853241423414129037e-05,8.768922640844692418e-02,-8.201371436764252204e-04,1.900001679209870487e-05,-4.813678599288693377e-05,-3.073775076526175654e-01,7.661693512057132782e-02,-6.109724377528621631e+00,4.228219169308096714e-01,4.734115138619487961e-01,6.858771806952914663e-01,7.473606186903507531e-01,5.484084651285241474e-01,2.316817488191996732e-02,-7.513502996791537880e-02,-1.086536490974252533e-01
5.720000000000254659e+00,8.500000000000000000e+01,-6.480387964052764183e+00,2.739656065600805324e+00,1.501184270164220607e+02,nan,nan,nan,4.828101454887513411e-01,5.201007411496075816e-01,5.287219074755858950e-01,6.213764485820169048e-01,3.531254637787168971e-01,-3.303082516094101306e-01,-4.345627376744936932e+00,3.963857837501308268e+00,-4.339362109558598135e+00,-1.332851122731801219e+01,-8.351742215478139997e+00,-2.681510473201010880e-01,-5.340705925983439073e+01,-8.523107052167588904e+00,-2.767257692940938152e-01,-5.420863987779924997e+01,1.492370097788296192e-02,9.440958699959455577e-04,-6.024500588496932083e-03,-7.507748979280150746e-03,-7.625214369674210139e-05,9.168008009355910204e-02,-8.564274399198421907e-04,2.715097551175614415e-05,-7.165697865207663387e-05,-3.228136378173206977e-01,7.621920111979188506e-02,-5.795509335791157568e+00,4.266907386531237356e-01,4.764226428962740068e-01,6.757417633071727270e-01,7.392355197217748142e-01,5.382523106739904861e-01,2.768197272278738463e-02,-6.497256838364362519e-02,-7.359373470962193853e-02
5.729999999999563443e+00,8.500000000000000000e+01,-6.401633999419755305e+00,2.217316374683968583e+00,1.475927278718408786e+02,nan,nan,nan,4.975220779393508264e-01,5.201364141764027726e-01,5.038601277011138801e-01,5.908660050646541428e-01,3.873135968205229651e-01,-4.036731430615702609e-01,-4.488739276198512762e+00,3.818991634529600887e+00,-3.739294828234515755e+00,-1.181054260384553523e+01,-8.764863308273234566e+00,-4.501518069775855002e-01,-5.009627262119551716e+01,-8.927296640732233612e+00,-4.186882350733195368e-01,-5.092063260271039837e+01,1.532599889944315577e-02,-3.265839240332375944e-03,-6.674299084017889724e-03,-8.240558454924690190e-03,-4.650818166463972086e-05,9.476777447518455744e-02,-8.677971169995288931e-04,2.830739833500982538e-05,-7.742409121335374700e-05,-3.373840817839285355e-01,7.537373143656975194e-02,-5.447076846656985438e+00,4.312588652779409393e-01,4.792418758017678027e-01,6.646565984092411838e-01,7.296667223921414758e-01,5.280961562203804194e-01,3.219577056324418596e-02,-5.481010680029610449e-02,-3.853382032500718424e-02
5.739999999999781721e+00,8.500000000000000000e+01,-6.306460235194455421e+00,1.700932277126115499e+00,1.451012247143410434e+02,nan,nan,nan,5.122340103912883524e-01,5.201720872032011833e-01,4.789983479243806741e-01,5.603555615445166005e-01,4.024316497360139744e-01,-4.914757633384477797e-01,-4.621431769553719704e+00,3.575848451893470337e+00,-2.922523600448789338e+00,-1.006602489368546927e+01,-9.164118796092809660e+00,-5.788711437963990347e-01,-4.649959555987197035e+01,-9.322436654692712210e+00,-5.103291646692281747e-01,-4.734494619937451176e+01,1.549911345376436649e-02,-7.173421808685369674e-03,-7.358611881405172951e-03,-8.573089319094390551e-03,-8.440817168857417735e-06,9.769416586652855672e-02,-8.659134280252105999e-04,2.772884093211761751e-05,-7.835212996497894870e-05,-3.514101004870312517e-01,7.411386561959483477e-02,-5.068043472208573874e+00,4.364811965238029612e-01,4.818815885383395115e-01,6.526829380817174009e-01,7.187473351612814199e-01,5.179400017658466471e-01,3.670956840411154776e-02,-4.464764521602437863e-02,-3.473905937203869421e-03
5.750000000000000000e+00,8.500000000000000000e+01,-6.194859431578351838e+00,1.190456330223637949e+00,1.426518782175917579e+02,nan,nan,nan,5.269459428432259340e-01,5.202077602299995940e-01,4.541365681476474681e-01,5.298451180243790581e-01,3.971562224972699506e-01,-5.298819288241830572e-01,-4.713967696092070447e+00,3.581329339565624270e+00,-2.060083482493066498e+00,-7.793892671673140704e+00,-9.538905467407614580e+00,-6.371319514915166904e-01,-4.267430113806824465e+01,-9.698035657680870614e+00,-5.341767439575897392e-01,-4.353302272126528294e+01,1.541832701274660315e-02,-1.079923481736432336e-02,-8.083195103220299979e-03,-8.476768426135051701e-03,2.763305131222443256e-05,9.984251420507556096e-02,-8.503533470153410313e-04,2.555477511899570105e-05,-7.451560113796419583e-05,-3.652452507756525635e-01,7.247206519206633724e-02,-4.661885228975325646e+00,4.423155407622924029e-01,4.843533589029305753e-01,6.398780840736415509e-01,7.065644616439106240e-01,5.077838473113129858e-01,4.122336624497896507e-02,-3.448518363175262502e-02,3.158600845059955642e-02
5.760000000000218279e+00,8.500000000000000000e+01,-5.924231434704072541e+00,5.734586730064996640e-01,1.398999625328326886e+02,nan,nan,nan,5.416578752951635156e-01,5.202434332567978936e-01,4.292747883709142620e-01,4.993346745042414048e-01,3.728132069995968023e-01,-5.221031737232907366e-01,-4.768957854268910168e+00,4.117859027427259733e+00,-1.384876296116287486e+00,-5.331672811118056465e+00,-9.899557880985023317e+00,-6.263488224430764362e-01,-3.865072010856285090e+01,-1.006380024491449632e+01,-4.914173749203923913e-01,-3.951584483538644577e+01,1.508734809957877794e-02,-1.416683117652032219e-02,-8.839938727021320192e-03,-7.977986349887665127e-03,6.108431749696844042e-05,1.012751208358560473e-01,-8.224720902685125901e-04,2.214962907678111228e-05,-6.672167358191664378e-05,-3.792650773827283550e-01,7.047977672236060975e-02,-4.231931080163298553e+00,4.487224274303149296e-01,4.866680180054508975e-01,6.262956425714949482e-01,6.931995878800172317e-01,4.976276928567793245e-01,4.573716408584638238e-02,-2.432272204748076039e-02,6.664592283840292675e-02
5.770000000000436557e+00,8.500000000000000000e+01,-5.615176935382724999e+00,-4.200158725354617012e-02,1.371354987886598735e+02,nan,nan,nan,5.563698077471009862e-01,5.202791062835963043e-01,4.044130085941810560e-01,4.688242309841038069e-01,4.098272371086314481e-01,-5.313854942260520797e-01,-4.824552946234327955e+00,4.671301182494584481e+00,-7.756814343732441053e-01,-3.304453065542013679e+00,-1.031946678441512333e+01,-8.096271724357316790e-01,-3.440694754412548662e+01,-1.044966421827773928e+01,-6.443535308012189322e-01,-3.528146004541928704e+01,1.457034379678112321e-02,-1.737384069290911354e-02,-9.370088598500596680e-03,-8.800037156644948885e-03,1.010751520894626775e-04,1.028101321269273422e-01,-7.865930533924002377e-04,2.217315303923589207e-05,-6.926025134572637472e-05,-3.938586000825813893e-01,6.816733012833485483e-02,-3.781359049420930596e+00,4.556649315403925593e-01,4.888356984248768966e-01,6.119857625371719623e-01,6.787289446291929762e-01,4.874715384022455522e-01,5.025096192671371642e-02,-1.416026046320903453e-02,1.017058372262062693e-01
5.779999999999745341e+00,8.500000000000000000e+01,-5.284270133843053330e+00,-6.421190183792783168e-01,1.344095098020725061e+02,nan,nan,nan,5.710817401977005270e-01,5.203147793103914953e-01,3.795512288197090411e-01,4.383137874667411005e-01,4.638357036667439814e-01,-5.453933252588241132e-01,-4.880315590408559778e+00,4.545680482263059652e+00,-1.051784203420693259e-01,-1.487045780071866163e+00,-1.078035496815583905e+01,-1.050878983698920743e+00,-2.998935635534213517e+01,-1.086236032668711537e+01,-8.572511310439363541e-01,-3.087483277511636004e+01,1.388624970453487990e-02,-2.037781268171927687e-02,-9.837647234217978057e-03,-1.000275999619083117e-02,1.452681612110744841e-04,1.044523028092198269e-01,-7.444783824422061824e-04,2.245458699739605934e-05,-7.326621191410497003e-05,-4.094213324700332057e-01,6.556386650261816773e-02,-3.313194495581934795e+00,4.631085095087312253e-01,4.908658792596173326e-01,5.969953586749626728e-01,6.632238462996890016e-01,4.773153839486355965e-01,5.476475976717054550e-02,-3.997798879861513832e-03,1.367657516108209959e-01
5.789999999999963620e+00,8.500000000000000000e+01,-4.931393932879364783e+00,-1.226956655344590086e+00,1.317318360302568294e+02,nan,nan,nan,5.857936726496379976e-01,5.203504523371897950e-01,3.546894490429758351e-01,4.078033439466035026e-01,5.225790297281209806e-01,-5.541686972310226889e-01,-4.888660375285736492e+00,3.885801765435142219e+00,4.052027175801138914e-01,7.708165089042240403e-01,-1.128409510511178837e+01,-1.286062948142087548e+00,-2.543957895512483347e+01,-1.130757082318312712e+01,-1.075698119998127700e+00,-2.632945604415634477e+01,1.291879434605413234e-02,-2.216988239160852178e-02,-1.010545995716302138e-02,-1.132958705844070574e-02,1.907399842614059037e-04,1.051930336381394215e-01,-6.906008278720177735e-04,2.211485505333459254e-05,-7.632947317420162373e-05,-4.263496046728979527e-01,6.269729055323186584e-02,-2.830310154964494451e+00,4.710208455715760856e-01,4.927674282724455734e-01,5.813683200181394284e-01,6.467510080181997356e-01,4.671592294941018242e-01,5.927855760803793506e-02,6.164662704410267535e-03,1.718256659986242274e-01
5.800000000000181899e+00,8.500000000000000000e+01,-4.556422757798897827e+00,-1.796567880812692808e+00,1.291111383935862591e+02,nan,nan,nan,5.968229661968583732e-01,5.296295597159781376e-01,3.446427642120986623e-01,3.891688994543528457e-01,5.839034102256841496e-01,-5.600917645723356708e-01,-4.871156858613778340e+00,3.353148305386922878e+00,9.259451112128801453e-01,3.479806844269888622e+00,-1.166119242901965514e+01,-1.507177723692458393e+00,-2.093735102629469580e+01,-1.162165677841556821e+01,-1.293250087293981609e+00,-2.182885421159369344e+01,1.185312406459244731e-02,-2.258112467354853048e-02,-1.014316186659421602e-02,-1.272984938612170026e-02,2.312200265835558848e-04,1.054067499057383950e-01,-6.366252356272417146e-04,2.100561930062056791e-05,-7.872723700538543064e-05,-4.383263944018107594e-01,5.982324129833304499e-02,-2.352260484916516958e+00,4.791342036201166610e-01,4.951447782673997766e-01,5.661011752041418266e-01,6.301387612350041190e-01,4.650660473948219353e-01,5.585977086156720950e-02,1.133363561931302610e-02,1.963204311231924737e-01
5.810000000000400178e+00,8.500000000000000000e+01,-4.052854053904873410e+00,-2.272730373773835133e+00,1.263978521423477588e+02,nan,nan,nan,6.069567796722583619e-01,5.411563246771550206e-01,3.381985564715351833e-01,3.734222538306822825e-01,6.175687134309956194e-01,-5.320780160180589302e-01,-4.838585471373718860e+00,3.113799463084758301e+00,1.821784406603260686e+00,6.176515441150687735e+00,-1.185999238136961154e+01,-1.629362654296290902e+00,-1.654210119831932602e+01,-1.177231202039140356e+01,-1.414625810091002300e+00,-1.743190647857847253e+01,1.077092767704924958e-02,-2.269149386911880478e-02,-1.022196663230914675e-02,-1.354063353570793618e-02,2.599639503553474143e-04,1.053024036191381463e-01,-5.865339176089633989e-04,1.816906225414276392e-05,-7.685972639704524711e-05,-4.444612149125936051e-01,5.700857829634427276e-02,-1.882905781713803073e+00,4.873778669307445854e-01,4.981122016187225499e-01,5.514030482028863256e-01,6.135823396803464780e-01,4.649334786629077954e-01,5.051207617712522024e-02,1.528837881797812104e-02,2.182461470235980139e-01
5.819999999999708962e+00,8.500000000000000000e+01,-3.516167174021526787e+00,-2.714675092271614965e+00,1.236976170010783420e+02,nan,nan,nan,6.170905931467365324e-01,5.526830896372836310e-01,3.317543487315577355e-01,3.576756082084438515e-01,6.351702401645243912e-01,-4.843545201437177705e-01,-4.797263000284183398e+00,2.943932348996455506e+00,2.946516704355285121e+00,8.609964220178799366e+00,-1.191129757920391086e+01,-1.695029744246805414e+00,-1.223753298047641991e+01,-1.178408898378933323e+01,-1.479619521668304793e+00,-1.312353726129945208e+01,9.678764874902131068e-03,-2.277743642541317157e-02,-1.034819667632892043e-02,-1.400853025849072703e-02,2.793987223882237131e-04,1.050188349871776783e-01,-5.395410728442310167e-04,1.439234304522567627e-05,-7.288977677600648583e-05,-4.455124899082624212e-01,5.426025644806968529e-02,-1.421521154009597332e+00,4.957434317241822264e-01,5.016316427165414815e-01,5.372372413400963165e-01,5.970781430170193360e-01,4.648009099310054237e-01,4.516438149316950867e-02,1.924312201628339269e-02,2.401718629220092882e-01
5.829999999999927240e+00,8.500000000000000000e+01,-2.963636232001440440e+00,-3.134386698123589721e+00,1.210418377408677628e+02,nan,nan,nan,6.272244066221365211e-01,5.642098545984605140e-01,3.253101409909942565e-01,3.419289625847732328e-01,7.080967484671161216e-01,-4.475254896529841653e-01,-4.681319749233098015e+00,2.882293507414269040e+00,3.808979682929402255e+00,1.065519515094659830e+01,-1.188473516480574510e+01,-1.897098454348628893e+00,-7.997105403720135897e+00,-1.168222517513739156e+01,-1.680947974799445133e+00,-8.864905230160612604e+00,8.447892030642443692e-03,-2.286365025243482924e-02,-1.038056012553648794e-02,-1.571255865837940108e-02,2.916285723573251026e-04,1.031093694582834036e-01,-4.870359751458456111e-04,1.111129987329271054e-05,-7.473131489492300307e-05,-4.421602948424970814e-01,5.158473230317955904e-02,-9.674424679330702048e-01,5.042230362063334637e-01,5.056675002721366941e-01,5.235694236850757521e-01,5.806228031042319770e-01,4.646683411990911172e-01,3.981668680872749166e-02,2.319786521494851539e-02,2.620975788224148006e-01
5.840000000000145519e+00,8.500000000000000000e+01,-2.395140924544642669e+00,-3.531862846136869738e+00,1.184384267100454906e+02,nan,nan,nan,6.373582200975363987e-01,5.757366195596375080e-01,3.188659332504307775e-01,3.261823169611026696e-01,8.381017322680422987e-01,-4.219362184553501205e-01,-4.488390654900821453e+00,2.687191932327799737e+00,4.426413510180567279e+00,1.245321880577706253e+01,-1.179692394424578339e+01,-2.215878366743490258e+00,-3.817838693910119652e+00,-1.148298521950252216e+01,-1.999080105128705487e+00,-4.651986301743799679e+00,7.129806260107810108e-03,-2.293161296725644560e-02,-1.035411893699234726e-02,-1.871680924368543733e-02,2.959509694809893138e-04,9.949614510156307157e-02,-4.299826166066285805e-04,7.138752874323855522e-06,-8.096025995835907626e-05,-4.350152250229309958e-01,4.898798889452285477e-02,-5.200615750689632222e-01,5.128093256138471778e-01,5.101864690311668227e-01,5.103674784123940489e-01,5.642131690228406882e-01,4.645357724671768662e-01,3.446899212428539139e-02,2.715260841361349931e-02,2.840232947228202298e-01
5.850000000000363798e+00,8.500000000000000000e+01,-1.810567199830594109e+00,-3.907095799376095968e+00,1.158941303239898843e+02,nan,nan,nan,6.474920335729363874e-01,5.872633845208143910e-01,3.124217255098672430e-01,3.104356713374321064e-01,8.774052263148860442e-01,-3.616559687185876837e-01,-4.352237901145746157e+00,2.176990298064864771e+00,4.958461021594035678e+00,1.444644925162342552e+01,-1.156103629908652763e+01,-2.277676770787434357e+00,2.687551150622413676e-01,-1.119158362026884213e+01,-2.060520164161635304e+00,-5.418037049930963800e-01,5.966890964400946989e-03,-2.295827651173128897e-02,-1.051126404184901837e-02,-1.972743364805532723e-02,2.913556494383299686e-04,9.713075481234406672e-02,-3.814129636854901584e-04,9.950185377862473341e-07,-7.697501600886312698e-05,-4.246262064580770823e-01,4.647556075487513372e-02,-7.882189702771214002e-02,5.214954195142349480e-01,5.151573916955574095e-01,4.976013600075236964e-01,5.478462930659770969e-01,4.644032037352625042e-01,2.912129743984342989e-02,3.110735161227856649e-02,3.059490106232257145e-01
5.859999999999672582e+00,8.500000000000000000e+01,-1.177798551990614229e+00,-4.086071110114998461e+00,1.136280863414069557e+02,nan,nan,nan,6.576258470474145579e-01,5.987901494809430014e-01,3.059775177698898507e-01,2.946890257151936199e-01,8.791921018957605805e-01,-2.870265808478096869e-01,-4.239569395709240851e+00,1.511691806459621867e+00,5.323759008585803087e+00,1.662162226462969628e+01,-1.122761821307319252e+01,-2.241286118033088748e+00,4.289276921983235624e+00,-1.082600992714715460e+01,-2.023836759993925760e+00,3.497885254665878740e+00,4.872673752589906301e-03,-2.297107621410791542e-02,-1.072912256557365628e-02,-1.990992557466042187e-02,2.802778385823715660e-04,9.529438440432470847e-02,-3.355601584670332704e-04,-5.683673399070208933e-06,-6.920289498967679010e-05,-4.114873788042990865e-01,4.405255882548225754e-02,3.567856587497137966e-01,5.302748812147846103e-01,5.205511203952574162e-01,4.852429606817930674e-01,5.315194176333682963e-01,4.642706350033602991e-01,2.377360275588766281e-02,3.506209481058389366e-02,3.278747265216371276e-01
5.869999999999890861e+00,8.500000000000000000e+01,-5.340365657634715824e-01,-4.209684613272861142e+00,1.114389403223481452e+02,nan,nan,nan,6.677596605228145465e-01,6.103169144421199954e-01,2.995333100293263162e-01,2.789423800915230567e-01,8.762986328609722042e-01,-2.409820892813287208e-01,-4.032355003115507763e+00,7.605723679605356224e-01,5.699382964390766304e+00,1.853084526824741118e+01,-1.083964331216363597e+01,-2.136672468094436450e+00,8.256171312282841512e+00,-1.040723690120402445e+01,-1.918946713764067447e+00,7.503909025802222743e+00,3.727993058666933916e-03,-2.297681714203039446e-02,-1.095188879949354592e-02,-1.999675082074049010e-02,2.640049529623374885e-04,9.133088611058846895e-02,-2.829486837574904487e-04,-1.251898370919627532e-05,-6.074135181732259595e-05,-3.960441637469729326e-01,4.172369502280040554e-02,7.872264756484383952e-01,5.391416891446221271e-01,5.263403870943704765e-01,4.732659854024905410e-01,5.152299629705123785e-01,4.641380662714459371e-01,1.842590807144564580e-02,3.901683800924890533e-02,3.498004424220426123e-01
5.880000000000109139e+00,8.500000000000000000e+01,1.134232322517125108e-01,-4.312263120587205734e+00,1.092857673584932598e+02,nan,nan,nan,6.778934739982144242e-01,6.218436794032968784e-01,2.930891022887628372e-01,2.631957344678524935e-01,8.700849193543445104e-01,-2.152157720257876217e-01,-3.758069596546975255e+00,2.808427073944056926e-02,6.119404830033696285e+00,2.006209356429017276e+01,-1.040423136254177194e+01,-1.985268521707101552e+00,1.217482201938610942e+01,-9.943906020591226635e+00,-1.767272341839482674e+00,1.147621016429436835e+01,2.625354505826970903e-03,-2.297719488208952929e-02,-1.117539633287869746e-02,-2.001807890038932031e-02,2.430766277452714561e-04,8.581704906788273357e-02,-2.276663684549963703e-04,-1.943883920421682565e-05,-5.159710965129752345e-05,-3.786986181360449399e-01,3.949330627850224790e-02,1.212925719059035679e+00,5.480902100820745915e-01,5.324996823547798463e-01,4.616458349828804764e-01,4.989755156991456664e-01,4.640054975395316861e-01,1.307821338700360103e-02,4.297158120791394476e-02,3.717261583224479859e-01
5.890000000000327418e+00,8.500000000000000000e+01,7.646145749783681556e-01,-4.393798562642775352e+00,1.071722085455828619e+02,nan,nan,nan,6.880272874736144129e-01,6.333704443644738724e-01,2.866448945481993027e-01,2.474490888441818748e-01,8.538001661276198861e-01,-1.333978123932521576e-01,-3.499146816860050802e+00,-5.267582968019004497e-01,6.312653285080448207e+00,2.147829051017010116e+01,-9.909021706963805798e+00,-1.816346449779559835e+00,1.602527814813980456e+01,-9.429175750945475443e+00,-1.602437333894787708e+00,1.537712741366335578e+01,1.622480277933724358e-03,-2.251015454400489765e-02,-1.136121081590987271e-02,-1.981659332648928046e-02,2.093522941957311418e-04,8.060492006445230118e-02,-1.734902106301276998e-04,-2.616368175122040844e-05,-4.133458820614489132e-05,-3.598141589078865943e-01,3.736537790853329544e-02,1.634271562699214364e+00,5.571151741089188647e-01,5.390051419189431092e-01,4.503594967119456394e-01,4.827538180870447615e-01,4.638729288076173241e-01,7.730518702561556266e-03,4.692632440657898418e-02,3.936518742228536372e-01
5.899999999999636202e+00,8.500000000000000000e+01,1.419567810012935194e+00,-4.454284281664325995e+00,1.051013440328708839e+02,nan,nan,nan,6.964810067609067401e-01,6.441510727835566552e-01,2.793581689887609798e-01,2.345542440180327370e-01,8.289674108046006795e-01,-4.004868462793048645e-03,-3.253263382732099362e+00,-1.091291694457228845e+00,6.231706368193522749e+00,2.276492957195351607e+01,-9.395499182144190442e+00,-1.633455293097528127e+00,1.979142374883803157e+01,-8.903863805526055941e+00,-1.430471563870591600e+00,1.919067679097719648e+01,7.244047732383948612e-04,-2.131951011179883046e-02,-1.147239617171662285e-02,-1.942247675290480202e-02,1.653542719622837914e-04,7.564426257920464636e-02,-1.208081893628108858e-04,-3.246254416992901565e-05,-3.074329740763871163e-05,-3.407920292960261999e-01,3.540262165906069014e-02,2.048749010699224549e+00,5.661032968402246457e-01,5.457863200120590674e-01,4.393311055234810358e-01,4.667466792414659005e-01,4.636361231378142711e-01,3.763004503310921067e-03,4.856692947403916383e-02,4.133598332688347976e-01
5.909999999999854481e+00,8.500000000000000000e+01,1.982485063677202897e+00,-4.335065451137132264e+00,1.035349541568779870e+02,nan,nan,nan,7.038904904368171733e-01,6.544679519962067760e-01,2.715477899825240460e-01,2.234318902645738292e-01,8.056900709165467633e-01,9.471367079414004519e-02,-3.033103622344901940e+00,-2.129576104076653653e+00,6.159831439507089890e+00,2.372238095598513397e+01,-8.903286100878043285e+00,-1.471273324278913774e+00,2.350657963855236332e+01,-8.402398854753704072e+00,-1.281308389773600620e+00,2.294767164294478690e+01,-3.109964750731305491e-05,-1.991566949172278098e-02,-1.154264444671213377e-02,-1.906895092743954301e-02,1.264749813962351475e-04,7.123725416347378991e-02,-7.297380716655769409e-05,-3.857488298879057173e-05,-2.058875937483439981e-05,-3.223155243344439924e-01,3.363610266839012208e-02,2.455142767871932641e+00,5.749896083793010204e-01,5.527955261304008383e-01,4.285102536428533337e-01,4.510545749139504568e-01,4.633345306700304422e-01,6.533193613300902758e-04,4.876921907928030708e-02,4.316893810929630648e-01
5.920000000000072760e+00,8.500000000000000000e+01,2.518167964053301677e+00,-4.163167983851403520e+00,1.021065948145957094e+02,nan,nan,nan,7.112999741127276065e-01,6.647848312088568967e-01,2.637374109762870567e-01,2.123095365111149213e-01,7.831079528900213305e-01,1.797217143106874804e-01,-2.824441536425217780e+00,-3.262981285499957806e+00,6.081925417993081950e+00,2.474789753559605643e+01,-8.425400459308168166e+00,-1.322070189170423404e+00,2.716378454124369313e+01,-7.917637731214280272e+00,-1.144271275122777043e+00,2.664448936668495094e+01,-6.716743936556021817e-04,-1.860282640573509769e-02,-1.159995662977257938e-02,-1.873628517482422290e-02,8.939237438057162915e-05,6.705522082913133175e-02,-2.824536866058505248e-05,-4.449549021211974414e-05,-1.066263125720345178e-05,-3.042870460854013026e-01,3.205653724976383068e-02,2.854106912878331848e+00,5.837806748368925547e-01,5.600180540591244149e-01,4.178835562343755639e-01,4.356571875786093839e-01,4.630329382022466689e-01,-2.456365780650712760e-03,4.897150868452142258e-02,4.500189289170912765e-01
5.930000000000291038e+00,8.500000000000000000e+01,3.050098084918484442e+00,-3.979631607872335053e+00,1.006984391301368476e+02,nan,nan,nan,7.187094577886381508e-01,6.751017104215070175e-01,2.559270319700501228e-01,2.011871827576560134e-01,7.436520773048134192e-01,2.310377726826472466e-01,-2.546492224730642739e+00,-3.985565393474989726e+00,5.795791839615516139e+00,2.594686856551561860e+01,-7.951290146685044746e+00,-1.115497268737681846e+00,3.076177847747703709e+01,-7.451055585394943392e+00,-9.489347417084623704e-01,3.029798388530163678e+01,-1.161038065620139401e-03,-1.739107298818969027e-02,-1.163924175450591764e-02,-1.799954176148858137e-02,5.503855957795581442e-05,6.115889606393254407e-02,1.253899635840841076e-05,-4.908658913507278165e-05,-7.917579773173561511e-07,-2.866203259826906602e-01,3.065541029663023526e-02,3.246240367301358454e+00,5.924826388554650380e-01,5.674401460315197099e-01,4.074384916907692333e-01,4.205355100480549502e-01,4.627313457344628400e-01,-5.566050922631488040e-03,4.917379828976262135e-02,4.683484767412195438e-01
5.939999999999599822e+00,8.500000000000000000e+01,3.578315317515774918e+00,-3.784462387773311676e+00,9.931134896822948122e+01,nan,nan,nan,7.261189414638746786e-01,6.854185896332188888e-01,2.481166529645235652e-01,1.900648290052086575e-01,6.962701980279379921e-01,2.665279074032471662e-01,-2.235997061574744205e+00,-4.516248703172183632e+00,5.458908838674592090e+00,2.670862608688368312e+01,-7.480171608858178445e+00,-8.958652131431674714e-01,3.430347441090537330e+01,-6.996507888003202780e+00,-7.396876531555114376e-01,3.390335305981698610e+01,-1.498895541829448367e-03,-1.627174033192167746e-02,-1.165751867962408830e-02,-1.706249560778210286e-02,2.310760044316306281e-05,5.436948149363349941e-02,4.765101258649463982e-05,-5.254754639694798126e-05,8.574515914602613698e-06,-2.692393266818435271e-01,2.942490351362050255e-02,3.632091607483978635e+00,6.011012469199084052e-01,5.750489315606704954e-01,3.971633459610073302e-01,4.056717609657853885e-01,4.624297532667064337e-01,-8.675736064329558905e-03,4.937608789498534878e-02,4.866780245636805891e-01
5.949999999999818101e+00,8.500000000000000000e+01,4.102861438460529975e+00,-3.577666111591778719e+00,9.794606252213741016e+01,nan,nan,nan,7.335284251397852229e-01,6.957354688458690095e-01,2.403062739582866314e-01,1.789424752517497774e-01,6.383839523140277805e-01,3.290265201106246096e-01,-1.964566591850547717e+00,-4.855747269190037407e+00,5.342411215575153527e+00,2.696921695692256904e+01,-7.003369132204557701e+00,-6.979667076452982233e-01,3.779235072133307938e+01,-6.545002392693091586e+00,-5.512744240385191175e-01,3.744795982593553418e+01,-1.774131384893927032e-03,-1.524546187778924762e-02,-1.165045821474329675e-02,-1.585188993833833854e-02,-1.126985460480813757e-05,4.840363485498451468e-02,8.060218828071543913e-05,-5.441386775708660054e-05,1.707834089468250605e-05,-2.520772437705256497e-01,2.835783111186466338e-02,4.012162958350591779e+00,6.096418749070635634e-01,5.828323702162869768e-01,3.870471604684392330e-01,3.910493057484594748e-01,4.621281607989226048e-01,-1.178542120631032031e-02,4.957837750022653367e-02,5.050075723878089118e-01
5.960000000000036380e+00,8.500000000000000000e+01,4.471500434443339778e+00,-3.274149840315137006e+00,9.715613054519592140e+01,nan,nan,nan,7.409379088156956561e-01,7.060523480585191303e-01,2.324958949520496976e-01,1.678201214982908418e-01,5.715134525644841590e-01,4.146251483090899193e-01,-1.726547668849897743e+00,-4.850990745847752805e+00,5.300163426195419802e+00,2.728793062323912366e+01,-6.522189727198888676e+00,-5.226008080093025310e-01,4.123673002339992166e+01,-6.096498156548205039e+00,-3.845274385040862719e-01,4.094122525907978627e+01,-2.014929564798813126e-03,-1.430920324019373940e-02,-1.161603972110783825e-02,-1.439264716035063701e-02,-4.784600253276132941e-05,4.314248690265840708e-02,1.129017728556509862e-04,-5.448906057480177949e-05,2.428681694683007745e-05,-2.350755983622472844e-01,2.744758212910592202e-02,4.386914508465043383e+00,6.181095519872221722e-01,5.907791980916697883e-01,3.770796833881082666e-01,3.766525826272335564e-01,4.618265683311388314e-01,-1.489510634829116498e-02,4.978066710546769080e-02,5.233371202119371235e-01
5.970000000000254659e+00,8.500000000000000000e+01,4.790114373750490095e+00,-2.940467679428867775e+00,9.654443399605837328e+01,nan,nan,nan,7.483473924916062003e-01,7.163692272711692510e-01,2.246855159458127360e-01,1.566977677448319617e-01,5.231980119904656723e-01,4.627383010532679641e-01,-1.465813649756974479e+00,-4.924216944765299253e+00,5.018635287205928996e+00,2.774423183125504977e+01,-6.058604241922128431e+00,-3.774214308715563293e-01,4.464218885142724247e+01,-5.657546347564002431e+00,-2.475501995474962413e-01,4.440209501090287603e+01,-2.113274016365785084e-03,-1.342422937110411725e-02,-1.157995014436875511e-02,-1.337511704701963011e-02,-7.583698256313099316e-05,3.718322230837425857e-02,1.366470398241059758e-04,-5.536603297330056783e-05,3.129557127117448743e-05,-2.181834124173907541e-01,2.668806863420876072e-02,4.756767681675757586e+00,6.265089829843212277e-01,5.988788777234228533e-01,3.672513240661581246e-01,3.624670334586550524e-01,4.615249758633550581e-01,-1.800479149027191250e-02,4.998295671070887569e-02,5.416666680360653352e-01
5.979999999999563443e+00,8.500000000000000000e+01,5.105480717711778915e+00,-2.603713526318489624e+00,9.593958623667940344e+01,nan,nan,nan,7.557568761668427282e-01,7.266861064828811223e-01,2.168751369402861506e-01,1.455754139923846058e-01,4.926814683040062759e-01,4.748935996080870803e-01,-1.183290228174252778e+00,-5.331222921948287841e+00,4.688793309829380362e+00,2.823791655104090381e+01,-5.609434600369112012e+00,-2.547363292908175758e-01,4.800679903658404157e+01,-5.225223082264723651e+00,-1.327456958329556180e-01,4.782891852101740682e+01,-2.057868631083106369e-03,-1.258140641872118777e-02,-1.155073335429401132e-02,-1.279795601728658805e-02,-9.397455671358718164e-05,3.050392023392878293e-02,1.489283129105765404e-04,-5.750656849924162746e-05,3.892934925371835928e-05,-2.013564593861528751e-01,2.607367916273442901e-02,5.122108497141363515e+00,6.348445692939734819e-01,6.071215512408740800e-01,3.575531103789610365e-01,3.484790389979001701e-01,4.612233833955986517e-01,-2.111447663196996949e-02,5.018524631593157537e-02,5.599962158585265470e-01
5.989999999999781721e+00,8.500000000000000000e+01,5.417641620954510628e+00,-2.263878372692587515e+00,9.534162892094852282e+01,nan,nan,nan,7.631663598427531614e-01,7.370029856955312431e-01,2.090647579340492168e-01,1.344530602389256979e-01,4.146441812081560485e-01,5.035941241357058118e-01,-8.697058891641273881e-01,-5.616688130274346769e+00,4.430071129463183155e+00,2.891829352963075195e+01,-5.126137710512476353e+00,-1.069823713241652707e-01,5.133432248745131687e+01,-4.794082757355178970e+00,8.624384522779105292e-03,5.122733155279147610e+01,-1.906488022148701295e-03,-1.190257489799743940e-02,-1.142898510424386962e-02,-1.095580496542547522e-02,-1.108784429081739677e-04,2.281065082812180206e-02,1.518521401624176785e-04,-5.311095008678277767e-05,4.164424362607510030e-05,-1.845565834400810790e-01,2.559923680682592295e-02,5.483290546407813437e+00,6.431204284526056414e-01,6.154979965372732176e-01,3.479766488421008885e-01,3.346758583461749703e-01,4.609217909278148229e-01,-2.422416177395080028e-02,5.038753592117271862e-02,5.783257636826546477e-01
6.000000000000000000e+00,8.500000000000000000e+01,5.726639134189738911e+00,-1.920952595265547735e+00,9.475059672865141636e+01,nan,nan,nan,7.697074349393877579e-01,7.463534846098343056e-01,2.017837200419706767e-01,1.236746986676476867e-01,3.219683917247848082e-01,5.373913140882810024e-01,-5.465534062036235818e-01,-5.574852813765911463e+00,4.217931347932192487e+00,2.951825874567362717e+01,-4.629528323115628119e+00,1.151752199034277238e-02,5.461482474972848422e+01,-4.363305440189265916e+00,1.264727069547021687e-01,5.457915496470664607e+01,-1.671216630265690874e-03,-1.183070234439140972e-02,-1.083772697921425547e-02,-8.662554270717446117e-03,-1.227978842136747014e-04,1.460606119685065388e-02,1.432582358701315077e-04,-4.505573634052432243e-05,4.009134733490806097e-05,-1.677220066420183620e-01,2.525323918210378021e-02,5.838795620992458524e+00,6.512844061567604204e-01,6.239372614882319201e-01,3.385482260967224710e-01,3.210677573966817522e-01,4.603798345647100998e-01,-2.737753552238476884e-02,5.073148585193822113e-02,5.953012504198018640e-01
6.010000000000218279e+00,8.500000000000000000e+01,5.889524018495133184e+00,-1.574483810033401765e+00,9.479036709435210639e+01,nan,nan,nan,7.614133276655057347e-01,7.391951323826528863e-01,2.035455130847276806e-01,1.187728183731217302e-01,2.389593184433648210e-01,5.526636882299766906e-01,-2.611933209966779135e-01,-5.447363495537742573e+00,4.060362458819355425e+00,2.978301575263540357e+01,-4.123020851444959334e+00,7.870173424956816710e-02,5.756368704192814789e+01,-3.918939156866124485e+00,1.977416202422447311e-01,5.758898055541522609e+01,-1.384538672464925369e-03,-1.226364473771676504e-02,-9.864232691366145445e-03,-6.551026951797808695e-03,-1.250165357614417593e-04,7.127178896712743628e-03,1.237011050936802185e-04,-3.623921784548361227e-05,3.649186715208359858e-05,-1.503550766918497206e-01,2.491429440087691849e-02,6.157444252439394639e+00,6.583869523400757151e-01,6.313705890810497046e-01,3.298414941056676541e-01,3.080211468662072960e-01,4.557316978765020288e-01,-3.127724971437655099e-02,5.349544499722939939e-02,5.891450642951545635e-01
6.020000000000436557e+00,8.500000000000000000e+01,6.002830054058695630e+00,-1.227965142076191674e+00,9.505441865179817285e+01,nan,nan,nan,7.531192203916236005e-01,7.320367801554714671e-01,2.053073061274846844e-01,1.138709380785957737e-01,1.616568053617126188e-01,5.570002932432630560e-01,1.856748237034133719e-03,-5.396970032912546067e+00,3.728959160069088785e+00,3.001794993329435357e+01,-3.605185351893259948e+00,1.127874218083309010e-01,6.019053476821585491e+01,-3.462321637053035861e+00,2.356876541220069565e-01,6.027415817586088309e+01,-1.040840188795277062e-03,-1.268327628264992284e-02,-8.937061788800276449e-03,-4.518314636051234956e-03,-1.181570916491571767e-04,-2.128073656527795364e-05,9.059975752311592205e-05,-2.639440900317401595e-05,2.995892814563589593e-05,-1.325287039114029508e-01,2.457956349014180433e-02,6.441360339896780474e+00,6.644965219215129837e-01,6.378628552488223580e-01,3.218099088563153853e-01,2.954998145447533253e-01,4.510835611882939022e-01,-3.517696390636838866e-02,5.625940414252052213e-02,5.829888781705073741e-01
6.029999999999745341e+00,8.500000000000000000e+01,6.117917684037164072e+00,-8.820254094592325789e-01,9.532092049877610407e+01,nan,nan,nan,7.448251131184958629e-01,7.248784279289411936e-01,2.070690991700814276e-01,1.089690577845156411e-01,1.280025660965928291e-01,5.895252101221669649e-01,2.984837391772536819e-01,-5.413500537855340689e+00,3.080058089648085584e+00,3.038305925898566784e+01,-3.107853411342302863e+00,1.314677551775807196e-01,6.248177144894978596e+01,-2.997269383847956714e+00,2.573726153128469418e-01,6.263626800820277651e+01,-6.202618629637681423e-04,-1.301307716365636760e-02,-8.121792221478643659e-03,-3.649288261195677598e-03,-1.059822103115012491e-04,-8.402148003776371485e-03,3.660094881734674146e-05,-2.237927501529917275e-05,2.850450566934583648e-05,-1.143087682309295583e-01,2.424670228010491341e-02,6.692596483003981689e+00,6.696771549559691339e-01,6.434747518801635646e-01,3.144099280997368351e-01,2.834698836569516378e-01,4.464354245005085486e-01,-3.907667809800555864e-02,5.902336328756022793e-02,5.768326920464199592e-01
6.039999999999963620e+00,8.500000000000000000e+01,6.234799366781480501e+00,-5.366518094350242185e-01,9.558987973903199986e+01,nan,nan,nan,7.365310058446137287e-01,7.177200757017597743e-01,2.088308922128384315e-01,1.040671774899896845e-01,1.405852956310457147e-01,6.519102333174195962e-01,6.306790343874582039e-01,-5.625772314645754335e+00,2.270899443024536168e+00,3.058057352444692611e+01,-2.638264779077229338e+00,1.594025085107897699e-01,6.445248263142870826e+01,-2.527262423143902481e+00,2.872930172141470728e-01,6.469175930764997418e+01,-1.132621798853651086e-04,-1.323731174158705899e-02,-7.436822349023804700e-03,-4.089974439211409123e-03,-8.517992668676221653e-05,-1.814777325474396449e-02,-4.572538432664457878e-05,-2.620092474276184379e-05,3.727564474760667462e-05,-9.575498986253186406e-02,2.391379559534068805e-02,6.913129143138236010e+00,6.739887613620244577e-01,6.482630566607221478e-01,3.076008177579357405e-01,2.718996622427574672e-01,4.417872878123003666e-01,-4.297639228999739630e-02,6.178732243285135067e-02,5.706765059217726588e-01
6.050000000000181899e+00,8.500000000000000000e+01,6.353487902933547815e+00,-1.918316668138763115e-01,9.586130318077277934e+01,nan,nan,nan,7.282368985707317055e-01,7.105617234745783550e-01,2.105926852555954076e-01,9.916529719546372801e-02,6.491719787158516108e-02,7.162776719883140464e-01,9.401803153969069404e-01,-5.750534058565640372e+00,1.648648969610804871e+00,3.058584542070245860e+01,-2.094768120527016553e+00,1.347569564348091720e-01,6.619485015412770679e+01,-2.051647206322488870e+00,2.659574501921649348e-01,6.651542209675351103e+01,4.299469138125267941e-04,-1.362934216745430305e-02,-6.620887142310131340e-03,-1.927958841481813498e-03,-5.198502257703803555e-05,-2.762656663938090063e-02,-1.525757960540621958e-04,-1.284821810008351500e-05,2.032342581509550999e-05,-7.692168356955952913e-02,2.357929959826117819e-02,7.104855374626313669e+00,6.774873872870325053e-01,6.522808855120584282e-01,3.013444708164075281e-01,2.607595022522083417e-01,4.371391511240923511e-01,-4.687610648198916458e-02,6.455128157814252199e-02,5.645203197971254694e-01
6.060000000000400178e+00,8.500000000000000000e+01,6.336475045582106169e+00,1.674555166839455100e-01,9.675035221639431882e+01,nan,nan,nan,7.199427912968495713e-01,7.034033712473969358e-01,2.123544782983524115e-01,9.426341690093777148e-02,-2.962659273492410095e-02,7.810691232918473004e-01,1.244827644838361946e+00,-5.401455642348863329e+00,1.164739372791730121e+00,3.050256587759152893e+01,-1.529182912419201124e+00,6.383553783498900625e-02,6.769727642508182441e+01,-1.572311231046774616e+00,1.984753252392215117e-01,6.810144950515945084e+01,1.045348073819854073e-03,-1.405676961508571694e-02,-5.786637295069993470e-03,8.985285777509424655e-04,-2.592425410832474575e-06,-3.735563077204781535e-02,-2.930055004200328764e-04,6.207110782631606823e-06,-1.086812079029549549e-05,-5.785841208467137897e-02,2.324199129207760173e-02,7.269590862487453009e+00,6.802254642933263096e-01,6.555779287498085806e-01,2.956052378969043493e-01,2.500216677274718080e-01,4.324910144358841690e-01,-5.077582067398100224e-02,6.731524072343364473e-02,5.583641336724781690e-01
6.069999999999708962e+00,8.500000000000000000e+01,6.268719208787810970e+00,5.341924570980803866e-01,9.791385139376961888e+01,nan,nan,nan,7.116486840237218336e-01,6.962450190208666623e-01,2.141162713409491825e-01,8.936153660685763889e-02,-6.658182254081179696e-02,8.223876006519353909e-01,1.573115255280743918e+00,-5.032544384938348436e+00,6.592015685017136306e-01,3.012185947163851196e+01,-1.000046814616970758e+00,1.403533081574592778e-02,6.892763070095554667e+01,-1.089562564826730195e+00,1.506777720341071769e-01,6.942737713807268563e+01,1.853251411559544027e-03,-1.435275042503737601e-02,-5.101452929904606685e-03,2.062851723139950359e-03,7.583920552417453269e-05,-4.822752871148480724e-02,-4.896081008673773766e-04,1.472740715527291108e-05,-2.842171708058697122e-05,-3.861055219165995811e-02,2.290092431152204386e-02,7.409069040856276267e+00,6.822520424737534839e-01,6.582006720113804388e-01,2.903497687570530950e-01,2.396602114862877997e-01,4.278428777480988154e-01,-5.467553486561818610e-02,7.007919986847335747e-02,5.522079475483907540e-01
6.079999999999927240e+00,8.500000000000000000e+01,6.210008625528182336e+00,9.022628963243535249e-01,9.909059245880007438e+01,nan,nan,nan,7.033545767498396994e-01,6.890866667936852430e-01,2.158780643837061586e-01,8.445965631233168236e-02,-7.911399139412692016e-02,8.537512907210571544e-01,1.911428607265483803e+00,-5.045022130149225958e+00,2.531884062150044912e-01,2.956224232190235668e+01,-4.848505664938339565e-01,-2.092127391659570623e-02,6.991711653018589345e+01,-6.041282915367008899e-01,1.168675050979453428e-01,7.052055346570300287e+01,2.805468252355836946e-03,-1.458317055650103222e-02,-4.504558315648176520e-03,2.504831601967244612e-03,1.829028937077446955e-04,-5.988471950762415397e-02,-7.445722416016182545e-04,1.843376065071724950e-05,-3.905138208094299118e-05,-1.921978520485065345e-02,2.255539023566597787e-02,7.524941098772871761e+00,6.836130085326919126e-01,6.601926029351889991e-01,2.855468640121819335e-01,2.296508597583526157e-01,4.231947410598906889e-01,-5.857524905761000988e-02,7.284315901376446634e-02,5.460517614237435646e-01
6.090000000000145519e+00,8.500000000000000000e+01,6.160338355081524497e+00,1.271682348959691788e+00,1.002802883987896791e+02,nan,nan,nan,6.950604694759575652e-01,6.819283145665038237e-01,2.176398574264631625e-01,7.955777601780572583e-02,-1.151727819344445375e-01,8.619231270106439968e-01,2.240986832219749481e+00,-4.996173822743328330e+00,-4.634365830036903805e-02,2.911248884899541522e+01,5.777097263852430664e-02,-9.470468799203103638e-02,7.071155126269452751e+01,-1.135571940309867134e-01,4.337546464490068393e-02,7.141906051595542237e+01,3.891076473281024871e-03,-1.476258557547081331e-02,-3.698235638684427198e-03,3.727734083542413347e-03,3.221234039869236721e-04,-7.177642069190526275e-02,-1.060689657730124564e-03,2.821587240552746444e-05,-6.536517284212846281e-05,2.754779646488847433e-04,2.220488475042524390e-02,7.618776708233047756e+00,6.843512898026559155e-01,6.615944045107758908e-01,2.811673364199911429e-01,2.199709042620228705e-01,4.185466043716825624e-01,-6.247496324960184755e-02,7.560711815905558908e-02,5.398955752990963752e-01
6.100000000000363798e+00,8.500000000000000000e+01,6.119705598737621877e+00,1.642466671243911769e+00,1.014826013231721902e+02,nan,nan,nan,6.840079721650913491e-01,6.714643121911072488e-01,2.258224360141076748e-01,8.254938594180394329e-02,-1.692640775973534295e-01,8.523190485239544589e-01,2.563834494343263604e+00,-4.610128506734119114e+00,-4.245600042980627320e-01,2.863164904232980845e+01,6.191108182905917801e-01,-2.097374519216134159e-01,7.123899136450519620e+01,3.772177052943184172e-01,-7.556954842007085338e-02,7.204449638843031778e+01,5.101987817686219617e-03,-1.453964513257692201e-02,-2.027856504830734697e-03,5.594808523366608458e-03,4.923522020088902384e-04,-8.386573677004530158e-02,-1.437581639084593898e-03,4.339132872390645150e-05,-1.093339631482331299e-04,1.966839898101435669e-02,2.183498451394662657e-02,7.682579643029598948e+00,6.843291482131175218e-01,6.622309446145401290e-01,2.775979769296909039e-01,2.111081762240191728e-01,4.159610265780275817e-01,-6.536469504915981554e-02,7.790835502314391592e-02,5.235502312001434344e-01
6.109999999999672582e+00,8.500000000000000000e+01,5.995180316197335380e+00,1.879018986598610885e+00,1.031933412397291221e+02,nan,nan,nan,6.626903047580887662e-01,6.486985466149031154e-01,2.578995526800395011e-01,1.149161091261136358e-01,-2.448886788807370374e-01,8.153500467901858562e-01,2.859969022651990489e+00,-4.612229032584659549e+00,-1.051045950358641123e+00,2.780610775203634688e+01,1.195482103635326698e+00,-3.821785664785936065e-01,7.120147776458243527e+01,8.617229506186249166e-01,-2.547107930349013505e-01,7.208952041085674978e+01,6.391932913048078459e-03,-1.404216987901648478e-02,2.913044026704756186e-04,8.212535040123270999e-03,6.730100568080717377e-04,-9.493168001020534097e-02,-1.828793531319077058e-03,6.459062104247581765e-05,-1.750070695714876768e-04,3.856533571202702682e-02,2.138351773293699701e-02,7.683724793336766723e+00,6.829335939582739101e-01,6.613581994677913967e-01,2.763275661597045518e-01,2.049044598008342988e-01,4.210511282947862477e-01,-6.449584270537010722e-02,7.848760084855575803e-02,4.692865947834194418e-01
6.119999999999890861e+00,8.500000000000000000e+01,5.834915546012665821e+00,2.054537276557318215e+00,1.051829364150624713e+02,nan,nan,nan,6.413726373491472899e-01,6.259327810366284162e-01,2.899766693488887714e-01,1.472828323133670569e-01,-3.481315509580393819e-01,7.432832354795327889e-01,3.121841716075214990e+00,-4.926898480305398564e+00,-1.842212611598727179e+00,2.678176786694739775e+01,1.808695253569191363e+00,-6.352459410809083717e-01,7.064208548236838681e+01,1.356757979981493722e+00,-5.135242274111039285e-01,7.159882928171589356e+01,7.738066523785338928e-03,-1.364922285169918245e-02,2.579287885221387931e-03,1.176608865765221661e-02,8.514580201885845606e-04,-1.044618183074902257e-01,-2.204843943770698044e-03,9.294604435419097518e-05,-2.680023698926646070e-04,5.748691652879855951e-02,2.083704961058393049e-02,7.627428472439905960e+00,6.802532025615812827e-01,6.590735074266492743e-01,2.772078379759896349e-01,2.011882673167825486e-01,4.261412300120078767e-01,-6.362699036150142040e-02,7.906684667402029409e-02,4.150229583617599527e-01
6.130000000000109139e+00,8.500000000000000000e+01,5.684876955621339434e+00,2.236683360542531140e+00,1.072097656986966001e+02,nan,nan,nan,6.200549699402058135e-01,6.031670154583537169e-01,3.220537860177379863e-01,1.796495555006204781e-01,-3.611491863171810701e-01,6.889433560650636279e-01,3.404808032204293955e+00,-4.722679862162515008e+00,-2.450347638878287881e+00,2.549209385254903992e+01,2.352896899862205515e+00,-7.280425279810548433e-01,6.953969904086359577e+01,1.861251767149289860e+00,-6.134627334975522039e-01,7.056910748548607160e+01,9.169437907176157879e-03,-1.307724003616300180e-02,4.480844113834828168e-03,1.222092931247514142e-02,1.021780159288359540e-03,-1.140975436255064479e-01,-2.571113605611080686e-03,9.608564779126744452e-05,-2.921613042044158182e-04,7.685855301276059426e-02,2.018855910827776351e-02,7.518143763475009678e+00,6.763708370440607576e-01,6.554679292033083193e-01,2.801000883743174352e-01,1.997991708532231570e-01,4.312313317292295056e-01,-6.275813801763270583e-02,7.964609249948480241e-02,3.607593219401005746e-01
6.140000000000327418e+00,8.500000000000000000e+01,5.545062383210273005e+00,2.425461452054689548e+00,1.092715715334895918e+02,nan,nan,nan,5.987373025312644481e-01,5.804012498800790176e-01,3.541309026865872012e-01,2.120162786878738992e-01,-3.519618568753157817e-01,6.389661795162483449e-01,3.692965613734784824e+00,-4.274212645571038749e+00,-2.701023097430625963e+00,2.370446578218373901e+01,2.899645256902337653e+00,-7.741852511618243504e-01,6.797164943469047671e+01,2.387209971983611290e+00,-6.666954260275530508e-01,6.907002986366826747e+01,1.066604756259745788e-02,-1.248552087636288672e-02,6.193419148279213915e-03,1.185129038626119360e-02,1.174239923200543021e-03,-1.231738362656233515e-01,-2.902276299708471657e-03,9.192896885963302927e-05,-2.925101857466958053e-04,9.702465367874174573e-02,1.943625104153696645e-02,7.359669850851585871e+00,6.713640163406786598e-01,6.506266527300885727e-01,2.848745587898802167e-01,2.005870889716736272e-01,4.363214334464511346e-01,-6.188928567376393575e-02,8.022533832494936623e-02,3.064956855184411411e-01
6.149999999999636202e+00,8.500000000000000000e+01,5.415469972079914207e+00,2.620876273712789750e+00,1.113656569474992466e+02,nan,nan,nan,5.774196351242618652e-01,5.576354843038747733e-01,3.862080193525190275e-01,2.443830018721835917e-01,-4.211888856732481923e-01,5.997797292582525142e-01,3.927332932389017373e+00,-4.021236151728669661e+00,-2.824465946386988335e+00,2.167660894793602466e+01,3.540744416754471047e+00,-1.010052245598964449e+00,6.603043024212998091e+01,2.942256896285552870e+00,-9.074072246310734835e-01,6.717256178190393712e+01,1.200874526841438743e-02,-1.209963263979022159e-02,8.058821566982725393e-03,1.403449840610811010e-02,1.279487686327700994e-03,-1.296506127086441973e-01,-3.134263836986993582e-03,1.064739782203139647e-04,-3.523964101242262384e-04,1.182608888807764325e-01,1.858254671210035971e-02,7.155246356913481875e+00,6.653052599566928738e-01,6.446293719128494137e-01,2.914098591787444570e-01,2.034116194379201881e-01,4.414115351632098005e-01,-6.102043332997417191e-02,8.080458415036126385e-02,2.522320491017170374e-01
6.159999999999854481e+00,8.500000000000000000e+01,5.240310031052003659e+00,2.714160333548102599e+00,1.137431354617697536e+02,nan,nan,nan,5.561019677153203888e-01,5.348697187256000740e-01,4.182851360213682979e-01,2.767497250594370128e-01,-5.313900432033701327e-01,5.662317949245064819e-01,4.133593036981386248e+00,-3.834691836608990378e+00,-2.957518909139651431e+00,1.963435716640005069e+01,4.248288783789798018e+00,-1.371549174933100801e+00,6.371364602451951953e+01,3.531619115065008252e+00,-1.272422608287175017e+00,6.488330839356403601e+01,1.327731202550142854e-02,-1.181994997212967857e-02,9.978729712585478889e-03,1.743921810894635827e-02,1.345247534497060046e-03,-1.344226432837488105e-01,-3.283759308874434520e-03,1.282734541743891339e-04,-4.397117696274002946e-04,1.407847629990430505e-01,1.763322849858566313e-02,6.907634670855559378e+00,6.582624103955734274e-01,6.375506409569197119e-01,2.995924283072733951e-01,2.081414149815214720e-01,4.465016368804314295e-01,-6.015158098610548509e-02,8.138382997582579992e-02,1.979684126800575761e-01
6.170000000000072760e+00,8.500000000000000000e+01,5.041267916700275187e+00,2.755596656849601533e+00,1.163244612004787513e+02,nan,nan,nan,5.347843003063789125e-01,5.121039531473253748e-01,4.503622526902175127e-01,3.091164482466904340e-01,-5.668459798145508710e-01,5.295290890586225041e-01,4.340817044957593573e+00,-3.894159498197004687e+00,-3.305599432641261437e+00,1.775139458086931654e+01,4.930251082749935954e+00,-1.550241345901037793e+00,6.098778822404155875e+01,4.160710007981025527e+00,-1.455604362020345155e+00,6.218126048370889691e+01,1.458318864552912361e-02,-1.139154210881543165e-02,1.155377376269585768e-02,1.825175765856934529e-02,1.384720886827470925e-03,-1.385226570040358485e-01,-3.378357213947280700e-03,1.289966784652027030e-04,-4.568991685670424630e-04,1.647647171063768012e-01,1.659671706598704957e-02,6.619187999693239455e+00,6.502989347933234576e-01,6.294602058422815727e-01,3.093160288479829267e-01,2.146535993133248943e-01,4.515917385976530585e-01,-5.928272864223677052e-02,8.196307580129030823e-02,1.437047762583981425e-01
6.180000000000291038e+00,8.500000000000000000e+01,4.850053856373375716e+00,2.808809155825569448e+00,1.189648510711703011e+02,nan,nan,nan,5.134666328974375471e-01,4.893381875690506755e-01,4.824393693590667276e-01,3.414831714339438551e-01,-5.265332007473795262e-01,4.896284130173886862e-01,4.549018155155636123e+00,-4.164925587231463666e+00,-3.794044262189459005e+00,1.608631425690637329e+01,5.592825859217739115e+00,-1.512646597414275984e+00,5.787513135414975807e+01,4.832993887965871593e+00,-1.423377685888590038e+00,5.908976268089040218e+01,1.592239479226336546e-02,-1.082914344405415050e-02,1.276259294714751462e-02,1.658544797355831699e-02,1.400039842439986101e-03,-1.420393084517659887e-01,-3.422899949160384050e-03,1.115766783805384200e-04,-4.081983220775130131e-04,1.903279565925150296e-01,1.548346267516249354e-02,6.291911646505012889e+00,6.414742070989939426e-01,6.204233144203861183e-01,3.204812750389406384e-01,2.228332208065334774e-01,4.566818403148747429e-01,-5.841387629836800044e-02,8.254232162675487205e-02,8.944113983673887547e-02
6.189999999999599822e+00,8.500000000000000000e+01,4.666663599649147898e+00,2.873799474367907614e+00,1.216575862152510155e+02,nan,nan,nan,4.921489654904349087e-01,4.665724219928465422e-01,5.145164860249985539e-01,3.738498946182535199e-01,-5.885476473003797837e-01,4.364932453146055935e-01,4.721976944019979250e+00,-4.034052630206248935e+00,-4.002046554862324079e+00,1.434642401419742264e+01,6.387631099675462387e+00,-1.772665899239619813e+00,5.445732326942282953e+01,5.554998340236837251e+00,-1.686576368800786874e+00,5.567625278962368185e+01,1.717152420996607975e-02,-1.048573435478335897e-02,1.426702301224514260e-02,1.809986871366022279e-02,1.385322459326577453e-03,-1.439764964607830044e-01,-3.399772470946129006e-03,1.147358749581889277e-04,-4.343539894119768344e-04,2.175671731443782619e-01,1.430543453120184175e-02,5.927514825465038939e+00,6.318437720567758875e-01,6.105010065121578844e-01,3.329951908054576415e-01,2.325727414111480318e-01,4.617719420316334089e-01,-5.754502395457833375e-02,8.312156745216672804e-02,3.517750342001466080e-02
6.199999999999818101e+00,8.500000000000000000e+01,4.479774708383862603e+00,2.937207192987210558e+00,1.243916557038407262e+02,nan,nan,nan,4.708312980814934878e-01,4.438066564145718429e-01,5.465936026938478243e-01,4.062166178055069410e-01,-6.840194032886091069e-01,3.790308765115097400e-01,4.883412765848604842e+00,-3.764208071312825421e+00,-4.046541495810883404e+00,1.224390761564084329e+01,7.254402057276312377e+00,-2.140982937773360462e+00,5.071213858970137522e+01,6.325203746153107431e+00,-2.066640742558581767e+00,5.193075200958144677e+01,1.838987684565887223e-02,-9.231953749223203651e-03,1.559925847975202756e-02,2.051418716395625452e-02,1.351241658378068413e-03,-1.452326443570798875e-01,-3.336095344345284350e-03,1.211752755376090639e-04,-4.766918606453264973e-04,2.465463085940730048e-01,1.307569424951772474e-02,5.527455152381879344e+00,6.214595921625917230e-01,5.997503852961695303e-01,3.467707963805982674e-01,2.437715585306173272e-01,4.668620437488549824e-01,-5.667617161070961918e-02,8.370081327763126411e-02,-1.908613300164471727e-02
6.210000000000036380e+00,8.500000000000000000e+01,4.209607154170623922e+00,2.909378246735212059e+00,1.271609990732625874e+02,nan,nan,nan,4.553506749906540696e-01,4.314701538610446474e-01,5.710458519585067672e-01,4.360048475901227016e-01,-6.974939502234844824e-01,3.832116271051652090e-01,4.949223350151375378e+00,-3.884730063039035119e+00,-4.102110647580047065e+00,1.003359143738888015e+01,8.084783079373838888e+00,-2.200904430803449774e+00,4.682470837294728483e+01,7.137516443073672612e+00,-2.150610150645225538e+00,4.802124828214856223e+01,1.903156607242357037e-02,-6.625030551385863685e-03,1.623968964537608750e-02,2.039842484983007964e-02,1.264378299319778194e-03,-1.435375919157174107e-01,-3.170400655830350831e-03,1.111392754899742652e-04,-4.554098654192078569e-04,2.777493217805105385e-01,1.196202512761388587e-02,5.109511212751931097e+00,6.107467272810401804e-01,5.888974858113411592e-01,3.612349708970190587e-01,2.561692629193533799e-01,4.734678821000820603e-01,-5.558024161938729391e-02,7.946076274899677161e-02,-6.011493534846534814e-02
6.220000000000254659e+00,8.500000000000000000e+01,3.944639504927913709e+00,2.898403231302257410e+00,1.300009680505306733e+02,nan,nan,nan,4.417214221210727376e-01,4.224415629733249689e-01,5.930796764718955227e-01,4.649752412163681847e-01,-6.809782587235631013e-01,4.099381676094298044e-01,4.980059284622852189e+00,-4.038031720356269894e+00,-4.156977145996395784e+00,8.175264716181875002e+00,8.930618066902299645e+00,-2.144416039628001869e+00,4.282677557842131222e+01,7.994414395034514342e+00,-2.119822219183149059e+00,4.399467093729953859e+01,1.937309223349786488e-02,-3.823104025092801880e-03,1.663313710827714689e-02,1.943042045879220595e-02,1.159504967600670598e-03,-1.409143851240017009e-01,-2.967391956068876624e-03,9.659582844355707422e-05,-4.137155014332302705e-04,3.108965544856110430e-01,1.101532640672055544e-02,4.678813109838277029e+00,5.998457757453230510e-01,5.781622414881730787e-01,3.761873349639997532e-01,2.696357900031504662e-01,4.805544756956653396e-01,-5.441228805388978462e-02,7.369214720163755339e-02,-9.694596629693300049e-02
6.229999999999563443e+00,8.500000000000000000e+01,3.684858560453621923e+00,2.904281653573384414e+00,1.329018761044060852e+02,nan,nan,nan,4.280921692527309697e-01,4.134129720864264668e-01,6.151135009832802147e-01,4.939456348399787755e-01,-6.710884007299765530e-01,4.188609398474664181e-01,5.007467262304183819e+00,-3.832485368649952928e+00,-4.214814221755657897e+00,6.201613982505373102e+00,9.822875302377640949e+00,-2.107648079610599190e+00,3.869747483060219650e+01,8.894373599683364162e+00,-2.107047865567265532e+00,3.983761714232289819e+01,1.960598197114157837e-02,-1.204638993862933855e-03,1.700687390573477065e-02,1.869774795567464773e-02,1.058245732698064739e-03,-1.383614550633429363e-01,-2.762426125736818210e-03,8.374535370323318460e-05,-3.772185996371826464e-04,3.454791125775754090e-01,1.023510981005025175e-02,4.234841016815580339e+00,5.887688678309226376e-01,5.675370643906162416e-01,3.915964037654193763e-01,2.841022081837675239e-01,4.876410692906041344e-01,-5.324433448849846817e-02,6.792353165480297106e-02,-1.337769972420507769e-01
6.239999999999781721e+00,8.500000000000000000e+01,3.430250778534880141e+00,2.927013777283570484e+00,1.358523844631670840e+02,nan,nan,nan,4.144629163831496377e-01,4.043843811987067882e-01,6.371473254966689703e-01,5.229160284662243141e-01,-6.736059235812920098e-01,4.095578051423394150e-01,5.035255327101064715e+00,-3.638084878748194750e+00,-4.226602309157096116e+00,3.460562679571122402e+00,1.075264376271476330e+01,-2.111691555154498356e+00,3.443254778339906608e+01,9.824450689941345516e+00,-2.133477818953181337e+00,3.554688977325024979e+01,1.974461265060442963e-02,1.237259756990162062e-03,1.738810465945309081e-02,1.834678643312668417e-02,9.637926698372011047e-04,-1.360165739454064215e-01,-2.561909057195702402e-03,7.290942653848742148e-05,-3.486571439310930565e-04,3.809964750368416420e-01,9.621907500223330495e-03,3.777069064345411231e+00,5.775273514951233533e-01,5.570148559513886655e-01,4.074327230361329266e-01,2.995040314699005668e-01,4.947276628861874137e-01,-5.207638092300087562e-02,6.215491610744378059e-02,-1.706080281905184570e-01
6.250000000000000000e+00,8.500000000000000000e+01,3.170364848577734929e+00,2.955370685032971068e+00,1.388226871416659947e+02,nan,nan,nan,4.008336635135683057e-01,3.953557903109870542e-01,6.591811500100577259e-01,5.518864220924697417e-01,-7.790787854096072884e-01,3.130045405998807539e-01,5.094984373722743598e+00,-3.743170013442071564e+00,-4.120798474766685260e+00,5.628695999701877062e-01,1.179546550380984549e+01,-2.474659375038195996e+00,3.000981419571698439e+01,1.079321414840425675e+01,-2.516768123744279606e+00,3.110540753499702049e+01,1.998299253146753121e-02,3.425815540127440193e-03,1.813988641160499751e-02,2.077085402428371225e-02,8.974729149610852653e-04,-1.347454374815785505e-01,-2.389544364220873469e-03,7.185194784695469246e-05,-3.698015869497039607e-04,4.169602522847765669e-01,9.177046794888713346e-03,3.304973467308176538e+00,5.661318428313102391e-01,5.465889754112676080e-01,4.236687381052289814e-01,3.157809327660779930e-01,5.018142564817706930e-01,-5.090842735750333858e-02,5.638630056008464564e-02,-2.074390591389860816e-01
6.260000000000218279e+00,8.500000000000000000e+01,2.782538301314362972e+00,2.863358430501600438e+00,1.416314834032791907e+02,nan,nan,nan,3.872044106439870292e-01,3.863271994232673756e-01,6.812149745234464815e-01,5.808568157187152803e-01,-8.845516472379224560e-01,2.164512760574221484e-01,5.154713420344421593e+00,-3.554995823829452117e+00,-3.866144923826244195e+00,-1.909431680222764438e+00,1.283257281665036587e+01,-2.845283449300192835e+00,2.543334942116842612e+01,1.176199476449660430e+01,-2.906694829198345431e+00,2.651233500741352600e+01,2.008019836427769877e-02,5.507109349088687260e-03,1.884347217394387319e-02,2.311841123084206959e-02,8.348560050407773971e-04,-1.336620183617062418e-01,-2.218889596810698448e-03,6.790540394872216325e-05,-3.836140824879772271e-04,4.528970851771134676e-01,8.902461641564862402e-03,2.818038981171272273e+00,5.545922732689989587e-01,5.362532102936140577e-01,4.402786713855995626e-01,3.328764756530995794e-01,5.089008500773539723e-01,-4.974047379200574603e-02,5.061768501272545517e-02,-2.442700900874536507e-01
6.270000000000436557e+00,8.500000000000000000e+01,2.395570034050884534e+00,2.794728512838109413e+00,1.445051629178924202e+02,nan,nan,nan,3.735751577744056973e-01,3.772986085355476971e-01,7.032487990368352371e-01,6.098272093449607079e-01,-9.186843716627287604e-01,1.415680397535995505e-01,5.131024522642009700e+00,-2.905647855883945585e+00,-3.557229543029480467e+00,-4.464118126795195707e+00,1.379043073268233499e+01,-2.928761297478507331e+00,2.072294377740486482e+01,1.271254988277306630e+01,-3.008844464605068492e+00,2.177000286800425144e+01,1.970114557202700886e-02,7.542066273505793582e-03,1.921964368786440586e-02,2.357525892053016769e-02,7.598678759426964226e-04,-1.306503175880906198e-01,-2.017147092352962467e-03,5.682202945765760542e-05,-3.627278887874797828e-04,4.883508222791783648e-01,8.800535556222432651e-03,2.315763950455060893e+00,5.429179337298728480e-01,5.260017487831378791e-01,4.572384077644480738e-01,3.507378634665931916e-01,5.159874436729373626e-01,-4.857252022650826451e-02,4.484906946536626471e-02,-2.811011210359212753e-01
6.279999999999745341e+00,8.500000000000000000e+01,2.009421724958341926e+00,2.749476664601405052e+00,1.474315743591390344e+02,nan,nan,nan,3.599459049060639293e-01,3.682700176486491950e-01,7.252826235482199291e-01,6.387976029685713542e-01,-9.198587870063393845e-01,7.669610304773195886e-02,5.068797510329750899e+00,-2.478264014049819774e+00,-3.479424100186091273e+00,-7.132949794352225759e+00,1.469286361216840398e+01,-2.876675682462982664e+00,1.587050407494616344e+01,1.363582467530176601e+01,-2.974534521818916311e+00,1.688063163147707257e+01,1.905681646670103965e-02,9.484823236927970164e-03,1.942905029226716859e-02,2.321647135034024187e-02,6.856360228642354544e-04,-1.269498508841234163e-01,-1.811819759704540915e-03,4.364949085555395851e-05,-3.294600087853844276e-04,5.228840935712195659e-01,8.873971446428915999e-03,1.797664174751443689e+00,5.311175159361436471e-01,5.158291538860925174e-01,4.745253873851791315e-01,3.693157045580826026e-01,5.230740372678761574e-01,-4.740456666111692030e-02,3.908045391853165462e-02,-3.179321519810390795e-01
6.289999999999963620e+00,8.500000000000000000e+01,1.624054929977774231e+00,2.727600164292926177e+00,1.503970292004619580e+02,nan,nan,nan,3.463166520364825973e-01,3.592414267609295164e-01,7.473164480616086847e-01,6.677679965948168928e-01,-9.586712750978680919e-01,2.058023825956602215e-02,5.039053566825990593e+00,-2.365375964713260615e+00,-3.794503656662329139e+00,-9.058884057331814788e+00,1.558257434310724143e+01,-2.967970549388557533e+00,1.086141525998719892e+01,1.452085811431041584e+01,-3.082506485452578104e+00,1.184407874194786636e+01,1.843174135503265060e-02,1.129970897425042545e-02,1.974133872977727050e-02,2.383876275609609144e-02,6.229374301882577942e-04,-1.243490532316516295e-01,-1.629998090830121760e-03,3.215006070259312110e-05,-3.102356391573770494e-04,5.560793818626654783e-01,9.125684362603848215e-03,1.263275785679676133e+00,5.191991510544928801e-01,5.057303392567444877e-01,4.921185053446249791e-01,3.885637926957556942e-01,5.301606308634594367e-01,-4.623661309561932775e-02,3.331183837117246416e-02,-3.547631829295067596e-01
6.300000000000181899e+00,8.500000000000000000e+01,1.239431086302058116e+00,2.729097722535003268e+00,1.533866415532494898e+02,nan,nan,nan,3.326873991669012653e-01,3.502128358732098379e-01,7.693502725749974402e-01,6.967383902210623203e-01,-1.025888983557576850e+00,-2.892747328398395656e-02,5.033824394152373927e+00,-2.200490070572686196e+00,-4.287319482361630740e+00,-1.009044130534191730e+01,1.644279202851659960e+01,-3.170290170066822899e+00,5.675009506580456886e+00,1.535833183106712063e+01,-3.297099276081069341e+00,6.651706731064575884e+00,1.779863206470205100e-02,1.264539225122336859e-02,1.862612883831386845e-02,2.517809781893496496e-02,5.698475563628499496e-04,-1.226084926140012660e-01,-1.465627398969329091e-03,2.058035875417657632e-05,-2.985753071900365172e-04,5.875396785833261193e-01,9.558713761846252682e-03,7.121573004688022124e-01,5.071704458482272360e-01,4.957005465831847424e-01,5.099980178583244372e-01,4.084389016268304973e-01,5.372472244590427159e-01,-4.506865953012184622e-02,2.754322282381327369e-02,-3.915942138779743287e-01
6.310000000000400178e+00,8.500000000000000000e+01,8.034211787190014276e-01,2.672202691583421164e+00,1.561066928829951053e+02,nan,nan,nan,2.891834468357077914e-01,3.048021949490392624e-01,6.726227525544954400e-01,6.097927915069574212e-01,-1.076435555914027509e+00,-6.950526905995443872e-02,4.887585769969642335e+00,-2.404521983621946468e+00,-4.507440957549683880e+00,-1.084017333638294112e+01,1.684310493299525291e+01,-3.223778126971085900e+00,1.276646146618095834e+00,1.575334414125579841e+01,-3.358263820548748946e+00,2.244601469680725714e+00,1.663288697590612625e-02,1.350448208249648875e-02,1.588808156310442254e-02,2.639549198904940844e-02,5.224353812197827596e-04,-1.189463241117120901e-01,-1.314379671978761115e-03,1.015377736263102168e-05,-2.893328809797589252e-04,6.021955329938099011e-01,9.820005536522832812e-03,2.445990494796950188e-01,4.931118070580001178e-01,4.833889363338043088e-01,5.204861773073138353e-01,4.214248210608115275e-01,4.691002964615499926e-01,-3.922435458043471712e-02,2.360560646710330168e-02,-3.442149511383528759e-01
6.319999999999708962e+00,8.500000000000000000e+01,3.187902144449145658e-01,2.566592863241797140e+00,1.586070208250175142e+02,nan,nan,nan,2.429754595522343463e-01,2.560985222378496795e-01,5.651458414909426020e-01,5.123553418056421283e-01,-1.113225930728352076e+00,-1.027145397040452879e-01,4.624993115840674740e+00,-3.208682676374582599e+00,-3.936047158420110215e+00,-1.175390231293210164e+01,1.679381925058211777e+01,-3.142814131554412249e+00,-2.169183361012022360e+00,1.570964995821409182e+01,-3.284097683992541317e+00,-1.223935820798696561e+00,1.508696915995656751e-02,1.426527192369007359e-02,1.312864693442950502e-02,2.759089279232934330e-02,4.802107902730269346e-04,-1.137682443466616206e-01,-1.177894768552145829e-03,1.121463837097224540e-06,-2.834918402124738421e-04,6.001991293579347353e-01,9.855342555727494847e-03,-1.231204234942016029e-01,4.769797598541742900e-01,4.687302922553441276e-01,5.233664136979915282e-01,4.272892044962906533e-01,3.941437912716671543e-01,-3.295678118545791735e-02,1.983371849984255642e-02,-2.892136007532503661e-01
6.329999999999927240e+00,8.500000000000000000e+01,-1.691592462920527562e-01,2.485093002259779471e+00,1.611349339821134947e+02,nan,nan,nan,1.967674722645582908e-01,2.073948495222305288e-01,4.576689304176147499e-01,4.149178920954648686e-01,-1.103104253866199924e+00,-1.143675006499490637e-01,4.433702964263611435e+00,-2.873294726154258516e+00,-3.162838873203042578e+00,-1.285490975100173294e+01,1.633434167709028628e+01,-2.969191741426133291e+00,-4.676346314232821655e+00,1.527261671876085458e+01,-3.116791378724655281e+00,-3.727601361968700289e+00,1.380779308138214805e-02,1.495768184281136455e-02,1.038161357301117110e-02,2.792708751516503884e-02,4.545475188361552694e-04,-1.114057563271780016e-01,-1.094040426112301376e-03,-6.377863247835898424e-06,-2.723615176655787957e-04,5.833936984953490557e-01,9.659402938968740526e-03,-3.896532378051533740e-01,4.589080245963325644e-01,4.518759816353886682e-01,5.191293849254051684e-01,4.264913412604456333e-01,3.191872860749671026e-01,-2.668920778991104581e-02,1.606183053223883550e-02,-2.342122503631454133e-01
6.340000000000145519e+00,8.500000000000000000e+01,-6.604908925641094219e-01,2.427698383901370160e+00,1.636804318364785900e+02,nan,nan,nan,1.505594849768822352e-01,1.586911768066113781e-01,3.501920193442868978e-01,3.174804423852876645e-01,-1.078475341330395132e+00,-1.193543181659296876e-01,4.264462630845174296e+00,-8.899660188281928175e-01,-2.916780258834744455e+00,-1.375362325164409683e+01,1.553797959457967970e+01,-2.776001049681166677e+00,-6.278607978540170720e+00,1.449930901953846352e+01,-2.929370212532812712e+00,-5.313177146476950163e+00,1.262722886643831595e-02,1.558040065124090441e-02,7.752821026950205106e-03,2.817326003887733743e-02,4.397964556336897424e-04,-1.105669670385268505e-01,-1.042127289325371717e-03,-1.214593160249104375e-05,-2.638921596615728085e-04,5.537883582366162072e-01,9.241601503704078777e-03,-5.587741988543561966e-01,4.390216976151765649e-01,4.329676096290641096e-01,5.082341048782630377e-01,4.194608997275732776e-01,2.442307808782670508e-01,-2.042163439436420203e-02,1.228994256463503132e-02,-1.792108999730404884e-01
6.350000000000363798e+00,8.500000000000000000e+01,-1.155137100985268672e+00,2.392869561924083399e+00,1.662222423558542914e+02,nan,nan,nan,1.043514976892061796e-01,1.099875040909922275e-01,2.427151082709589902e-01,2.200429926751104603e-01,-1.065786066023777456e+00,-1.322904229167989887e-01,4.001691640984851084e+00,6.759894053736437147e-01,-2.629748358859444135e+00,-1.401039956986562807e+01,1.447343765476174582e+01,-2.557444046267207227e+00,-7.031520186984734799e+00,1.344818369971380712e+01,-2.716015518986563571e+00,-6.065883792704746647e+00,1.121376258188755068e-02,1.614185690822539723e-02,5.313334046720226932e-03,2.902072838957732437e-02,4.257991932727901133e-04,-1.081491821925378710e-01,-9.896924063349612534e-04,-1.660892205222746167e-05,-2.641376878763427552e-04,5.135044267328178202e-01,8.623078175007296148e-03,-6.383287065113716352e-01,4.174378074018795237e-01,4.121376488481075517e-01,4.911099842556783113e-01,4.065998376630753364e-01,1.692742756815669436e-01,-1.415406099881728885e-02,8.518054597031241015e-03,-1.242095495829355217e-01
6.359999999999672582e+00,8.500000000000000000e+01,-1.646126520155353656e+00,2.295031493040195603e+00,1.681771349242639815e+02,nan,nan,nan,5.814351040573273455e-02,6.128383137980264461e-02,1.352381972074061522e-01,1.226055429737951119e-01,-1.059206491703261976e+00,-1.492943035223534276e-01,3.691059536709461408e+00,1.364447965130546558e+00,-2.013566805135029281e+00,-1.389514071799987249e+01,1.319879394310742704e+01,-2.325234795203468874e+00,-7.046717739674951630e+00,1.217535411925775790e+01,-2.490393649164052814e+00,-6.086009816124682281e+00,9.738479713566122395e-03,1.684340430674689110e-02,2.782083343346436650e-03,3.038179102230649867e-02,4.150474431325352088e-04,-1.050839014548976130e-01,-9.449137106619126970e-04,-1.984043394146293570e-05,-2.719600673508189509e-04,4.647310442187301827e-01,7.834154969148859546e-03,-6.393446106921145677e-01,3.942658349276526586e-01,3.895100283464101310e-01,4.681587397667491546e-01,3.882841893647444032e-01,9.431777049168416083e-02,-7.886487603840475202e-03,4.746166629770565137e-03,-6.920819919783294250e-02
6.369999999999890861e+00,8.500000000000000000e+01,-2.140641786179059203e+00,2.215748153523188435e+00,1.701458256209053559e+02,nan,nan,nan,0.000000000000000000e+00,0.000000000000000000e+00,0.000000000000000000e+00,0.000000000000000000e+00,-1.028878506657763703e+00,-1.959069987617501618e-01,3.520557880865221811e+00,1.948418365687460740e+00,-1.576017710189772547e+00,-1.394998728786521802e+01,1.169426079888423509e+01,-2.147136037197583835e+00,-6.359355012673075791e+00,1.066851308917719976e+01,-2.311193805814380386e+00,-5.365420454034558695e+00,8.679625271185620675e-03,1.670865659093896671e-02,1.306455777119810112e-03,3.154639948587064507e-02,4.356288690269622863e-04,-1.071454220001561153e-01,-9.623261895986827841e-04,-2.060096636932570965e-05,-2.823849628402156503e-04,4.067202104312015454e-01,6.856243406246803271e-03,-5.595373449516389819e-01,3.688384425341418305e-01,3.643893522579301214e-01,4.379657711553932575e-01,3.632425713280577617e-01,0.000000000000000000e+00,0.000000000000000000e+00,0.000000000000000000e+00,0.000000000000000000e+00
6.380000000000109139e+00,8.500000000000000000e+01,-2.638740313832955486e+00,2.155016345716980197e+00,1.721232642017333774e+02,nan,nan,nan,0.000000000000000000e+00,0.000000000000000000e+00,0.000000000000000000e+00,0.000000000000000000e+00,-9.833351739675816328e-01,-2.614897384898425270e-01,3.439836274459238563e+00,2.422616553417863194e+00,-1.576133129982123959e+00,-1.373847661198322356e+01,1.037797849997480704e+01,-2.008088378940221297e+00,-5.786082516670290055e+00,9.355294913699189863e+00,-2.162094402766526535e+00,-4.745649499739507782e+00,7.921480809267284970e-03,1.562314096302486535e-02,1.116715962192035144e-03,3.222851118199234616e-02,4.724295883172365202e-04,-1.119141679809369239e-01,-1.003582322081981353e-03,-2.104641055125904686e-05,-2.884908287742496652e-04,3.559506764849203475e-01,6.000401298011331583e-03,-4.896921553098043667e-01,3.450509393388726531e-01,3.408887843084403291e-01,4.097200381206294040e-01,3.398159627382436598e-01,0.000000000000000000e+00,0.000000000000000000e+00,0.000000000000000000e+00,0.000000000000000000e+00
6.390000000000327418e+00,8.500000000000000000e+01,-3.140478168969563999e+00,2.112833740769259006e+00,1.741042712894894748e+02,nan,nan,nan,0.000000000000000000e+00,0.000000000000000000e+00,0.000000000000000000e+00,0.000000000000000000e+00,-1.082715745430270715e+00,-2.623238037852565485e-01,3.350834314031127192e+00,2.961416883233935593e+00,-1.683298820859367551e+00,-1.273658083924314610e+01,9.345463414583052852e+00,-2.185680706749874691e+00,-5.272631921401442767e+00,8.193243565213757407e+00,-2.330358842575941836e+00,-4.189783105046835487e+00,7.217622531402438472e-03,1.463173336509665697e-02,1.260025467625827938e-03,3.793203016808489175e-02,4.939546783278629628e-04,-1.165351133649265292e-01,-1.044837820594220895e-03,-2.477101953149872315e-05,-3.395454030900151585e-04,3.115185349548902916e-01,5.251391119570189905e-03,-4.285655088717761352e-01,3.227975639432363875e-01,3.189038388394824786e-01,3.832959575692695409e-01,3.179002067668709186e-01,0.000000000000000000e+00,0.000000000000000000e+00,0.000000000000000000e+00,0.000000000000000000e+00
6.399999999999636202e+00,8.500000000000000000e+01,-3.645909994262028775e+00,2.089198782667763155e+00,1.760836161906414645e+02,nan,nan,nan,0.000000000000000000e+00,0.000000000000000000e+00,0.000000000000000000e+00,0.000000000000000000e+00,-1.332573766473003518e+00,-1.959279979985562581e-01,3.253234692913049564e+00,3.568697637531023759e+00,-1.764160124828657139e+00,-1.160664407952328325e+01,8.609113281393863559e+00,-2.664736617590735879e+00,-4.795594950828702352e+00,7.162263464828657611e+00,-2.800682305109456482e+00,-3.674537145106039127e+00,6.564413696184918587e-03,1.372613453657326073e-02,1.685220291525340404e-03,4.990405769646037021e-02,4.959141471304939547e-04,-1.209326753352631956e-01,-1.085773939464864573e-03,-3.258919658194682934e-05,-4.467120085923815143e-04,2.726327101798675656e-01,4.595877395706899488e-03,-3.750690988266418557e-01,3.019793758200879363e-01,2.983367687877331864e-01,3.585760456404342156e-01,2.973978639734032869e-01,0.000000000000000000e+00,0.000000000000000000e+00,0.000000000000000000e+00,0.000000000000000000e+00
6.409999999999854481e+00,8.500000000000000000e+01,-4.027509729071039324e+00,2.058517346403792914e+00,1.778157143424278672e+02,nan,nan,nan,0.000000000000000000e+00,0.000000000000000000e+00,0.000000000000000000e+00,0.000000000000000000e+00,-1.193045084020803781e+00,-2.234678473050535075e-01,3.139990175853594856e+00,4.009360093914791534e+00,-1.835129087344661736e+00,-1.073812061770063586e+01,7.650374612131967567e+00,-2.292125710810688943e+00,-4.399808681276077493e+00,6.277214961279517169e+00,-2.419663988658404374e+00,-3.239449459001052745e+00,5.922391279936922541e-03,1.282101898236718239e-02,1.311953301960387501e-03,4.775891163266451911e-02,5.220975193472803628e-04,-1.247747814992502396e-01,-1.119326799133298078e-03,-3.118833681228159034e-05,-4.275099125882673404e-04,2.386008738477888302e-01,4.022189274315262145e-03,-3.282504680905595773e-01,2.825038154151802705e-01,2.790961310926871053e-01,3.354503953616423950e-01,2.782177790806016904e-01,0.000000000000000000e+00,0.000000000000000000e+00,0.000000000000000000e+00,0.000000000000000000e+00
6.420000000000072760e+00,8.500000000000000000e+01,-4.409323793350917065e+00,2.040083991275583930e+00,1.795494092658466627e+02,nan,nan,nan,0.000000000000000000e+00,0.000000000000000000e+00,0.000000000000000000e+00,0.000000000000000000e+00,-8.771807405283053027e-01,-2.935469145343482800e-01,3.019660791639606767e+00,4.431585124419593846e+00,-1.778795944405514362e+00,-9.552748550733673127e+00,6.600187083801314358e+00,-1.584730814714704339e+00,-4.048390445111765601e+00,5.510675155309254336e+00,-1.704392620963036231e+00,-2.850040372715076042e+00,5.317639953004485963e-03,1.195206001873288897e-02,6.670106397615605670e-04,3.753527644781863570e-02,5.622659111259586950e-04,-1.282775981075838512e-01,-1.148443126220797346e-03,-2.451192466865178339e-05,-3.359938952672510463e-04,2.088171186919169919e-01,3.520112737021435789e-03,-2.872760516362165006e-01,2.642842926189839514e-01,2.610963801325088540e-01,3.138161879924342701e-01,2.602746756898863811e-01,0.000000000000000000e+00,0.000000000000000000e+00,0.000000000000000000e+00,0.000000000000000000e+00
6.430000000000291038e+00,8.500000000000000000e+01,-4.793479191225523905e+00,2.034274094389050269e+00,-1.787146124759915153e+02,nan,nan,nan,0.000000000000000000e+00,0.000000000000000000e+00,0.000000000000000000e+00,0.000000000000000000e+00,-7.585655965286698388e-01,-2.771134503221535095e-01,2.977041370372464524e+00,4.972340111486023062e+00,-1.683169263841692631e+00,-7.834934355205885659e+00,5.828866538121411978e+00,-1.339952166522230925e+00,-3.749945096695391111e+00,4.825872543184683394e+00,-1.452354160910380720e+00,-2.484904734139895321e+00,4.906008882587855995e-03,1.116644814757234393e-02,4.271450717694331468e-04,3.469737650359250303e-02,5.882748113777137812e-04,-1.351835881532185701e-01,-1.210656346196935327e-03,-2.265867097684137494e-05,-3.105906707042239501e-04,1.827511708385901046e-01,3.080708747464402583e-03,-2.514163355920204790e-01,2.472398017791995195e-01,2.442574873804325419e-01,2.935772358829175643e-01,2.434887771347277186e-01,0.000000000000000000e+00,0.000000000000000000e+00,0.000000000000000000e+00,0.000000000000000000e+00
6.439999999999599822e+00,8.500000000000000000e+01,-5.180000333082056763e+00,2.041087518664827627e+00,-1.769798090997152258e+02,nan,nan,nan,0.000000000000000000e+00,0.000000000000000000e+00,0.000000000000000000e+00,0.000000000000000000e+00,-7.106300760363737368e-01,-2.296802499110574547e-01,2.962267491383314688e+00,5.564406214629798342e+00,-1.547126273892636128e+00,-6.360291189007280188e+00,5.214355333872553011e+00,-1.249863242431505039e+00,-3.508368471515996845e+00,4.220872675119833772e+00,-1.355506479194963365e+00,-2.161875697107278782e+00,4.572200812978886690e-03,1.044069963680070712e-02,3.251762090849119732e-04,3.474561844879885120e-02,6.086031176048244118e-04,-1.437777761085111405e-01,-1.289166332682590470e-03,-2.269017475245390964e-05,-3.110225044515439502e-04,1.599389487417937072e-01,2.696154099523061318e-03,-2.200328688816843847e-01,2.312945615422737633e-01,2.285045855906668866e-01,2.746435548147442840e-01,2.277854517863446282e-01,0.000000000000000000e+00,0.000000000000000000e+00,0.000000000000000000e+00,0.000000000000000000e+00
6.449999999999818101e+00,8.500000000000000000e+01,-5.568911069755284160e+00,2.060524424925392228e+00,-1.752496253295872464e+02,nan,nan,nan,0.000000000000000000e+00,0.000000000000000000e+00,0.000000000000000000e+00,0.000000000000000000e+00,-6.894046729128331386e-01,-2.514722981702922633e-01,2.925614283235484336e+00,5.924023332680771858e+00,-1.193171049971354147e+00,-5.646516849699510843e+00,4.718831919943458075e+00,-1.201310893204561525e+00,-3.333065032494213042e+00,3.702764031358329877e+00,-1.300891229705849250e+00,-1.910911539870540299e+00,4.221713185744950872e-03,9.765031622008415665e-03,2.733769257040062671e-04,3.603160852017988497e-02,6.522899923899424818e-04,-1.517926809839476310e-01,-1.360148536789672433e-03,-2.352997386244970872e-05,-3.225339372755169748e-04,1.399743006145953705e-01,2.359602131930845295e-03,-1.925668961577252647e-01,2.163776779226224967e-01,2.137676359318240182e-01,2.569309639231072695e-01,2.130948812347081833e-01,0.000000000000000000e+00,0.000000000000000000e+00,0.000000000000000000e+00,0.000000000000000000e+00
6.460000000000036380e+00,8.500000000000000000e+01,-5.873553945303433999e+00,2.050364931158458859e+00,-1.735754970834361188e+02,nan,nan,nan,0.000000000000000000e+00,0.000000000000000000e+00,0.000000000000000000e+00,0.000000000000000000e+00,-6.861349005334123063e-01,-3.198003831682832976e-01,2.874252897291564857e+00,6.439527241980215422e+00,-8.314343304602935802e-01,-5.246315746228383148e+00,4.323128730903126993e+00,-1.180172807821288972e+00,-3.208311928996710805e+00,3.257771819408508129e+00,-1.274311134224721087e+00,-1.714290529885520886e+00,3.872681893294687133e-03,9.134921547944345119e-03,2.513032970170402244e-04,3.833292005460284257e-02,7.158879660486769381e-04,-1.594232684154325841e-01,-1.425737421922303357e-03,-2.503281546398406185e-05,-3.431339354598694747e-04,1.225017732495906758e-01,2.065060829422730657e-03,-1.685294096481548820e-01,2.024228291015350290e-01,1.999811165879172015e-01,2.403607114209734275e-01,1.993517498695525081e-01,0.000000000000000000e+00,0.000000000000000000e+00,0.000000000000000000e+00,0.000000000000000000e+00
6.470000000000254659e+00,8.500000000000000000e+01,-6.072719396381193846e+00,1.995379474298935474e+00,-1.719640060304020039e+02,nan,nan,nan,0.000000000000000000e+00,0.000000000000000000e+00,0.000000000000000000e+00,0.000000000000000000e+00,-6.151015211387865778e-01,-3.574090718535267164e-01,2.817351736745808743e+00,8.039053102989036859e+00,-1.008623543380115173e+00,-4.906936487386951207e+00,3.877103847817293669e+00,-1.030882748704800234e+00,-3.083828887011328401e+00,2.863774468656298922e+00,-1.119840370636269178e+00,-1.517515848107015675e+00,3.547002875800515931e-03,8.539000181510816509e-03,1.448055909588228047e-04,3.673348724166369123e-02,7.700239230676114927e-04,-1.670495905180713891e-01,-1.492141953089740156e-03,-2.398832664350510917e-05,-3.288167460877662249e-04,1.072102834834908203e-01,1.807286140111470348e-03,-1.474924427981243458e-01,1.893679705543474534e-01,1.870837314424188547e-01,2.248591244614895901e-01,1.864949544812422588e-01,0.000000000000000000e+00,0.000000000000000000e+00,0.000000000000000000e+00,0.000000000000000000e+00
6.479999999999563443e+00,8.500000000000000000e+01,-6.275693397165195364e+00,1.946908972646112845e+00,-1.703540401453243476e+02,nan,nan,nan,0.000000000000000000e+00,0.000000000000000000e+00,0.000000000000000000e+00,0.000000000000000000e+00,-5.306193721964581611e-01,-3.889210059490647575e-01,2.759351119501493255e+00,9.129341837276220062e+00,-1.316213679670358516e+00,-4.612097186477410737e+00,3.447253992783942511e+00,-8.614681877512151420e-01,-2.977353176756982300e+00,2.518296915966207195e+00,-9.456220537988609953e-01,-1.336736853534080449e+00,3.246461292126784099e-03,7.980747663133475056e-03,3.500712584649835497e-05,3.387282553883913527e-02,8.250117676692780323e-04,-1.748986828246174019e-01,-1.560552162481490708e-03,-2.212020868093693589e-05,-3.032097715418321355e-04,9.382757963178195437e-02,1.581688609701673628e-03,-1.290814506973865239e-01,1.771550591948537479e-01,1.750181375501621284e-01,2.103572815818174069e-01,1.744673325903557393e-01,0.000000000000000000e+00,0.000000000000000000e+00,0.000000000000000000e+00,0.000000000000000000e+00
6.489999999999781721e+00,8.500000000000000000e+01,-6.482479486796527191e+00,1.904952821530656593e+00,-1.687481969738319094e+02,nan,nan,nan,0.000000000000000000e+00,0.000000000000000000e+00,0.000000000000000000e+00,0.000000000000000000e+00,-4.481521948256994015e-01,-3.953395390702125201e-01,2.717378290297102428e+00,8.221239307188746182e+00,-1.111122561589034774e+00,-4.113243085391447451e+00,3.046504448602554316e+00,-7.061949343893801911e-01,-2.895292484042810699e+00,2.212390830362234606e+00,-7.858497787945308843e-01,-1.167749058500659798e+00,2.989858950858841069e-03,7.459153624855266104e-03,-5.898965088784141435e-05,3.058065738125351901e-02,8.748662666388886712e-04,-1.841152712317804530e-01,-1.642211381811145609e-03,-1.997030103372790695e-05,-2.737402029699916354e-04,8.211539428411303299e-02,1.384251670245042597e-03,-1.129686416337102317e-01,1.657297953104754085e-01,1.637306901854011509e-01,1.967907062720530564e-01,1.632154082981122079e-01,0.000000000000000000e+00,0.000000000000000000e+00,0.000000000000000000e+00,0.000000000000000000e+00
6.500000000000000000e+00,8.500000000000000000e+01,-6.693080952108394044e+00,1.869510516438633640e+00,-1.671490349043490085e+02,nan,nan,nan,0.000000000000000000e+00,0.000000000000000000e+00,0.000000000000000000e+00,0.000000000000000000e+00,-3.666336752025949330e-01,-3.899439853341704620e-01,2.682951416312821191e+00,7.109851716231704977e+00,-8.881425116179127999e-01,-3.607348506000929600e+00,2.668364214911455701e+00,-5.583938047914174252e-01,-2.838005272850722349e+00,1.942852993314441168e+00,-6.338649286257413973e-01,-1.014498309837019052e+00,2.761628139433344124e-03,6.971717380136853957e-03,-1.400205074762216127e-04,2.674278341504523690e-02,9.231164530046888578e-04,-1.943145211101617587e-01,-1.733202667032897326e-03,-1.746402729738657421e-05,-2.393857943846770971e-04,7.186520216014748164e-02,1.211460128639094743e-03,-9.886714104634747313e-02,1.550413811408100084e-01,1.531712043324905126e-01,1.840990803068110193e-01,1.526891545276714279e-01,0.000000000000000000e+00,0.000000000000000000e+00,0.000000000000000000e+00,0.000000000000000000e+00
6.510000000000218279e+00,8.500000000000000000e+01,-6.714397771549657001e+00,1.818849997236438254e+00,-1.656344107703143891e+02,nan,nan,nan,0.000000000000000000e+00,0.000000000000000000e+00,0.000000000000000000e+00,0.000000000000000000e+00,-2.666568490786374590e-01,-3.965915202574897824e-01,2.659319454819725870e+00,6.843896512510311503e+00,-9.521889478399836459e-01,-3.402433173058390548e+00,2.271107040194228599e+00,-3.834517214504531424e-01,-2.808064416367342275e+00,1.709026407541238912e+00,-4.551659098285340543e-01,-8.758724404450649592e-01,2.560028869826143621e-03,6.514778414040049356e-03,-2.283246125439299850e-04,2.079121949155274957e-02,9.840351422623933465e-04,-2.058836768597038513e-01,-1.835855909373249181e-03,-1.357743579309535171e-05,-1.861108665080633189e-04,6.289450749818867314e-02,1.060237581669273843e-03,-8.652588397381905105e-02,1.450422950261771038e-01,1.432927315587500805e-01,1.722259755649184487e-01,1.428417705992086895e-01,0.000000000000000000e+00,0.000000000000000000e+00,0.000000000000000000e+00,0.000000000000000000e+00
6.520000000000436557e+00,8.500000000000000000e+01,-6.722824938133244999e+00,1.767470712774410480e+00,-1.641290742616440923e+02,nan,nan,nan,0.000000000000000000e+00,0.000000000000000000e+00,0.000000000000000000e+00,0.000000000000000000e+00,-1.521062848934485734e-01,-4.127476641944046731e-01,2.644210606052773471e+00,7.001985975112134497e+00,-7.983690886975062240e-01,-3.288794112991095808e+00,1.848638445398784746e+00,-1.866630710229632284e-01,-2.801737447343283449e+00,1.506220710247814454e+00,-2.550318602742229768e-01,-7.481094900337800224e-01,2.380058638356512615e-03,6.086783263158607009e-03,-3.179298205646408646e-04,1.267731684408841125e-02,1.057552422024791430e-03,-2.188322950424551883e-01,-1.950266775412923302e-03,-8.278757075758320303e-06,-1.134799439642852263e-04,5.504359487676125512e-02,9.278916433235634984e-04,-7.572514506049216054e-02,1.356880801220053667e-01,1.340513512774712257e-01,1.611186031448659239e-01,1.336294741498436911e-01,0.000000000000000000e+00,0.000000000000000000e+00,0.000000000000000000e+00,0.000000000000000000e+00
6.529999999999745341e+00,8.500000000000000000e+01,-6.734872471999655552e+00,1.717011101238479887e+00,-1.626282614899024850e+02,nan,nan,nan,0.000000000000000000e+00,0.000000000000000000e+00,0.000000000000000000e+00,0.000000000000000000e+00,-8.290039592766500209e-02,-4.026003880485942710e-01,2.622228494361833473e+00,7.377093059410984033e+00,-2.955122324519108279e-01,-3.162997776731834687e+00,1.521113735919225052e+00,-6.970224075926331753e-02,-2.817980233535029910e+00,1.324490399470690472e+00,-1.348656446177974588e-01,-6.413726868856425289e-01,2.208481277994414800e-03,5.689798627674515046e-03,-3.563919324724066457e-04,7.385667566463595922e-03,1.116516287978909505e-03,-2.319716025591711250e-01,-2.067776286582151575e-03,-4.823114258090930133e-06,-6.611218697842656360e-05,4.817268562035054852e-02,8.120660091996990135e-04,-6.627262653759946609e-02,1.269371467396658293e-01,1.254059754730014187e-01,1.507275786605592471e-01,1.250113064732807644e-01,0.000000000000000000e+00,0.000000000000000000e+00,0.000000000000000000e+00,0.000000000000000000e+00
6.539999999999963620e+00,8.500000000000000000e+01,-6.750540039992496411e+00,1.667471049558813201e+00,-1.611339679373675153e+02,nan,nan,nan,0.000000000000000000e+00,0.000000000000000000e+00,0.000000000000000000e+00,0.000000000000000000e+00,-5.129235087612245281e-02,-3.706434533645928675e-01,2.594547370260017249e+00,7.611579160626182450e+00,1.507121466098451379e-01,-3.069554101700591175e+00,1.285396856408998367e+00,-1.844755389402510937e-02,-2.856592208283020629e+00,1.161516936783197895e+00,-8.051750444180180710e-02,-5.549987198559600543e-01,2.045898801313892831e-03,5.320953714419747980e-03,-3.586016554619599409e-04,4.884709278955763970e-03,1.160845872936790103e-03,-2.453363979743883316e-01,-2.188717090196177963e-03,-3.189895938037916191e-06,-4.372506754189149869e-05,4.215944916157469968e-02,7.106985045532606673e-04,-5.800003452860469366e-02,1.187505874349408241e-01,1.173181660196965653e-01,1.410067026738557883e-01,1.169489504136824454e-01,0.000000000000000000e+00,0.000000000000000000e+00,0.000000000000000000e+00,0.000000000000000000e+00
6.550000000000181899e+00,8.500000000000000000e+01,-6.769827280037015171e+00,1.618850450219434300e+00,-1.596481364468341440e+02,nan,nan,nan,0.000000000000000000e+00,0.000000000000000000e+00,0.000000000000000000e+00,0.000000000000000000e+00,4.771876986955916888e-02,-3.901954114332544798e-01,2.537440690468073523e+00,7.486570964928905170e+00,5.153976080175497465e-01,-2.849719026753121831e+00,8.880390433871003797e-01,1.449136682716572477e-01,-2.869587625527871388e+00,1.025811403937358923e+00,8.541332836121266758e-02,-4.638929562788836614e-01,1.870273789427043471e-03,4.972243076773213109e-03,-4.093054549380636736e-04,-4.857673506149354052e-03,1.234988837712509184e-03,-2.564876762802135168e-01,-2.286267857068750853e-03,3.172240577824683994e-06,4.348305907741628889e-05,3.689682505175773813e-02,6.219843690687381493e-04,-5.076008272300452928e-02,1.110920040219949972e-01,1.097519637825251221e-01,1.319127552876685761e-01,1.094065600041162351e-01,0.000000000000000000e+00,0.000000000000000000e+00,0.000000000000000000e+00,0.000000000000000000e+00
6.560000000000400178e+00,8.500000000000000000e+01,-6.597230053484562262e+00,1.571555090319943560e+00,-1.582048311256331488e+02,nan,nan,nan,0.000000000000000000e+00,0.000000000000000000e+00,0.000000000000000000e+00,0.000000000000000000e+00,1.654649308194993673e-01,-4.240645377714628572e-01,2.472155022355347676e+00,7.166367149387797397e+00,8.898510924925723264e-01,-2.465854076159784913e+00,4.211043821194754289e-01,3.309236532347860082e-01,-2.877453353396377089e+00,9.091311265003786390e-01,2.736344761676194892e-01,-3.726357720679456254e-01,1.702336455700968103e-03,4.645397742707157822e-03,-4.650470648545116889e-04,-1.800520247833515761e-02,1.322456139356917998e-03,-2.671328731211479734e-01,-2.377882472239118035e-03,1.175806357537612226e-05,1.611720676729686908e-04,3.229111684269379834e-02,5.443441246707205698e-04,-4.442387007158643542e-02,1.039273457437368958e-01,1.026737287394893922e-01,1.234053039863804296e-01,1.023506010921315657e-01,0.000000000000000000e+00,0.000000000000000000e+00,0.000000000000000000e+00,0.000000000000000000e+00
6.569999999999708962e+00,8.500000000000000000e+01,-6.403552020196767280e+00,1.520341526712434721e+00,-1.567707301449523243e+02,nan,nan,nan,0.000000000000000000e+00,0.000000000000000000e+00,0.000000000000000000e+00,0.000000000000000000e+00,2.306810367880157697e-01,-4.262869925446493569e-01,2.453523019520419624e+00,6.767098799573725287e+00,1.177359467882922228e+00,-2.143392923885483192e+00,7.808586396449812561e-02,4.312181769294614053e-01,-2.959803715995949602e+00,8.036752856766806730e-01,3.759574950208157129e-01,-3.032601567136429810e-01,1.580279379157444996e-03,4.342604853238988052e-03,-4.776150405899968858e-04,-2.683223863218262700e-02,1.407758550172735117e-03,-2.833989432808748932e-01,-2.522242988167088147e-03,1.752244486483769891e-05,2.401865452969489598e-04,2.826032390282394099e-02,4.763954542896031230e-04,-3.887858581528297330e-02,9.722475787906183220e-02,9.605199041503388602e-02,1.154465238692090334e-01,9.574970224387380213e-02,0.000000000000000000e+00,0.000000000000000000e+00,0.000000000000000000e+00,0.000000000000000000e+00
6.579999999999927240e+00,8.500000000000000000e+01,-6.213238685746365952e+00,1.464871443984214316e+00,-1.553431400851413571e+02,nan,nan,nan,0.000000000000000000e+00,0.000000000000000000e+00,0.000000000000000000e+00,0.000000000000000000e+00,2.665281410245206040e-01,-4.108161257972263170e-01,2.460974590691372921e+00,6.263965059126668677e+00,1.451027923485493920e+00,-1.994549802207253864e+00,-1.883359464184142240e-01,4.878273522403423490e-01,-3.098362938511702858e+00,7.093354756421990093e-01,4.344043337615599021e-01,-2.508986177137185192e-01,1.483621230764477911e-03,4.060893128109459120e-03,-4.686974083049603329e-04,-3.313912587520084774e-02,1.493543789008552241e-03,-3.038487261108193116e-01,-2.705673835285019122e-03,2.164107564698891198e-05,2.966421202209534283e-04,2.473268146726316855e-02,4.169285909076044807e-04,-3.402550098765727560e-02,9.095444011387016081e-02,8.985730795945419402e-02,1.080010294772644347e-01,8.957451526384151153e-02,0.000000000000000000e+00,0.000000000000000000e+00,0.000000000000000000e+00,0.000000000000000000e+00
6.590000000000145519e+00,8.500000000000000000e+01,-6.026289421614311692e+00,1.405145111809992686e+00,-1.539237561266479872e+02,nan,nan,nan,0.000000000000000000e+00,0.000000000000000000e+00,0.000000000000000000e+00,0.000000000000000000e+00,3.174451401635294823e-01,-3.816342587879796300e-01,2.457604319146889260e+00,5.637018122390098362e+00,1.792539009614161793e+00,-1.972626995156138374e+00,-5.173879530126779258e-01,5.670665280389186602e-01,-3.242494283900632990e+00,6.241110205414994727e-01,5.154282985413048968e-01,-2.039038080548058463e-01,1.387265168152392557e-03,3.796809298816409932e-03,-4.675504966129751970e-04,-4.219098131279602065e-02,1.565427386691535657e-03,-3.243372392261082426e-01,-2.890723714738907806e-03,2.755227224910568521e-05,3.776690489050067451e-04,2.164538292853670706e-02,3.648847787085074510e-04,-2.977821063146710023e-02,8.508851404616550596e-02,8.406213925220658301e-02,1.010357174665865304e-01,8.379758471014499277e-02,0.000000000000000000e+00,0.000000000000000000e+00,0.000000000000000000e+00,0.000000000000000000e+00
6.600000000000363798e+00,8.500000000000000000e+01,-5.842703325847692142e+00,1.341162798220752572e+00,-1.525142138433577372e+02,nan,nan,nan,0.000000000000000000e+00,0.000000000000000000e+00,0.000000000000000000e+00,0.000000000000000000e+00,3.831159034209042913e-01,-3.390290159026218553e-01,2.443639221574581022e+00,5.122941121809018838e+00,2.082256982394747880e+00,-1.993595075072752909e+00,-9.218748409420487455e-01,6.672542987463575548e-01,-3.392063048952901561e+00,5.466825811623198250e-01,6.173860121544338941e-01,-1.636788660019370956e-01,1.292044692571927330e-03,3.549305738621362852e-03,-4.724850780474601779e-04,-5.442946801669523715e-02,1.620199300270061538e-03,-3.447059316417241392e-01,-3.076200557110659109e-03,3.554445700259521474e-05,4.872208414843464644e-04,1.894346161952302487e-02,3.193374228505758386e-04,-2.606109543350104696e-02,7.960089923614875607e-02,7.864071844713979575e-02,9.451961942767272973e-02,7.839322582511933091e-02,0.000000000000000000e+00,0.000000000000000000e+00,0.000000000000000000e+00,0.000000000000000000e+00
6.609999999999672582e+00,8.500000000000000000e+01,-5.510514126247286981e+00,1.337120245848668176e+00,-1.511271334853786925e+02,nan,nan,nan,0.000000000000000000e+00,0.000000000000000000e+00,0.000000000000000000e+00,0.000000000000000000e+00,4.544724409561457512e-01,-3.208973351715269651e-01,2.407328625932917632e+00,4.783235693177091186e+00,2.221068746013862505e+00,-1.929171068788505083e+00,-1.375207502285891614e+00,7.690153852915324606e-01,-3.521768156237400138e+00,4.814087356308524024e-01,7.205957299427442342e-01,-1.233348791285791418e-01,1.191247902474919327e-03,3.317720928831653215e-03,-4.776804821419884097e-04,-6.901832698933778321e-02,1.691054791510259022e-03,-3.629872907638385660e-01,-3.240708470596506772e-03,4.507152183282577999e-05,6.178117953177940554e-04,1.657881217972067070e-02,2.794755922507595057e-04,-2.280797538843210015e-02,7.446719725021512526e-02,7.356894141520407826e-02,8.842376419711804603e-02,7.333741033856014391e-02,0.000000000000000000e+00,0.000000000000000000e+00,0.000000000000000000e+00,0.000000000000000000e+00
6.619999999999890861e+00,8.500000000000000000e+01,-5.153084188781295261e+00,1.336729832172272259e+00,-1.497489166122155666e+02,nan,nan,nan,0.000000000000000000e+00,0.000000000000000000e+00,0.000000000000000000e+00,0.000000000000000000e+00,5.277648855595102884e-01,-3.110984758673295270e-01,2.363409777594278616e+00,4.209120104987582600e+00,2.467894039313621946e+00,-1.667619232741395008e+00,-1.873460771656341395e+00,8.680334151035862256e-01,-3.650433601375191461e+00,4.250156171097346225e-01,8.208298424166760032e-01,-8.531074301882636546e-02,1.094228012016312682e-03,3.101176519377619664e-03,-4.811457725795408036e-04,-8.567425403023777586e-02,1.769792488193966439e-03,-3.809301915142755401e-01,-3.401339417832033481e-03,5.594845861203600224e-05,7.669059364929370348e-04,1.450933408111578296e-02,2.445895816615906095e-04,-1.996093152134399695e-02,6.966458318330352728e-02,6.882425857530528879e-02,8.272104904919261315e-02,6.860765963585299665e-02,0.000000000000000000e+00,0.000000000000000000e+00,0.000000000000000000e+00,0.000000000000000000e+00
6.630000000000109139e+00,8.500000000000000000e+01,-4.797373001952852434e+00,1.328257830136178486e+00,-1.483786850179111525e+02,nan,nan,nan,0.000000000000000000e+00,0.000000000000000000e+00,0.000000000000000000e+00,0.000000000000000000e+00,5.724855105839163905e-01,-2.806123195299969897e-01,2.358377370627086744e+00,3.346915745530906872e+00,2.892461312304889898e+00,-1.321462457453056683e+00,-2.290286568162056557e+00,9.341145367735704808e-01,-3.865700384621309826e+00,3.731073635348925444e-01,8.880020265519388278e-01,-6.416558410588014960e-02,1.022458343799531339e-03,2.899702683502741914e-03,-4.696784138110091794e-04,-9.934072039544823707e-02,1.848460940814274263e-03,-4.063054484118450715e-01,-3.631462535513482748e-03,6.487316693265807253e-05,8.892401698632313540e-04,1.269818206487305715e-02,2.140582759861013660e-04,-1.746927469072362404e-02,6.517170417729661880e-02,6.438557463682031967e-02,7.738611919466274747e-02,6.418294481601226342e-02,0.000000000000000000e+00,0.000000000000000000e+00,0.000000000000000000e+00,0.000000000000000000e+00
6.640000000000327418e+00,8.500000000000000000e+01,-4.443371634958076299e+00,1.311704322689387636e+00,-1.470179758083486945e+02,nan,nan,nan,0.000000000000000000e+00,0.000000000000000000e+00,0.000000000000000000e+00,0.000000000000000000e+00,5.986530672102653439e-01,-2.366928977415085900e-01,2.378595816323573420e+00,2.636390880071611154e+00,3.194918092294133150e+00,-1.187791911741644668e+00,-2.652615424653506970e+00,9.813282898054094261e-01,-4.152771209265284647e+00,3.255218460029814520e-01,9.361841446946870260e-01,-5.547291542703876310e-02,9.661413321081931647e-04,2.711887653757676531e-03,-4.500962626462464756e-04,-1.110429480387584988e-01,1.927559960091278311e-03,-4.380081403003179830e-01,-3.920702603864639584e-03,7.251515467309749697e-05,9.939916842059055326e-04,1.111311014352657847e-02,1.873380918633673915e-04,-1.528864311235354767e-02,6.096858448427525112e-02,6.023315480801997440e-02,7.239525505109635495e-02,6.004359319527833444e-02,0.000000000000000000e+00,0.000000000000000000e+00,0.000000000000000000e+00,0.000000000000000000e+00
6.649999999999636202e+00,8.500000000000000000e+01,-4.091070721069421268e+00,1.287069469356431073e+00,-1.456682618851528730e+02,nan,nan,nan,0.000000000000000000e+00,0.000000000000000000e+00,0.000000000000000000e+00,0.000000000000000000e+00,6.166907026335576303e-01,-1.953827862979977403e-01,2.378716013120705242e+00,2.170020103536297817e+00,3.323760099841098103e+00,-1.293074368311156963e+00,-2.997220627569036289e+00,1.008373884917246333e+00,-4.429635757528195938e+00,2.831401053193827178e-01,9.641622314754850764e-01,-5.072670213203280681e-02,9.050660607405873080e-04,2.536471080234567899e-03,-4.279738596906042985e-04,-1.222745681476163082e-01,1.998312171656164895e-03,-4.681980874979789764e-01,-4.196554546525343987e-03,7.984981827676013979e-05,1.094530594470316531e-03,9.725897489200002397e-03,1.639532996392359431e-04,-1.338021253630157503e-02,5.703653665252981370e-02,5.634853705339346042e-02,6.772626678344614848e-02,5.617120084057979773e-02,0.000000000000000000e+00,0.000000000000000000e+00,0.000000000000000000e+00,0.000000000000000000e+00
6.659999999999854481e+00,8.500000000000000000e+01,-3.701253511982105948e+00,1.319802303093635443e+00,-1.443132781296876601e+02,nan,nan,nan,0.000000000000000000e+00,0.000000000000000000e+00,0.000000000000000000e+00,0.000000000000000000e+00,6.292082908232103922e-01,-1.558443422480143004e-01,2.365189917349665549e+00,1.673568631222996039e+00,3.369835151737309076e+00,-1.391528877338639170e+00,-3.333129434446846062e+00,1.021241413295576717e+00,-4.702112607284219870e+00,2.454120286511437821e-01,9.779201479995159874e-01,-4.897068314687628987e-02,8.429149527417417829e-04,2.372549624862359176e-03,-4.048557898314753684e-04,-1.333570987592883061e-01,2.062061221021579960e-03,-4.975999659163120592e-01,-4.465671949951588796e-03,8.708712092108705555e-05,1.193734942540344932e-03,8.511845986294641966e-03,1.434875534133129009e-04,-1.171000501489510848e-02,5.335807844045352411e-02,5.271445000976251322e-02,6.335839564602871454e-02,5.254855074397628278e-02,0.000000000000000000e+00,0.000000000000000000e+00,0.000000000000000000e+00,0.000000000000000000e+00
6.670000000000072760e+00,8.500000000000000000e+01,-3.303396311707461841e+00,1.357802219387366671e+00,-1.429627509368133644e+02,nan,nan,nan,0.000000000000000000e+00,0.000000000000000000e+00,0.000000000000000000e+00,0.000000000000000000e+00,6.431340119217329176e-01,-1.157331393196315700e-01,2.346552044975992235e+00,9.572037985401343763e-01,3.365571321660707049e+00,-1.372437108192046118e+00,-3.421525679545001086e-02,9.119683872937818236e-01,-1.179702252541638074e+00,2.115887056521695009e-01,9.914960161362510460e-01,-4.990679735917107063e-02,7.833176593276931993e-04,2.219186236151127027e-03,-3.834113413584044395e-04,-3.170926173344758986e-02,-1.000177428370458733e-02,-1.143208031831568494e-01,2.151702938983902913e-02,-5.181832984422221839e-04,-5.922862203611992810e-03,7.449340503007872809e-03,1.255764783620810581e-04,-1.024828395489530558e-02,4.991685508890924411e-02,4.931473619623286120e-02,5.927222168725670287e-02,4.915953627427822881e-02,0.000000000000000000e+00,0.000000000000000000e+00,0.000000000000000000e+00,0.000000000000000000e+00
6.680000000000291038e+00,8.500000000000000000e+01,-2.905792064044336431e+00,1.386922321794590074e+00,-1.416214018525413962e+02,nan,nan,nan,0.000000000000000000e+00,0.000000000000000000e+00,0.000000000000000000e+00,0.000000000000000000e+00,6.587416437998590002e-01,-7.493781820494299639e-02,2.321808532916788792e+00,6.489915692463572860e-02,3.436391118646706655e+00,-1.218914206611415363e+00,-1.113969102621507612e-01,9.176315035114314123e-01,-1.251759253629364466e+00,1.811955680796110690e-01,1.004682667423044462e+00,-5.344370326682829769e-02,7.260039091128840617e-04,2.075696716777074898e-03,-3.635761838100636358e-04,-3.471784322508549014e-02,-1.059439549900311091e-02,-1.210944946697449648e-01,2.279194799377071146e-02,-5.673486399148268194e-04,-6.484824628126985464e-03,6.519464052698452361e-03,1.099011833618673194e-04,-8.969024683300318157e-03,4.669756660648565622e-02,4.613428017656739238e-02,5.544957740677118607e-02,4.598908956550247507e-02,0.000000000000000000e+00,0.000000000000000000e+00,0.000000000000000000e+00,0.000000000000000000e+00
6.689999999999599822e+00,8.500000000000000000e+01,-2.508426370474160283e+00,1.407162294522442458e+00,-1.402906355602504789e+02,nan,nan,nan,0.000000000000000000e+00,0.000000000000000000e+00,0.000000000000000000e+00,0.000000000000000000e+00,6.420363173494807452e-01,-3.198539940408533927e-02,2.316216011068510383e+00,-8.258227636022072993e-01,3.613590530489664054e+00,-1.018383228988849698e+00,-1.375408430276724159e-01,8.812745325057129708e-01,-1.338623895756380078e+00,1.536895362165110746e-01,9.767436037353937062e-01,-6.080494530626046751e-02,6.784879726431855811e-04,1.942196763995368905e-03,-3.352294951537057284e-04,-3.617013910289111622e-02,-1.131578958415459073e-02,-1.293400667939290372e-01,2.434389840692392087e-02,-5.910816260247353342e-04,-6.756093900663948278e-03,5.705660993381288237e-03,9.618258340955313868e-05,-7.849451100662069303e-03,4.368589974434654993e-02,4.315894135458449299e-02,5.187346698108582371e-02,4.302311452377225592e-02,0.000000000000000000e+00,0.000000000000000000e+00,0.000000000000000000e+00,0.000000000000000000e+00
6.699999999999818101e+00,8.500000000000000000e+01,-2.111284755751368536e+00,1.418521911317928152e+00,-1.389717890600176133e+02,nan,nan,nan,0.000000000000000000e+00,0.000000000000000000e+00,0.000000000000000000e+00,0.000000000000000000e+00,6.171261331402304595e-01,1.151474640032465468e-02,2.315486279837161820e+00,-1.548975143285204581e+00,3.731942195906305937e+00,-1.012843578781052134e+00,1.453850176049375498e-01,9.558849802317792577e-01,-7.161352265488617197e-02,1.287847663949182597e-01,9.384724242147578499e-01,-6.874025179238145433e-02,6.354264830290755296e-04,1.817451974243321743e-03,-3.067761188117650376e-04,0.000000000000000000e+00,0.000000000000000000e+00,0.000000000000000000e+00,0.000000000000000000e+00,0.000000000000000000e+00,0.000000000000000000e+00,4.993442268911385193e-03,8.417643075666375227e-05,-6.869630172431730186e-03,4.086846435822716339e-02,4.037549110378374495e-02,4.852799069861277181e-02,4.024842415480418822e-02,0.000000000000000000e+00,0.000000000000000000e+00,0.000000000000000000e+00,0.000000000000000000e+00
6.710000000000036380e+00,8.500000000000000000e+01,-1.759412163905659021e+00,1.505753587097590884e+00,-1.376616804067860755e+02,nan,nan,nan,0.000000000000000000e+00,0.000000000000000000e+00,0.000000000000000000e+00,0.000000000000000000e+00,6.001322912081000771e-01,4.196369808642497201e-02,2.297670695750342329e+00,-2.327280096490282446e+00,3.669122300888743915e+00,-1.254887507363422250e+00,1.235655496507492707e-01,9.218280639218271455e-01,-7.454732168653990798e-02,1.081400054446945425e-01,9.055353573502542552e-01,-7.190020319361344059e-02,5.904609020462820790e-04,1.700566631075084477e-03,-2.826300673187903223e-04,0.000000000000000000e+00,0.000000000000000000e+00,0.000000000000000000e+00,0.000000000000000000e+00,0.000000000000000000e+00,0.000000000000000000e+00,4.370127443932521512e-03,7.366896629049820536e-05,-6.012117038604658514e-03,3.823273387463722167e-02,3.777155395167163671e-02,4.539827426810162658e-02,3.765268193333460439e-02,0.000000000000000000e+00,0.000000000000000000e+00,0.000000000000000000e+00,0.000000000000000000e+00
6.720000000000254659e+00,8.500000000000000000e+01,-1.418224280236007662e+00,1.608612893986125503e+00,-1.363591937689900533e+02,nan,nan,nan,0.000000000000000000e+00,0.000000000000000000e+00,0.000000000000000000e+00,0.000000000000000000e+00,5.869309404208982173e-01,6.616019928570285313e-02,2.271669772602931570e+00,-3.400156171704109997e+00,3.472763916535714923e+00,-1.516154292841741746e+00,1.047997613370762610e-01,8.907735731496074782e-01,-7.576690289616674900e-02,9.052073371937667534e-02,8.755293512897847075e-01,-7.332018946090218536e-02,5.465743973027096950e-04,1.591130049365230281e-03,-2.612330293360327189e-04,0.000000000000000000e+00,0.000000000000000000e+00,0.000000000000000000e+00,0.000000000000000000e+00,0.000000000000000000e+00,0.000000000000000000e+00,3.824618939747100564e-03,6.447311373891843433e-05,-5.261644423150284994e-03,3.576698959657807070e-02,3.533555255728742378e-02,4.247040268619022702e-02,3.522434695380832065e-02,0.000000000000000000e+00,0.000000000000000000e+00,0.000000000000000000e+00,0.000000000000000000e+00
6.729999999999563443e+00,8.500000000000000000e+01,-1.075227879766035510e+00,1.704195735432644243e+00,-1.350660749621160903e+02,nan,nan,nan,0.000000000000000000e+00,0.000000000000000000e+00,0.000000000000000000e+00,0.000000000000000000e+00,5.612842684525272130e-01,9.386471232475111781e-02,2.254905527115513841e+00,-4.657472007132430036e+00,3.178648520328051230e+00,-1.663029245887200469e+00,8.748433457553342341e-02,8.453126643355194370e-01,-7.797983728965461603e-02,7.421235692236316517e-02,8.310474426238032564e-01,-7.574486935582161462e-02,5.080264133535758323e-04,1.488945984589133513e-03,-2.386251840567348188e-04,0.000000000000000000e+00,0.000000000000000000e+00,0.000000000000000000e+00,0.000000000000000000e+00,0.000000000000000000e+00,0.000000000000000000e+00,3.347204451572988095e-03,5.642514893992275530e-05,-4.604850813432249251e-03,3.346026860115199064e-02,3.305665623729422964e-02,3.973135837003653748e-02,3.295262261846487045e-02,0.000000000000000000e+00,0.000000000000000000e+00,0.000000000000000000e+00,0.000000000000000000e+00
6.739999999999781721e+00,8.500000000000000000e+01,-7.304114894250738343e-01,1.792501326633926473e+00,-1.337834730963479046e+02,nan,nan,nan,0.000000000000000000e+00,0.000000000000000000e+00,0.000000000000000000e+00,0.000000000000000000e+00,5.247596021024215629e-01,1.246354486112358495e-01,2.246214719521156589e+00,-6.085245887194830949e+00,2.727426902900669248e+00,-1.741710177596624831e+00,7.140799925292129480e-02,7.872941827735073783e-01,-8.025406499692826212e-02,5.902698767636383598e-02,7.739434449259267046e-01,-7.823511394346033265e-02,4.739219029219150564e-04,1.393495867865187938e-03,-2.155612881250928135e-04,0.000000000000000000e+00,0.000000000000000000e+00,0.000000000000000000e+00,0.000000000000000000e+00,0.000000000000000000e+00,0.000000000000000000e+00,2.929384029398462985e-03,4.938178487524480086e-05,-4.030042570089122783e-03,3.130231499741180368e-02,3.092473281177774563e-02,3.716896327996361410e-02,3.082740863468476367e-02,0.000000000000000000e+00,0.000000000000000000e+00,0.000000000000000000e+00,0.000000000000000000e+00
6.750000000000000000e+00,8.500000000000000000e+01,-3.837640373735638488e-01,1.873528852364194863e+00,-1.325124765985154909e+02,nan,nan,nan,0.000000000000000000e+00,0.000000000000000000e+00,0.000000000000000000e+00,0.000000000000000000e+00,4.629625810440525235e-01,1.643726731963748577e-01,2.243297688742699858e+00,-7.064587818729381574e+00,2.343931044697042942e+00,-1.774869309530369366e+00,5.550687897404434773e-02,6.944108377230412410e-01,-8.191928393738066860e-02,4.392400655659384201e-02,6.819123868969416691e-01,-8.014430873110767184e-02,4.433706327981830537e-04,1.304537605316107929e-03,-1.895122426059292400e-04,0.000000000000000000e+00,0.000000000000000000e+00,0.000000000000000000e+00,0.000000000000000000e+00,0.000000000000000000e+00,0.000000000000000000e+00,2.563718743760054833e-03,4.321762056953286395e-05,-3.526985731949264929e-03,2.928353432773870765e-02,2.893030355565454417e-02,3.477182477478966971e-02,2.883925610817160423e-02,0.000000000000000000e+00,0.000000000000000000e+00,0.000000000000000000e+00,0.000000000000000000e+00
6.760000000000218279e+00,8.500000000000000000e+01,-1.798992881687975220e-01,2.003146677201457670e+00,-1.312420499306581405e+02,nan,nan,nan,0.000000000000000000e+00,0.000000000000000000e+00,0.000000000000000000e+00,0.000000000000000000e+00,3.940955104103882611e-01,2.066183113234882907e-01,2.241995896781374231e+00,-7.181005590942302952e+00,2.165810845876974700e+00,-1.844483609338650520e+00,4.050062579643076699e-02,5.918506386711154255e-01,-8.086171459955232566e-02,2.965577604436126294e-02,5.801491364428642550e-01,-7.931981973333890323e-02,4.151205093075366792e-04,1.221355342981154469e-03,-1.646264989651531770e-04,0.000000000000000000e+00,0.000000000000000000e+00,0.000000000000000000e+00,0.000000000000000000e+00,0.000000000000000000e+00,0.000000000000000000e+00,2.243698242069104478e-03,3.782290843497681100e-05,-3.086723809247160152e-03,2.739495091001271920e-02,2.706450105539987341e-02,3.252928495911119877e-02,2.697932553231028457e-02,0.000000000000000000e+00,0.000000000000000000e+00,0.000000000000000000e+00,0.000000000000000000e+00
6.770000000000436557e+00,8.500000000000000000e+01,-2.416730791004849735e-02,2.149001456992371661e+00,-1.299767077256082359e+02,nan,nan,nan,0.000000000000000000e+00,0.000000000000000000e+00,0.000000000000000000e+00,0.000000000000000000e+00,3.403949870246055776e-01,2.454630367845543892e-01,2.223227538049167062e+00,-7.114796467270352309e+00,1.995054534058625206e+00,-1.950826045361070182e+00,2.725665539529948528e-02,5.078618762870950043e-01,-7.838376622048980058e-02,1.718245496232917099e-02,4.969083905978965987e-01,-7.702783422908746069e-02,3.856214987029025413e-04,1.143280410481913858e-03,-1.447714377100191090e-04,0.000000000000000000e+00,0.000000000000000000e+00,0.000000000000000000e+00,0.000000000000000000e+00,0.000000000000000000e+00,0.000000000000000000e+00,1.963624837442445870e-03,3.310160031089612662e-05,-2.701418321107729517e-03,2.562816793091517165e-02,2.531902978372217380e-02,3.043137329733246882e-02,2.523934748691814001e-02,0.000000000000000000e+00,0.000000000000000000e+00,0.000000000000000000e+00,0.000000000000000000e+00
6.779999999999745341e+00,8.500000000000000000e+01,1.347096915444939147e-01,2.291917883571746639e+00,-1.287210189635981124e+02,nan,nan,nan,0.000000000000000000e+00,0.000000000000000000e+00,0.000000000000000000e+00,0.000000000000000000e+00,2.951628661332597048e-01,2.824088265900109307e-01,2.194706536537882613e+00,-7.266569394140355520e+00,1.808253421842945130e+00,-1.958745320429793324e+00,1.546375133856591963e-02,4.356093631279103207e-01,-7.494738868010557276e-02,6.147506836954863552e-03,4.253570617728842373e-01,-7.374708202717496219e-02,3.566083671748718990e-04,1.070093633583444649e-03,-1.281554834162051731e-04,0.000000000000000000e+00,0.000000000000000000e+00,0.000000000000000000e+00,0.000000000000000000e+00,0.000000000000000000e+00,0.000000000000000000e+00,1.718512066339672635e-03,2.896963740972006448e-05,-2.364209238207275882e-03,2.397533011293444608e-02,2.368612921689566483e-02,2.846876228375917750e-02,2.361158587165212985e-02,0.000000000000000000e+00,0.000000000000000000e+00,0.000000000000000000e+00,0.000000000000000000e+00
6.789999999999963620e+00,8.500000000000000000e+01,2.967357854072699141e-01,2.431895994184571475e+00,-1.274758803363276769e+02,nan,nan,nan,0.000000000000000000e+00,0.000000000000000000e+00,0.000000000000000000e+00,0.000000000000000000e+00,1.777916827138372180e-01,3.010226464051067863e-01,2.165800398203750810e+00,-7.532503094724683379e+00,1.629538348076297050e+00,-1.861762219514157435e+00,7.140653601565346426e-03,2.625214846567619498e-01,-5.346894639355376927e-02,-1.466567463205914598e-03,2.529176674287035853e-01,-5.251155216644441681e-02,3.294682797655696760e-04,1.002407490568547888e-03,-1.022199782826470208e-04,0.000000000000000000e+00,0.000000000000000000e+00,0.000000000000000000e+00,0.000000000000000000e+00,0.000000000000000000e+00,0.000000000000000000e+00,1.503995908913845821e-03,2.535345372333542205e-05,-2.069092845913861334e-03,2.242908878908906126e-02,2.215853933076737670e-02,2.663272597166138275e-02,2.208880351060442740e-02,0.000000000000000000e+00,0.000000000000000000e+00,0.000000000000000000e+00,0.000000000000000000e+00
6.800000000000181899e+00,8.500000000000000000e+01,4.619149758335273082e-01,2.568935736574409656e+00,-1.262421337322028876e+02,nan,nan,nan,0.000000000000000000e+00,0.000000000000000000e+00,0.000000000000000000e+00,0.000000000000000000e+00,1.750523561875261258e-02,3.087308445161012771e-01,2.136665143388005283e+00,-7.792806357759452851e+00,1.390862892033064568e+00,-1.760661405658091150e+00,1.094536881196523205e-03,3.375676574687235670e-02,-2.099006092240846694e-02,-6.852507980844339645e-03,2.475607998587798370e-02,-2.030584994266392690e-02,3.041979728664020500e-04,9.394550742505682148e-04,-7.305248925659939079e-05,0.000000000000000000e+00,0.000000000000000000e+00,0.000000000000000000e+00,0.000000000000000000e+00,0.000000000000000000e+00,0.000000000000000000e+00,1.316257091431144704e-03,2.218866624425320589e-05,-1.810814853366453023e-03,2.098256923008716759e-02,2.072946832203070855e-02,2.491510117692220458e-02,2.066422997516136062e-02,0.000000000000000000e+00,0.000000000000000000e+00,0.000000000000000000e+00,0.000000000000000000e+00
6.810000000000400178e+00,8.500000000000000000e+01,3.904147688777689917e-01,2.691237328768743886e+00,-1.250312605528212941e+02,nan,nan,nan,0.000000000000000000e+00,0.000000000000000000e+00,0.000000000000000000e+00,0.000000000000000000e+00,-1.688478443017137898e-01,2.936365830363020790e-01,2.108332013316205344e+00,-7.891466981710074435e+00,1.110171121184151843e+00,-1.649557390613875851e+00,-1.275443211853821181e-03,-2.249726773026753390e-01,1.544043605916424478e-02,-8.608529757704930230e-03,-2.334105533749249173e-01,1.585055090968252173e-02,2.806967999837023668e-04,8.807112816142315592e-04,-4.378753279090061051e-05,0.000000000000000000e+00,0.000000000000000000e+00,0.000000000000000000e+00,0.000000000000000000e+00,0.000000000000000000e+00,0.000000000000000000e+00,1.151953087421611881e-03,1.941892868211926920e-05,-1.584776845392988666e-03,1.962934007865603861e-02,1.939256241125137531e-02,2.330825118378020491e-02,1.933153148206318700e-02,0.000000000000000000e+00,0.000000000000000000e+00,0.000000000000000000e+00,0.000000000000000000e+00
6.819999999999708962e+00,8.500000000000000000e+01,2.252033168405351560e-01,2.811784048605628250e+00,-1.238347923047639796e+02,nan,nan,nan,0.000000000000000000e+00,0.000000000000000000e+00,0.000000000000000000e+00,0.000000000000000000e+00,-3.843836191117924739e-01,2.530140062662528111e-01,2.080896895730464990e+00,-7.749542339764015964e+00,8.009242381159972224e-01,-1.501938838879102178e+00,1.851028884242253317e-04,-5.167891414457407295e-01,4.708255982726894384e-02,-6.576879251137397221e-03,-5.247019543129757269e-01,4.721739688270742974e-02,2.588359944007177587e-04,8.259073138553702604e-04,-1.439641110040277259e-05,0.000000000000000000e+00,0.000000000000000000e+00,0.000000000000000000e+00,0.000000000000000000e+00,0.000000000000000000e+00,0.000000000000000000e+00,1.008158606900543810e-03,1.699492826698859878e-05,-1.386954411724994514e-03,1.836338475514380855e-02,1.814187759338725323e-02,2.180503179129785613e-02,1.808478273282873236e-02,0.000000000000000000e+00,0.000000000000000000e+00,0.000000000000000000e+00,0.000000000000000000e+00
6.829999999999927240e+00,8.500000000000000000e+01,6.259639890313413446e-02,2.936311878318446755e+00,-1.226487079703716176e+02,nan,nan,nan,0.000000000000000000e+00,0.000000000000000000e+00,0.000000000000000000e+00,0.000000000000000000e+00,-4.331170707854303248e-01,2.594943496182853804e-01,2.055002889303205293e+00,-7.372663037035736444e+00,4.924938594598693986e-01,-1.468079782298889802e+00,-4.038145495907131260e-03,-5.765005690966406027e-01,5.813632714416470948e-02,-1.028748879299186576e-02,-5.839071052817919050e-01,5.820983558697310351e-02,2.392131409500074452e-04,7.730642071645980407e-04,-7.848419402059471849e-06,0.000000000000000000e+00,0.000000000000000000e+00,0.000000000000000000e+00,0.000000000000000000e+00,0.000000000000000000e+00,0.000000000000000000e+00,8.823135141228632267e-04,1.487350777831723674e-05,-1.213825495870621447e-03,1.717907470726015573e-02,1.697185321020237142e-02,2.039875954959563184e-02,1.691844056934046700e-02,0.000000000000000000e+00,0.000000000000000000e+00,0.000000000000000000e+00,0.000000000000000000e+00
6.840000000000145519e+00,8.500000000000000000e+01,-9.741032176584209223e-02,3.064822710543628315e+00,-1.214737127218861730e+02,nan,nan,nan,0.000000000000000000e+00,0.000000000000000000e+00,0.000000000000000000e+00,0.000000000000000000e+00,-4.204066453479209375e-01,2.833256865357785537e-01,2.029676571880498770e+00,-6.857543008850424116e+00,2.469457582275716434e-01,-1.557385914918713921e+00,-9.997826752183983090e-03,-5.528705375970776048e-01,6.370786997848418287e-02,-1.577780216133519570e-02,-5.597984171033278944e-01,6.378947969383712280e-02,2.212466184857949704e-04,7.231039643832911116e-04,-8.713383781535843854e-06,0.000000000000000000e+00,0.000000000000000000e+00,0.000000000000000000e+00,0.000000000000000000e+00,0.000000000000000000e+00,0.000000000000000000e+00,7.721772465913536495e-04,1.301689716816096055e-05,-1.062307687960044149e-03,1.607114438502187104e-02,1.587728722707560519e-02,1.908318204462713247e-02,1.582731932846030698e-02,0.000000000000000000e+00,0.000000000000000000e+00,0.000000000000000000e+00,0.000000000000000000e+00
6.850000000000363798e+00,8.500000000000000000e+01,-2.548211816664593954e-01,3.197318597939621476e+00,-1.203104613218091146e+02,nan,nan,nan,0.000000000000000000e+00,0.000000000000000000e+00,0.000000000000000000e+00,0.000000000000000000e+00,-4.548698443434738836e-01,2.947200206780484222e-01,2.016777905416852423e+00,-6.483147088038096584e+00,-4.048034104941250488e-02,-1.538649956413358888e+00,-1.412859709440463310e-02,-5.953805566437778696e-01,7.424112659835684080e-02,-1.950405473943742085e-02,-6.018641394514396836e-01,7.428489861288070650e-02,2.057624371366949376e-04,6.767300769879052618e-04,-4.673492117794703581e-06,0.000000000000000000e+00,0.000000000000000000e+00,0.000000000000000000e+00,0.000000000000000000e+00,0.000000000000000000e+00,0.000000000000000000e+00,6.757889237887990119e-04,1.139204109830018864e-05,-9.297033451168305526e-04,1.503466782963962418e-02,1.485331310428251485e-02,1.785245009937863267e-02,1.480656778610055062e-02,0.000000000000000000e+00,0.000000000000000000e+00,0.000000000000000000e+00,0.000000000000000000e+00
6.859999999999672582e+00,8.500000000000000000e+01,-4.966379920585760610e-01,3.350598874921599801e+00,-1.191402637620502247e+02,nan,nan,nan,0.000000000000000000e+00,0.000000000000000000e+00,0.000000000000000000e+00,0.000000000000000000e+00,-5.078425495503023912e-01,3.012344503615848601e-01,2.008755474041713729e+00,-6.086207817070369508e+00,-3.848901491190685475e-01,-1.357081123727124750e+00,-1.736790446393670848e-02,-6.632392148858825554e-01,8.709086299632393113e-02,-2.237810313325604844e-02,-6.693082512763783853e-01,8.708497161966539946e-02,1.917810085790165923e-04,6.334614033045487050e-04,6.290161116883082157e-07,0.000000000000000000e+00,0.000000000000000000e+00,0.000000000000000000e+00,0.000000000000000000e+00,0.000000000000000000e+00,0.000000000000000000e+00,5.914324354047051542e-04,9.970010418673047866e-06,-8.136515622712272786e-04,1.406503677225802093e-02,1.389537815991795551e-02,1.670109176789710825e-02,1.385164758824120219e-02,0.000000000000000000e+00,0.000000000000000000e+00,0.000000000000000000e+00,0.000000000000000000e+00
6.869999999999890861e+00,8.500000000000000000e+01,-7.768977236759679883e-01,3.517883907797857646e+00,-1.179720857116986110e+02,nan,nan,nan,0.000000000000000000e+00,0.000000000000000000e+00,0.000000000000000000e+00,0.000000000000000000e+00,-5.648451472381045280e-01,2.957509514334322187e-01,2.002056328457312961e+00,-5.284087395387609298e+00,-6.543842586250768756e-01,-1.113019097188198137e+00,-1.882364240222704488e-02,-7.362928788099247779e-01,9.680162660985951184e-02,-2.349431065680953473e-02,-7.419741281595010340e-01,9.674896209738460817e-02,1.787844210823512261e-04,5.929857647816010871e-04,5.622934804719737899e-06,0.000000000000000000e+00,0.000000000000000000e+00,0.000000000000000000e+00,0.000000000000000000e+00,0.000000000000000000e+00,0.000000000000000000e+00,5.176058874827892727e-04,8.725487109002868342e-06,-7.120861382973893948e-04,1.315794014517393876e-02,1.299922332825903526e-02,1.562398800652179537e-02,1.295831307299600763e-02,0.000000000000000000e+00,0.000000000000000000e+00,0.000000000000000000e+00,0.000000000000000000e+00
