t_s,phi_deg,roll_deg,pitch_deg,yaw_deg,pos_x,pos_y,pos_z,u0,u1,u2,u3,wx,wy,wz,wx_dot,wy_dot,wz_dot,pred_wx_dot,pred_wy_dot,pred_wz_dot,pred_nogyro_wx_dot,pred_nogyro_wy_dot,pred_nogyro_wz_dot,tau_gyro_x,tau_gyro_y,tau_gyro_z,flap_damp_x,flap_damp_y,flap_damp_z,flap_prec_x,flap_prec_y,flap_prec_z,tau_cmd_x,tau_cmd_y,tau_cmd_z,spd0,spd1,spd2,spd3,sem_lift,sem_roll,sem_pitch,sem_yaw
0.000000000000000000e+00,8.500000000000000000e+01,-3.506893482432094089e-01,-8.605574978827085220e-01,1.129068140907787807e+02,2.639302657070519698e-01,-1.017902612811217411e+00,-4.309124941065636816e-01,8.254411816596984863e-02,9.142782539129257202e-02,1.135386526584625244e-01,1.915897876024246216e-01,7.728724194999704068e-03,3.950195493746901966e-03,5.849468468321980183e-03,-1.017826054051778617e-01,-1.031003871485324519e-01,-3.026103012819345572e-01,-3.565147376578721605e+00,8.501251695353863325e-02,-3.372247547602077677e+00,-3.540565929615264729e+00,7.785299146610652476e-02,-3.398818669712458718e+00,-1.864690368981706352e-05,7.419162736518735302e-04,3.589845773251318373e-03,-9.508813675658293278e-04,1.816394935917341112e-07,-7.115901044843055481e-04,2.859658328652094270e-05,5.184319230934913618e-06,-4.128480748513545814e-05,-1.355261682626514863e-01,8.122883091817623830e-03,-3.628862894505148207e-01,5.835869154334068221e-02,9.142782539129257202e-02,1.135386526584625244e-01,1.915897876024246216e-01,1.197750959545373917e-01,3.458371385931968689e-02,-4.346742108464241028e-02,-6.557824835181236267e-02
9.999999999990905053e-03,8.458333333333371229e+01,-3.507617691396683335e-01,-8.567534140010182320e-01,1.129058692785055058e+02,2.638541243579415885e-01,-1.018162024542229593e+00,-4.316362670518289479e-01,8.585964157143341491e-02,9.867909422256641860e-02,1.192564096583745847e-01,1.971916638213546957e-01,9.484854708678639237e-03,2.209561280599068797e-03,5.701945859817654505e-03,-1.943203104979999429e-01,-1.109000294136219811e-01,-3.176704256849880448e-01,-3.531865471475252871e+00,7.149484717137416512e-02,-3.366287139438031595e+00,-3.502170348930097710e+00,6.017656766623267345e-02,-3.393052097248824506e+00,-1.883721467261167691e-05,1.172836348240837876e-03,3.614145216791616808e-03,-1.163109163850729270e-03,1.719340319493069983e-06,-6.913858563683410218e-04,2.881713611554791556e-05,6.860759134216898683e-06,-5.059423993266319846e-05,-1.359972143289288338e-01,6.277603413204537949e-03,-3.641092650574374590e-01,5.850986801047660529e-02,9.189548158056767835e-02,1.139074080462434274e-01,1.919510694892631042e-01,1.252467023184322681e-01,3.255790075592356059e-02,-4.537735340705655734e-02,-6.595466884286473042e-02
1.999999999998181011e-02,8.416666666666743879e+01,-3.498269638407638382e-01,-8.492554657125730433e-01,1.129006461989188637e+02,2.638155059986190265e-01,-1.019336714893633644e+00,-4.318693610653215886e-01,8.917516497689696731e-02,1.059303630538402652e-01,1.249741666582866451e-01,2.027935400402847421e-01,5.921398268948821139e-03,7.155709294730264181e-03,2.472287474566422713e-03,-2.355757953240114888e-01,-7.510959668709134285e-02,-3.252751057274289037e-01,-3.480584581322030857e+00,6.190514625935800153e-02,-3.366569592031951164e+00,-3.462329385694692174e+00,4.250969157490535472e-02,-3.397315514930427494e+00,-5.095116446992930433e-06,2.027059375050908191e-03,3.640018535344814558e-03,-7.215479122058840802e-04,-7.037090542963808011e-06,-2.924452953362014678e-04,7.632548586183220046e-06,4.572767395803875842e-06,-3.151605747480926226e-05,-1.363693955631793409e-01,4.436372968271954861e-03,-3.664098122694223192e-01,5.880247111859059073e-02,9.280063340150292162e-02,1.146211366750614080e-01,1.926503331048043943e-01,1.307183086823271445e-01,3.053208765252739265e-02,-4.728728572947069747e-02,-6.633108933391708428e-02
2.999999999997271516e-02,8.375000000000113687e+01,-3.488928485522637124e-01,-8.417574429150828097e-01,1.128954239292946653e+02,2.637787645750737653e-01,-1.019395528561137132e+00,-4.324748085789682506e-01,9.249068838236053358e-02,1.131816318851140979e-01,1.306919236581987054e-01,2.083954162592148163e-01,7.069938089416659410e-03,1.561468405246762073e-02,-2.289693903208066261e-03,-1.865558680641671574e-01,-1.623384219676308332e-02,-3.474653800117835090e-01,-3.442426828210544354e+00,5.151308043388259233e-02,-3.374533596006549452e+00,-3.420839671275959226e+00,2.467191638894519062e-02,-3.410845807533871898e+00,1.638922017275847866e-05,2.820453159744409650e-03,3.686758531855829826e-03,-8.536946171392583186e-04,-2.435689401030692808e-05,2.869127975660511328e-04,-2.490997520773120363e-05,5.777730428229245675e-06,-3.751355027416084404e-05,-1.366323344253182748e-01,2.576540477796597853e-03,-3.697204976054201397e-01,5.922737983720910426e-02,9.411506544177702938e-02,1.156575901805185630e-01,1.936657809883602088e-01,1.361899150462220209e-01,2.850627454913126635e-02,-4.919721805188483760e-02,-6.670750982496945203e-02
4.000000000002046363e-02,8.333333333333247595e+01,-3.479594232219825889e-01,-8.342593454805286024e-01,1.128902024695959199e+02,2.632494179916946009e-01,-1.019529446374062065e+00,-4.332188406570097738e-01,9.580621178784294589e-02,1.204329007164291615e-01,1.364096806581432397e-01,2.139972924781767261e-01,1.380592702735095392e-02,2.823914188886835278e-02,-8.868692162911495994e-03,-4.773196198833178083e-02,1.670892648172616138e-02,-4.094208883035332924e-01,-3.418631643865380543e+00,4.006112746259908597e-02,-3.389374411546383303e+00,-3.377360425139992017e+00,6.404153902288167895e-03,-3.433030796617647873e+00,4.761967532506844209e-05,3.555544225148067183e-03,3.757400040738229346e-03,-1.647826341214733139e-03,-5.401406819662739003e-05,1.071613235448501964e-03,-7.110287768810380667e-05,1.184737570723028404e-05,-7.296243970396006117e-05,-1.367699323287643598e-01,6.768962533464711537e-04,-3.739792360163776141e-01,5.977606137861434660e-02,9.581238198608059420e-02,1.169959550623172334e-01,1.949770214632027820e-01,1.416615214101480391e-01,2.648046144572363536e-02,-5.110715037430985097e-02,-6.708393031602392920e-02
5.000000000001136868e-02,8.291666666666618823e+01,-3.470266877978207543e-01,-8.267611732810118408e-01,1.128849818197855797e+02,2.639189628537077503e-01,-1.019161175124978058e+00,-4.338707626903280934e-01,9.912173519330649829e-02,1.276841695477030081e-01,1.421274376580553001e-01,2.195991686971067725e-01,1.487717303938450482e-02,2.661416500986774764e-02,-1.762838052368578129e-02,6.665810232321318918e-02,2.853152618537817264e-02,-4.812246181472580875e-01,-3.375048129364072391e+00,2.766715614905122106e-02,-3.409910926927927743e+00,-3.331485203265015294e+00,-1.245976043833651320e-02,-3.462934743834610529e+00,7.951711851541856647e-05,4.241859575852614458e-03,3.811774526602785661e-03,-1.751280802917949382e-03,-6.645215663101022494e-05,2.071989671058926518e-03,-1.165164094928729265e-04,1.331443786580598613e-05,-7.823079027174982894e-05,-1.367615421628902705e-01,-1.282686213321091590e-03,-3.791287539269492246e-01,6.044053326029278500e-02,9.786788965836140664e-02,1.186167601455418164e-01,1.965649779733126545e-01,1.471331277740429155e-01,2.445464834232748130e-02,-5.301708269672399110e-02,-6.746035080707628306e-02
6.000000000000227374e-02,8.249999999999990052e+01,-3.490884091260444411e-01,-8.313544668040736552e-01,1.128626768748344062e+02,2.634270251660664752e-01,-1.019462905681397524e+00,-4.349473245732920490e-01,1.024372585987700646e-01,1.349354383789768685e-01,1.478451946579673604e-01,2.252010449160368466e-01,8.287490545045525861e-03,5.718428267789576330e-03,-2.933720729687993439e-02,1.054612626352737469e-02,1.802334732641843254e-02,-5.300256284196597223e-01,-3.307039958947695535e+00,1.444879626128738742e-02,-3.434974076446011271e+00,-3.282801818300540742e+00,-3.197966595527402395e-02,-3.499919523848183278e+00,1.104708145075235796e-04,4.884435164370284216e-03,3.841595260342680306e-03,-9.602695561967737820e-04,-4.572130359053588064e-05,3.348092771781535811e-03,-1.586368130640810996e-04,7.688835999030577690e-06,-4.331472380387810608e-05,-1.365829625497854971e-01,-3.321537349102854104e-03,-3.851161127103480686e-01,6.121332781409600382e-02,1.002584876328413005e-01,1.205017900100540523e-01,1.984118042672853577e-01,1.526047341379377920e-01,2.242883523893134112e-02,-5.492701501913814510e-02,-6.783677129812863693e-02
6.999999999999317879e-02,8.208333333333361281e+01,-3.518983075064838206e-01,-8.389832425687181461e-01,1.128360905932412948e+02,2.636691292679406717e-01,-1.019791034621466252e+00,-4.350690464359464049e-01,1.057527820042336308e-01,1.421867072102507012e-01,1.535629516578794207e-01,2.308029211349669207e-01,-8.675558305652423391e-04,-9.542049136765654721e-03,-3.825029132631969225e-02,-9.081720333570937609e-02,-2.176305049473340608e-02,-5.515211599180819269e-01,-3.229716671282329532e+00,-1.907315933473739200e-05,-3.470308180147463784e+00,-3.230763137207289581e+00,-5.227186954272366320e-02,-3.543815647799442470e+00,1.346901688531615415e-04,5.483590593829735377e-03,3.864151307481761971e-03,9.877728933206508116e-05,-2.860268765201990894e-05,4.260169236522240443e-03,-1.893482705385468503e-04,-8.300008684807401861e-07,4.501667809920181908e-06,-1.362072780457849741e-01,-5.458419392577655224e-03,-3.918922853802178086e-01,6.208745898430922255e-02,1.029625649256447895e-01,1.226340040030793610e-01,2.005008050522753549e-01,1.580763405018326684e-01,2.040302213553521482e-02,-5.683694734155228523e-02,-6.821319178918100468e-02
7.999999999998408384e-02,8.166666666666732510e+01,-3.547047130457477437e-01,-8.466134192419165760e-01,1.128095108612584312e+02,2.624676201137745579e-01,-1.021479034589699353e+00,-4.355213508314217385e-01,1.090683054096971971e-01,1.494379760415245340e-01,1.592807086577914810e-01,2.364047973538969671e-01,-1.596590791466764511e-02,-1.174704180715244704e-02,-4.068633951311238089e-02,-5.196952933939116143e-02,-9.108235540831348398e-02,-5.371170288496337486e-01,-3.134233520062550404e+00,-1.597807783290725731e-02,-3.518640169213993918e+00,-3.174731186262873983e+00,-7.345909089445211426e-02,-3.594056128173445330e+00,1.440655667304724169e-04,6.044817228448500640e-03,3.865900945824076416e-03,1.783613085196463464e-03,-2.958292021497156709e-05,4.433254163604076654e-03,-1.978188680873685856e-04,-1.567871862384942732e-05,8.215377531680920534e-05,-1.356055663849727866e-01,-7.711705310068770261e-03,-3.994117801640451604e-01,6.305639126701348407e-02,1.059599043104029470e-01,1.249974604749175960e-01,2.028163617652085360e-01,1.635479468657275448e-01,1.837720903213907464e-02,-5.874687966396641148e-02,-6.858961228023335854e-02
8.999999999997498890e-02,8.125000000000103739e+01,-3.575076258822570963e-01,-8.542449969672220034e-01,1.127829376848243328e+02,2.624577178479923778e-01,-1.021512821914815738e+00,-4.357890678826774056e-01,1.123838288151607634e-01,1.566892448727983944e-01,1.649984656577035413e-01,2.420066735728270413e-01,-2.862886735841186844e-02,-1.188194181629251452e-02,-4.276832864723573158e-02,6.576058527820129174e-02,-1.370979388932958565e-01,-5.476190447826183583e-01,-3.042973164881459969e+00,-3.454225544489581551e-02,-3.572934275276995919e+00,-3.114201525909449320e+00,-9.596629811438821267e-02,-3.650031064469450914e+00,1.539977394319638022e-04,6.474584976091628773e-03,3.909131780058253819e-03,3.134092326951228025e-03,-3.517863363065120401e-05,4.555499296806957664e-03,-2.060455260129263010e-04,-2.874094655685453372e-05,1.459105016757610094e-04,-1.347474911376247420e-01,-1.009951736113769843e-02,-4.076323053952199960e-01,6.411401065264187016e-02,1.092315924306296732e-01,1.275772459009213433e-01,2.053438631312328455e-01,1.690195532296224490e-01,1.635139592874293446e-02,-6.065681198638056548e-02,-6.896603277128569853e-02
1.000000000000227374e-01,8.083333333333239068e+01,-3.603070461541205693e-01,-8.618779758883817754e-01,1.127563710698630501e+02,2.622764349255768401e-01,-1.021898474221630160e+00,-4.366688269482784102e-01,1.155952542906602543e-01,1.616999195147934554e-01,1.699635306411289015e-01,2.481188826920175949e-01,-2.834255336247110471e-02,-1.009911989193257309e-03,-4.296774352584463441e-02,1.316746320842850926e-01,-1.000232155171816434e-01,-6.363189171623897522e-01,-2.990316453139703956e+00,-5.802180430816585022e-02,-3.636018084740459511e+00,-3.058517276254971051e+00,-1.203130794740134707e-01,-3.713850675518784339e+00,1.658401885605236112e-04,6.597540779096006287e-03,4.104961846001183023e-03,3.038509189763009127e-03,-6.789792682957749930e-05,4.487860848729497906e-03,-2.154673389730184664e-04,-2.901135455811160028e-05,1.428093021410942968e-04,-1.340383242167015876e-01,-1.263901943882074670e-02,-4.168266481739975049e-01,6.524985093486375398e-02,1.126154330346346294e-01,1.303108651971256471e-01,2.081025531080393787e-01,1.738443967846500515e-01,1.602534341337774615e-02,-6.213000863751094727e-02,-7.039361976384639341e-02
1.100000000000136424e-01,8.041666666666610297e+01,-3.594119760213903003e-01,-8.558683523001476834e-01,1.127176933570808188e+02,2.629712412158723422e-01,-1.022162581101366818e+00,-4.374343301453071930e-01,1.186045172372160311e-01,1.623592666358089631e-01,1.734668362832353372e-01,2.552221796235923379e-01,-1.392288918045856555e-02,5.780784530805962301e-03,-4.942541093254210899e-02,1.622139946448568626e-01,-8.518168924638555572e-02,-7.051324555029708785e-01,-2.994984427847954045e+00,-8.522200078728399408e-02,-3.706209933808804369e+00,-3.026763308338260572e+00,-1.465946720826092342e-01,-3.790998179555415071e+00,1.998233724689588750e-04,6.521738849616135272e-03,4.437674665890531042e-03,1.462015826443620022e-03,-1.030815616535591490e-04,5.056306873556993230e-03,-2.515095853210709835e-04,-1.452112281434105415e-05,6.915059556668203108e-05,-1.343285381789612876e-01,-1.534398544140013268e-02,-4.275855153634940953e-01,6.644964949602362447e-02,1.158235628396598882e-01,1.330941238863571907e-01,2.111414398862115072e-01,1.774131999449631847e-01,1.900029697088204128e-02,-6.275504636947495940e-02,-7.386261601690133349e-02
1.200000000000045475e-01,7.999999999999981526e+01,-3.573736271616312909e-01,-8.456080159281471609e-01,1.126752559735115113e+02,2.624441173091598412e-01,-1.022666397562835172e+00,-4.384939419592212007e-01,1.216137801837717941e-01,1.630186137568244431e-01,1.769701419253418007e-01,2.623254765551670808e-01,1.330461846027950618e-02,8.872918614353516448e-03,-6.155439601336956668e-02,2.356743134873453271e-01,-1.271943314165380479e-01,-6.641679924421407533e-01,-3.049673314160743054e+00,-1.147773028511629018e-01,-3.784713258220879339e+00,-3.017981332706432429e+00,-1.752351198393087561e-01,-3.881142626461036471e+00,2.546753343873810627e-04,6.434018238853552937e-03,4.836803089264468843e-03,-1.368694911628476861e-03,-1.401895934322274124e-04,6.157624011806486775e-03,-3.100310913551588979e-04,1.412961448257131527e-05,-6.497463578522839748e-05,-1.356151936946404790e-01,-1.822739987071420389e-02,-4.398876442913018381e-01,6.770928147388056983e-02,1.188673139648941390e-01,1.359238205744984496e-01,2.144424527292446703e-01,1.809820031052762901e-01,2.197525052838630866e-02,-6.338008410143897153e-02,-7.733161226995631521e-02
1.299999999999954525e-01,7.958333333333352755e+01,-3.553429842769330049e-01,-8.353464225144076050e-01,1.126328343892731709e+02,2.624266609843194376e-01,-1.022957652325391820e+00,-4.389181826073802473e-01,1.246230431303275710e-01,1.636779608778399231e-01,1.804734475674482364e-01,2.694287734867418238e-01,2.039413011300492823e-02,9.327564441901565681e-03,-7.096652988565954612e-02,3.211719948710444195e-01,-9.523730905924647494e-02,-6.048042401234210441e-01,-3.077660415864593713e+00,-1.455198958150634991e-01,-3.878252418826739767e+00,-3.031317660519896151e+00,-2.051396187921907255e-01,-3.983688564743744998e+00,2.978238805092183914e-04,6.363286400884351872e-03,5.169073831488585173e-03,-2.055743307251968726e-03,-1.656076441846226523e-04,6.937354270312149143e-03,-3.501479378144832771e-04,2.204019519448653620e-05,-9.772749594455970622e-05,-1.378967527406350368e-01,-2.130181158120881407e-02,-4.537129352377637370e-01,6.902488803099596226e-02,1.217572876869936482e-01,1.387969603349905878e-01,2.179886863369141781e-01,1.845508062655893955e-01,2.495020408589061767e-02,-6.400512183340296979e-02,-8.080060852301128305e-02
1.399999999999863576e-01,7.916666666666723984e+01,-3.533200471107906249e-01,-8.250835717396842739e-01,1.125904286281631670e+02,2.625532323391148171e-01,-1.023167516642826458e+00,-4.393238124824321300e-01,1.276323060768833340e-01,1.643373079988554031e-01,1.839767532095546720e-01,2.765320704183165668e-01,-3.528974357626238345e-03,5.720464956665594590e-03,-7.619469909509006544e-02,2.694380144146426015e-01,1.327703552702380434e-02,-6.996993894040784978e-01,-3.059378864019013378e+00,-1.765040777143319084e-01,-3.987478447959978745e+00,-3.066015161137983114e+00,-2.354663271640046462e-01,-4.098209149224098624e+00,3.208579377856975341e-04,6.323173588515642110e-03,5.384224331978773419e-03,3.486182187375532729e-04,-1.690420654071171126e-04,7.272365677038797674e-03,-3.639214486830180543e-04,-3.878637219076964833e-06,1.656390624662947076e-05,-1.411728085795410093e-01,-2.457948978789162991e-02,-4.690421443765798726e-01,7.039285919799179170e-02,1.245034015743205769e-01,1.417107413931182613e-01,2.217643256827757925e-01,1.881196094259025009e-01,2.792515764339491280e-02,-6.463015956536698192e-02,-8.426960477606625088e-02
1.499999999999772626e-01,7.875000000000095213e+01,-3.513048154081116481e-01,-8.148194632844948382e-01,1.125480387138919696e+02,2.630968942487958429e-01,-1.023579677869979720e+00,-4.402000911454640453e-01,1.306415690234390969e-01,1.649966551198708831e-01,1.874800588516611077e-01,2.836353673498913652e-01,-1.001486876676609995e-02,-2.608354904443986946e-03,-7.741518933518619361e-02,1.425768195522666149e-01,8.618518144823127114e-02,-9.057993396002836928e-01,-3.101187790434179803e+00,-2.100647796470510864e-01,-4.112210832457815712e+00,-3.121353122469764152e+00,-2.686641667431720615e-01,-4.224642707522131779e+00,3.223455544932626979e-04,6.267806150413234717e-03,5.678573153968684284e-03,9.697626183878907966e-04,-1.451745209462255862e-04,7.205763812862514724e-03,-3.524620519662871230e-04,-1.118789928825863306e-05,4.597344834069642516e-05,-1.454438599245881092e-01,-2.807254441967638181e-02,-4.858566320402841754e-01,7.180981782329926011e-02,1.271149335813522574e-01,1.446625426690646976e-01,2.257545756991224950e-01,1.916884125862156063e-01,3.090011120089923569e-02,-6.525519729733102181e-02,-8.773860102912124648e-02
1.600000000000250111e-01,7.833333333333229120e+01,-3.510576659200806970e-01,-8.060169210857529576e-01,1.125011902576547413e+02,2.619538830339573909e-01,-1.027477556621620991e+00,-4.400643693192239359e-01,1.336508319700119851e-01,1.656560022408901101e-01,1.909833644937874719e-01,2.907386642815064648e-01,1.163758886862709813e-02,-1.855659494370409321e-02,-7.216850499156424181e-02,6.700215673526724314e-02,1.256786505076027127e-01,-1.058518128490350874e+00,-3.220429649127488858e+00,-2.467474615826158735e-01,-4.253516195508781905e+00,-3.196668329979901912e+00,-3.054496374689582017e-01,-4.362385200134874630e+00,2.869654630364754013e-04,6.182377737287041500e-03,6.099867289861940142e-03,-1.104805769778656336e-03,-7.447066660607416983e-05,6.533429939164902417e-03,-3.025306281112145890e-04,1.320705202657182302e-05,-5.218072600261759383e-05,-1.507111229049560297e-01,-3.179301726033279679e-02,-5.041381578215407000e-01,7.327260455803696892e-02,1.296005632993092738e-01,1.476499121243542989e-01,2.299455954967728477e-01,1.952572157465490288e-01,3.387506475842043396e-02,-6.588023502929855890e-02,-9.120759728219592077e-02
1.700000000000159162e-01,7.791666666666600349e+01,-3.581153333665432759e-01,-8.032848602995703580e-01,1.124358148689106542e+02,2.620393623341051303e-01,-1.027859210145524171e+00,-4.405364820184184960e-01,1.366600949165677481e-01,1.663153493619056178e-01,1.944866701358939076e-01,2.978419612130812077e-01,2.349683969246075046e-02,-1.320751614895533492e-02,-8.394297510883713676e-02,-1.898381902715876729e-02,1.141935571690804452e-01,-1.143644947303519288e+00,-3.336807337880970614e+00,-2.865379151034086469e-01,-4.392228676907238949e+00,-3.290858997405519126e+00,-3.442328830397550221e-01,-4.511334502435485838e+00,3.474277600980907300e-04,6.106046278971862494e-03,6.488284509135931744e-03,-2.187375106357325374e-03,-1.181511883366765368e-04,7.444943465182096709e-03,-3.520056758587795476e-04,2.707532060797461442e-05,-1.027914326299549037e-04,-1.569763753007135665e-01,-3.575294928248530513e-02,-5.238687152043319806e-01,7.477826380925670091e-02,1.319684105464052348e-01,1.506705558598630257e-01,2.343244368272134615e-01,1.988260189068621342e-01,3.685001831592471522e-02,-6.650527276126258491e-02,-9.467659353525088861e-02
1.800000000000068212e-01,7.749999999999971578e+01,-3.651763370406829745e-01,-8.005613796092235779e-01,1.123704740903962858e+02,2.620938727156738035e-01,-1.026211848899297063e+00,-4.419202787933009802e-01,1.396693578631235111e-01,1.669746964829210978e-01,1.979899757780003433e-01,3.049452581446559507e-01,2.899688629119026237e-02,5.970944840998724384e-03,-1.067701064685214057e-01,-1.696850291089521401e-01,4.575848435691670657e-02,-1.171427740192665601e+00,-3.457826416753701171e+00,-3.295613626111635330e-01,-4.533933452879335135e+00,-3.403237609179022183e+00,-3.854435651494182435e-01,-4.671379692779225934e+00,4.754832324951254342e-04,6.036192737312252171e-03,6.856087479442196306e-03,-2.647575710634171402e-03,-2.452881612137971677e-04,9.304300284512970198e-03,-4.622615008424502472e-04,3.391038910300411547e-05,-1.236457239812234954e-04,-1.642418282620941028e-01,-3.996442869964237504e-02,-5.450303994467884383e-01,7.632403059911123389e-02,1.342260714692964096e-01,1.537223279169386281e-01,2.388789865135187152e-01,2.023948220671752396e-01,3.982497187342901035e-02,-6.713031049322659705e-02,-9.814558978830585645e-02
1.899999999999977263e-01,7.708333333333342807e+01,-3.722406771336965181e-01,-7.978464789914332389e-01,1.123051680152880465e+02,2.620625375486744235e-01,-1.026145367857874913e+00,-4.426166588379423228e-01,1.426786208096792741e-01,1.676340436039365778e-01,2.014932814201068068e-01,3.120485550762307492e-01,4.054317721903440835e-02,1.232837432642157859e-02,-1.159280162484894183e-01,-3.459224133908967991e-01,-2.475434374387129252e-02,-1.130331017298080054e+00,-3.607523708678989305e+00,-3.747098274433671161e-01,-4.697027891774440356e+00,-3.533846559657494169e+00,-4.295230011112442514e-01,-4.841852880698425565e+00,5.313509010509580082e-04,5.957736956422862717e-03,7.256365985960535302e-03,-3.631570170723189689e-03,-2.936738965145078051e-04,9.890511204661833755e-03,-4.960532337399270334e-04,4.809789130089848098e-05,-1.683683201779818494e-04,-1.725100213770698887e-01,-4.443962351331700450e-02,-5.676053033288400718e-01,7.790731827151106681e-02,1.363806523162390538e-01,1.568032207362723418e-01,2.435979125940637702e-01,2.059636252274883450e-01,4.279992543093331936e-02,-6.775534822519062306e-02,-1.016145860413608659e-01
1.999999999999886313e-01,7.666666666666715457e+01,-3.793083538365604190e-01,-7.951401584230890496e-01,1.122398967363028532e+02,2.618222959687973583e-01,-1.027023292225374584e+00,-4.436345057274471704e-01,1.456878837562350371e-01,1.682933907249520578e-01,2.049965870622132424e-01,3.191518520078054921e-01,5.884221689390465443e-02,4.366633147353133140e-03,-1.098194541707500915e-01,-3.752162389556771283e-01,-1.041970167795018970e-01,-1.055918272397963875e+00,-3.786108743884291972e+00,-4.209014863326882572e-01,-4.881376171987469981e+00,-3.682384508152480418e+00,-4.763808306306425711e-01,-5.022262148278513472e+00,5.006874221975277919e-04,5.954747532028399452e-03,7.685249877898791757e-03,-5.171846156757241644e-03,-2.452714829848776546e-04,9.148002088941989754e-03,-4.490839906576623718e-04,7.078586093082202908e-05,-2.378085184665746287e-04,-1.817837375170635317e-01,-4.919080169955053483e-02,-5.915754361510610071e-01,7.952570699161655432e-02,1.384388010321142559e-01,1.599113562321079762e-01,2.484706139395944646e-01,2.095324283878014504e-01,4.577487898843761449e-02,-6.838038595715463519e-02,-1.050835822944158338e-01
2.099999999999795364e-01,7.625000000000085265e+01,-3.773483984775500844e-01,-7.978746431005863116e-01,1.121545795222849051e+02,2.623250379616809957e-01,-1.027576130393448306e+00,-4.443620958738033755e-01,1.488102631940828868e-01,1.702761466733921369e-01,2.092271758350045252e-01,3.266170822461819112e-01,6.067404515183870417e-02,-6.052325874697409664e-04,-1.185874056868419096e-01,-1.183334989283015698e-01,-1.548329124345185770e-01,-1.046417655860135243e+00,-3.946933188140725246e+00,-4.676611104213775350e-01,-5.065526088647619218e+00,-3.843603650274767691e+00,-5.255560017670108941e-01,-5.212833813835786145e+00,5.405056697853173131e-04,6.194650694628519097e-03,8.024293125898664808e-03,-5.232830893605414438e-03,-2.381440681516104694e-04,9.648534060467768222e-03,-4.655124901057683721e-04,7.396147954445556928e-05,-2.385522271712782645e-04,-1.918578078872663073e-01,-5.425073796860649389e-02,-6.169552299456726452e-01,8.118209071009384326e-02,1.404920874411107468e-01,1.630918821239356054e-01,2.535105152898173841e-01,2.137326669871653650e-01,4.796201146593406794e-02,-6.942789494524331806e-02,-1.083789241068556924e-01
2.200000000000272848e-01,7.583333333333219173e+01,-3.712867452596049778e-01,-8.030664135199110376e-01,1.120602213947988446e+02,2.622050510825825187e-01,-1.028195276044074902e+00,-4.448518238237644251e-01,1.521183018704354573e-01,1.744310268833018096e-01,2.146514617483960552e-01,3.346763572729099523e-01,2.757729388703437923e-02,7.647223766007998219e-04,-1.589099097575812358e-01,2.957758278517721995e-01,-1.189884348051908625e-01,-1.198428347660295934e+00,-4.053871838599609312e+00,-5.152377696957984865e-01,-5.239666994068644001e+00,-4.010183492604742383e+00,-5.758931863956080477e-01,-5.413955452467409835e+00,7.369293572971029197e-04,6.607192600298981977e-03,8.191124579547265361e-03,-2.332931314266180681e-03,-3.248282582065779595e-04,1.263946622235299737e-02,-6.088786514059867485e-04,3.402460005765312083e-05,-1.055013256499898487e-04,-2.023893116070638598e-01,-5.967104613697923887e-02,-6.437862549610855467e-01,8.288248443784607122e-02,1.426809119705669815e-01,1.664171148644194298e-01,2.587451451517542855e-01,2.189692869437608325e-01,4.885608525582377237e-02,-7.116881026869012472e-02,-1.113892451337843703e-01
2.300000000000181899e-01,7.541666666666590402e+01,-3.652170598140299651e-01,-8.082492932926548246e-01,1.119659346717816817e+02,2.623626829205067401e-01,-1.028551463404229649e+00,-4.453144426587093418e-01,1.554263405467692094e-01,1.785859070931878900e-01,2.200757476617567487e-01,3.427356322995921412e-01,-1.637711766587277191e-03,3.801741113950488343e-03,-1.917665229619359701e-01,4.658660976349181526e-01,-3.604847026980197849e-02,-1.411401565369301503e+00,-4.175839125871084967e+00,-5.654700098117423357e-01,-5.430292847870507700e+00,-4.182193799614331020e+00,-6.286877165897970521e-01,-5.625202183971008019e+00,9.071128685568386049e-04,6.988460437136054075e-03,8.373349879801863724e-03,1.358547902108702397e-04,-4.049847767960217094e-04,1.490692908005026088e-02,-7.187524005960901734e-04,-2.042923023930013099e-06,6.097741050967811922e-06,-2.133866006474224308e-01,-6.547255820123487613e-02,-6.720593488178929764e-01,8.462404983668546377e-02,1.449965333584498639e-01,1.698777218726010285e-01,2.641619448965815131e-01,2.242059069003264904e-01,4.975015904570835590e-02,-7.290972559212703652e-02,-1.143995661606959091e-01
2.400000000000090949e-01,7.499999999999961631e+01,-3.591393419357055694e-01,-8.134232824273290863e-01,1.118717196261843725e+02,2.625024231475492908e-01,-1.029051670788688089e+00,-4.455186749255828915e-01,1.587343792231029616e-01,1.827407873030739704e-01,2.255000335751174145e-01,3.507949073262743300e-01,-2.285641648591206151e-02,1.027287041488537077e-02,-2.092435837455174086e-01,2.635019545079267389e-01,-5.328159165282866927e-02,-1.484918273372424879e+00,-4.318705013308127505e+00,-6.199065460175280373e-01,-5.641606907831693718e+00,-4.359482177695092275e+00,-6.855307705353496095e-01,-5.846306690423429764e+00,1.015510083504985762e-03,7.332582349191513194e-03,8.590679022300217599e-03,1.858795860273202609e-03,-4.737587404680979834e-04,1.589732225618338199e-02,-7.713830625044320200e-04,-2.879836828815600188e-05,8.284703564568262832e-05,-2.248575523319606417e-01,-7.167596370333453870e-02,-7.017654671498316787e-01,8.640413162141231951e-02,1.474307740930709265e-01,1.734649724538074311e-01,2.697491658393149638e-01,2.294425268568921483e-01,5.064423283559295330e-02,-7.465064091556396220e-02,-1.174098871876074063e-01
2.500000000000000000e-01,7.458333333333332860e+01,-3.530535914198056902e-01,-8.185883809320387838e-01,1.117775765289925545e+02,2.619377071876441976e-01,-1.031386297254507589e+00,-4.464107348918384122e-01,1.620424178994366859e-01,1.868956675129600509e-01,2.309243194884781081e-01,3.588541823529565189e-01,-3.981014994311852379e-02,1.109334293035298818e-02,-2.195859726186187855e-01,-3.911466939159911199e-02,-1.915408375776440353e-01,-1.452856309672037050e+00,-4.476088483857905587e+00,-6.786042558636239397e-01,-5.867726945482917955e+00,-4.542621542792597999e+00,-7.468107805963936086e-01,-6.077154042576464299e+00,1.083556723636007078e-03,7.646083143442782525e-03,8.826184402246353353e-03,3.173421607301184222e-03,-4.987972563401426229e-04,1.628909724422222469e-02,-7.891601148184951113e-04,-5.061806319232772236e-05,1.405147086520860174e-04,-2.368096089762000145e-01,-7.830181466133134816e-02,-7.328954539856645800e-01,8.822024575417507231e-02,1.499759840551254386e-01,1.771706989821879019e-01,2.754958170030871734e-01,2.346791468134578340e-01,5.153830662547753683e-02,-7.639155623900088787e-02,-1.204202082145189451e-01
2.599999999999909051e-01,7.416666666666704089e+01,-3.485334440797381306e-01,-8.200700842122770062e-01,1.116538416650646468e+02,2.620876465703746439e-01,-1.030287986164460712e+00,-4.475112283276067582e-01,1.653504565757704381e-01,1.910505477228461035e-01,2.363486054018388016e-01,3.669134573796387078e-01,-5.336080133249676560e-02,7.405074918334728779e-03,-2.242355038975676618e-01,-3.426795448174510539e-01,-2.743315770597493097e-01,-1.530431413864148604e+00,-4.646039070703748664e+00,-7.419650013795081600e-01,-6.107250647071670535e+00,-4.731584502697344874e+00,-8.128794502577333381e-01,-6.317628466513577123e+00,1.117443576953930026e-03,7.931199827379184150e-03,9.076103442317311545e-03,4.168826976860793253e-03,-4.866724013188565155e-04,1.622900538920280314e-02,-7.804336386318474648e-04,-6.841081622727941366e-05,1.834588029540418024e-04,-2.492498145616093841e-01,-8.537052632928872342e-02,-7.654398592165401194e-01,9.007006840021249128e-02,1.526250065045675064e-01,1.809872605867079709e-01,2.813916162522662745e-01,2.399157667700235197e-01,5.243238041536210647e-02,-7.813247156243778579e-02,-1.234305292414304839e-01
2.699999999999818101e-01,7.375000000000075318e+01,-3.448297319089538848e-01,-8.196392212507166430e-01,1.115148638684824363e+02,2.617488743957358532e-01,-1.032736700755752191e+00,-4.473191768722327155e-01,1.686584952521041902e-01,1.952054279327321840e-01,2.417728913151994674e-01,3.749727324063208966e-01,-5.103419340495133488e-02,-1.776748963366334491e-04,-2.258436082377680565e-01,-5.556449496725850423e-01,-2.274099058838545684e-01,-1.750431789411056593e+00,-4.845895329356208592e+00,-8.122573438548572611e-01,-6.357964132244392275e+00,-4.926314180015123334e+00,-8.858676486327051736e-01,-6.567555407429015446e+00,1.129033226244516167e-03,8.163957069149524112e-03,9.403204533906766097e-03,3.907310253497198703e-03,-4.440048772926565024e-04,1.593684967622590112e-02,-7.563360229354082693e-04,-6.592082116724161888e-05,1.709621611608122147e-04,-2.621848486309462656e-01,-9.290237488818808842e-02,-7.993887956685655771e-01,9.195142559587339559e-02,1.553711462610941618e-01,1.849075091791431147e-01,2.874269445771476805e-01,2.451523867265892054e-01,5.332645420524673163e-02,-7.987338688587471147e-02,-1.264408502683419810e-01
2.799999999999727152e-01,7.333333333333446546e+01,-3.411280874104596350e-01,-8.192017987737720830e-01,1.113760418502561436e+02,2.623783369827165646e-01,-1.030900422100266667e+00,-4.483513056908708383e-01,1.719665339284379424e-01,1.993603081426182644e-01,2.471971772285601610e-01,3.830320074330030855e-01,-2.783192970846736641e-02,-1.288094708125884710e-02,-2.234527993806502688e-01,-3.849290054902857472e-01,-1.339491835209932202e-01,-1.931018044212764018e+00,-5.080661566819315134e+00,-8.904325292008901105e-01,-6.619738386476484493e+00,-5.126863759680444943e+00,-9.667733348882908695e-01,-6.826545118035910242e+00,1.108967729252849713e-03,8.330830746807274881e-03,9.836428116897119947e-03,2.088193597211213549e-03,-3.593764505100748930e-04,1.536102082318234474e-02,-7.128480944331806518e-04,-3.619586074298630746e-05,9.087456089229289534e-05,-2.756210575826033571e-01,-1.009174929545623434e-01,-8.347318293579517601e-01,9.386228358297689367e-02,1.582081399367658847e-01,1.889247576730297140e-01,2.935928033269635251e-01,2.503890066831548911e-01,5.422052799513130128e-02,-8.161430220931162327e-02,-1.294511712952535198e-01
2.900000000000204636e-01,7.291666666666581875e+01,-3.374285105895703518e-01,-8.187578167835637410e-01,1.112373764669248430e+02,2.620992057808566034e-01,-1.031909876140430837e+00,-4.487502536958282717e-01,1.752745726047905128e-01,2.035151883525279648e-01,2.526214631419516632e-01,3.910912824597310711e-01,9.197035785355581888e-03,-1.852089725052956035e-02,-2.376337263581399517e-01,7.878895810343143624e-02,-5.526203455263482833e-02,-1.934698200364420861e+00,-5.336430817922012793e+00,-9.768647977122832948e-01,-6.880771460113688676e+00,-5.332359990076540157e+00,-1.054635426888800964e+00,-7.094052005003774752e+00,1.187358190225206367e-03,8.416830931396779292e-03,1.030098149641814342e-02,-6.762197828490476700e-04,-3.478334810345766752e-04,1.592816311107577917e-02,-7.322612105623311357e-04,1.203477399031157201e-05,-2.927836665655661084e-05,-2.895644835329086453e-01,-1.094358636145968122e-01,-8.714578974234363784e-01,9.580073976653975809e-02,1.611301280884168408e-01,1.930327502522735383e-01,2.998807742010676236e-01,2.556256266397503030e-01,5.511460178502097795e-02,-8.335521753275842993e-02,-1.324614923221821283e-01
3.000000000000113687e-01,7.249999999999953104e+01,-3.337310014515874612e-01,-8.183072752822501128e-01,1.110988685657601565e+02,2.617812700585534502e-01,-1.032663858118172406e+00,-4.499437819979754116e-01,1.789344578441504630e-01,2.080743029860408211e-01,2.578508275519634796e-01,3.985390647347931692e-01,6.599186944578372405e-02,-1.406352313880608954e-02,-2.755046663702251375e-01,3.790504520153988866e-01,2.735822319900548319e-02,-1.866480099554076455e+00,-5.614957164204358087e+00,-1.075397869522073391e+00,-7.135577021458654023e+00,-5.538830034489890863e+00,-1.152387493816626973e+00,-7.367035356815123670e+00,1.414667429697852915e-03,8.356515919945505314e-03,1.074016093029363586e-02,-4.754725109790343060e-03,-4.463619013866244574e-04,1.802776436340127256e-02,-8.367842189581456988e-04,8.679880331493200788e-05,-2.048664099023702115e-04,-3.038214581130510017e-01,-1.184530002758643202e-01,-9.091726636708239440e-01,9.778105724914244734e-02,1.641576994627676478e-01,1.972130634817841899e-01,3.062435448092142298e-01,2.608496632792369763e-01,5.577419602046967961e-02,-8.491404116236002386e-02,-1.346905657282826685e-01
3.100000000000022737e-01,7.208333333333324333e+01,-3.417382501710545251e-01,-8.240793964822740181e-01,1.109237759167068873e+02,2.613400494932162643e-01,-1.033321653884063052e+00,-4.507335322513376097e-01,1.832997277795730684e-01,2.134438299015313789e-01,2.626894118326676963e-01,4.047609216376244490e-01,7.539067994655269944e-02,-1.791596779028257341e-02,-2.974994975673157516e-01,3.644656173431928270e-01,6.243568035607310190e-02,-1.886574712363441098e+00,-5.824329818729647279e+00,-1.170130948386040926e+00,-7.400553643635221057e+00,-5.740340660668965533e+00,-1.246944673584196250e+00,-7.639264469354758447e+00,1.544843206124793186e-03,8.335530927805017559e-03,1.084154899185878554e-02,-5.322069691819486699e-03,-4.593711422560756022e-04,1.897902935958070691e-02,-8.769318289853785626e-04,9.949833422268848085e-05,-2.282191948567559932e-04,-3.179867570331746940e-01,-1.279341434455077975e-01,-9.470851110472817691e-01,9.983269938613285877e-02,1.673363106108884946e-01,2.014358305960527173e-01,3.125972274676546703e-01,2.660484727878491551e-01,5.596370384149923494e-02,-8.610780596345753157e-02,-1.353533878945938351e-01
3.199999999999931788e-01,7.166666666666696983e+01,-3.567335094787341121e-01,-8.336287446513084287e-01,1.107269523276786884e+02,2.612443079291372761e-01,-1.034179838095347304e+00,-4.511309433947616188e-01,1.876649977149957016e-01,2.188133568170219367e-01,2.675279961133719131e-01,4.109827785404556733e-01,3.879433496691314653e-02,-2.983262079822544474e-02,-3.040874645448131131e-01,9.479068187834008286e-02,8.387510893683818285e-04,-1.995708757215191698e+00,-5.972397006779979201e+00,-1.258441015769373283e+00,-7.674168725886973519e+00,-5.937251668979506292e+00,-1.336341840457617725e+00,-7.910827424973767563e+00,1.574370264426403800e-03,8.419716349958505583e-03,1.069395079504264004e-02,-2.682962264950057227e-03,-3.856493128344438493e-04,1.889170492733498533e-02,-8.581496910075051216e-04,5.129425740497200542e-05,-1.145117532125551813e-04,-3.320619092968480901e-01,-1.378906045190726459e-01,-9.851919040016263729e-01,1.019510662355079395e-01,1.706562205223887685e-01,2.056983136160539793e-01,3.189424082856653353e-01,2.712472822964612784e-01,5.615321166252876250e-02,-8.730157076455499765e-02,-1.360162100609049740e-01
3.299999999999840838e-01,7.125000000000066791e+01,-3.716979982860064702e-01,-8.432343344899101423e-01,1.105304470814923121e+02,2.604164339839345477e-01,-1.035673581123273346e+00,-4.515159742287149780e-01,1.920302676504183348e-01,2.241828837325124946e-01,2.723665803940761299e-01,4.172046354432868975e-01,1.964990199258095926e-03,-3.486620178302438089e-02,-3.224825099341565582e-01,-1.011023931707504403e-01,-7.032304034322675590e-02,-2.197290088629673566e+00,-6.116483202989074996e+00,-1.351811855224543280e+00,-7.941531869905410268e+00,-6.128343123542499882e+00,-1.430163565860002706e+00,-8.181796728300318122e+00,1.685368977106768999e-03,8.505238594456216925e-03,1.053788506651786791e-02,-1.331268594256587441e-04,-3.789734876087296031e-04,1.952321988175632905e-02,-8.820857458515543549e-04,2.599365643205194617e-06,-5.655872167764469119e-06,-3.460480090316012669e-01,-1.483337172086895139e-01,-1.023488637569136106e+00,1.041318545193931494e-01,1.741083164140068418e-01,2.099979511432850665e-01,3.252796355725684485e-01,2.764460918050734572e-01,5.634271948355829007e-02,-8.849533556565246373e-02,-1.366790322272161129e-01
3.399999999999749889e-01,7.083333333333438020e+01,-3.866317192608655917e-01,-8.528961666820309429e-01,1.103342625881885226e+02,2.602995958315139635e-01,-1.036053018747671084e+00,-4.522187056148281870e-01,1.963955375858409402e-01,2.295524106480030246e-01,2.772051646747803466e-01,4.234264923461181773e-01,-3.522879013426874484e-02,-2.913395216748011080e-02,-3.593450369420989055e-01,8.493503493323445452e-02,-9.142823766560589926e-02,-2.518139837680665405e+00,-6.255406780639970243e+00,-1.449717236596676173e+00,-8.199570231277839127e+00,-6.313226224043529733e+00,-1.527470192004415805e+00,-8.451797840768868753e+00,1.930715079829804391e-03,8.592920113018289591e-03,1.037280488921606125e-02,2.338061129517856294e-03,-4.829798984523403830e-04,2.122218996951641054e-02,-9.701213796882717129e-04,-4.656764504700938761e-05,9.888240654589184686e-05,-3.599458188261117630e-01,-1.592748313874987054e-01,-1.061970045288420650e+00,1.063710384912782136e-01,1.776840732133483369e-01,2.143323469715550378e-01,3.316094222755646692e-01,2.816449013136856361e-01,5.653222730458787315e-02,-8.968910036674995756e-02,-1.373418543935272795e-01
3.500000000000227374e-01,7.041666666666571928e+01,-4.015346750762602279e-01,-8.626142419236624281e-01,1.101384012198530655e+02,2.599955326365939734e-01,-1.036593765533532441e+00,-4.534666352432665803e-01,2.007608075212883869e-01,2.349219375635241136e-01,2.820437489555120969e-01,4.296483492489847622e-01,-3.207930065456771063e-02,-2.239401212390153273e-02,-3.915319703004576102e-01,3.031249061848108051e-01,-5.453741409656331224e-02,-2.886763740262766387e+00,-6.437179099727347698e+00,-1.562054724098866254e+00,-8.458272173713529796e+00,-6.492794667352218774e+00,-1.638653378085252577e+00,-8.720284800048462515e+00,2.159753761485086725e-03,8.569068848734351027e-03,1.042992380451166455e-02,2.085670692382768279e-03,-5.864974972668241318e-04,2.255316260443071541e-02,-1.042236095409366159e-03,-4.232778326818971816e-05,8.781426947838009089e-05,-3.737558548878343601e-01,-1.707253055916983231e-01,-1.100630171497226195e+00,1.086648520371840815e-01,1.813755156556424442e-01,2.186992594332365369e-01,3.379322482603455691e-01,2.868437108223273468e-01,5.672173512561845543e-02,-9.088286516785419600e-02,-1.380046765598421654e-01
3.600000000000136424e-01,6.999999999999943157e+01,-4.066094049450157955e-01,-8.614311883956534688e-01,1.098917535870733957e+02,2.601883475482969499e-01,-1.036925903492012635e+00,-4.537560658502841071e-01,2.051260774567110201e-01,2.402914644790146714e-01,2.868823332362163137e-01,4.358702061518159865e-01,3.611686105322532703e-02,-1.402934237251303451e-02,-4.161803028209635769e-01,1.469955109785630598e-01,2.759769703931049672e-02,-3.139163748013835686e+00,-6.684889672636171731e+00,-1.698805174076205127e+00,-8.718088670818728403e+00,-6.667064690215062761e+00,-1.773192821472657110e+00,-8.987423161885708112e+00,2.356884045667580023e-03,8.349253001772503208e-03,1.086201943518605613e-02,-2.300475712138917023e-03,-6.891469724648124169e-04,2.338105662833075971e-02,-1.092727633307348989e-03,4.752414024721216012e-05,-9.643086004705365857e-05,-3.874784567186050355e-01,-1.826964986180911188e-01,-1.139462513316706005e+00,1.110097719311745057e-01,1.851751828249846299e-01,2.230965914326024369e-01,3.442485624446129933e-01,2.920425203309395257e-01,5.691124294664801075e-02,-9.207662996895166208e-02,-1.386674987261533043e-01
3.700000000000045475e-01,6.958333333333314386e+01,-4.049158864461642748e-01,-8.526563820494271750e-01,1.096102057080457683e+02,2.600877326280580104e-01,-1.037772974930329273e+00,-4.542545644564865426e-01,2.094913473921336255e-01,2.456609913945052015e-01,2.917209175169205304e-01,4.420920630546472108e-01,7.577116541667719418e-02,-2.389778204146348652e-03,-4.417264727327858131e-01,-2.054085323361480309e-01,7.961080095158827585e-02,-3.254992683008568477e+00,-6.892158911393861054e+00,-1.834785850521524875e+00,-8.978048526458023204e+00,-6.835905732872975982e+00,-1.906955645930634269e+00,-9.254062195933176582e+00,2.574975079068408685e-03,8.195368189677927628e-03,1.113862984021221116e-02,-4.728626492655501994e-03,-8.202956303834469049e-04,2.420748310539498627e-02,-1.147350894138490784e-03,9.934605903767319498e-05,-1.973473061236022223e-04,-4.011138436404730889e-01,-1.951997605670854896e-01,-1.178460136904556199e+00,1.134025021707775333e-01,1.890760949824334125e-01,2.275223811219534986e-01,3.505587847940148660e-01,2.972413298395516490e-01,5.710075076767756608e-02,-9.327039477004911427e-02,-1.393303208924644432e-01
3.799999999999954525e-01,6.916666666666685614e+01,-4.032701830863559267e-01,-8.438837542168379224e-01,1.093293015971374302e+02,2.596787627737756066e-01,-1.038749132375440309e+00,-4.545708869682605902e-01,2.138566173275562587e-01,2.510305183099957871e-01,2.965595017976247472e-01,4.483139199574784906e-01,6.388355230838954624e-02,1.516370865439928967e-02,-4.688939898529542738e-01,-3.029445659256945755e-01,1.110244721564451337e-01,-3.429825266475122980e+00,-7.037460155636205528e+00,-1.961335960375507614e+00,-9.238200939793042465e+00,-6.998792798636636725e+00,-2.031555730179154473e+00,-9.519882173275314940e+00,2.827807796052768299e-03,8.188648435351383176e-03,1.111623848107466325e-02,-3.906528332265496624e-03,-1.002994436590460507e-03,2.507506715691147636e-02,-1.211272199833278614e-03,8.339901390174439891e-05,-1.623303651487344634e-04,-4.146621601853018868e-01,-2.082464236064656971e-01,-1.217615771923907353e+00,1.158399593226578927e-01,1.930717225334553921e-01,2.319747931790635820e-01,3.568633081893483605e-01,3.024401393481638278e-01,5.729025858870712140e-02,-9.446415957114662199e-02,-1.399931430587756098e-01
3.899999999999863576e-01,6.875000000000056843e+01,-4.016722944287010044e-01,-8.351133046774132929e-01,1.090490480210854969e+02,2.594341024897847126e-01,-1.039267232570659560e+00,-4.549108557575326506e-01,2.182218872629788919e-01,2.564000452254863172e-01,3.013980860783289639e-01,4.545357768603097148e-01,2.096200464206894598e-02,1.764160698125850912e-02,-4.980885305635313065e-01,-1.930806436157818939e-01,1.865178613953034914e-01,-3.775618589560451266e+00,-7.150921236298029449e+00,-2.081322444716299902e+00,-9.497805524254241405e+00,-7.159925300362452560e+00,-2.151035512352319046e+00,-9.783952500362882887e+00,3.052249115669393269e-03,8.260958144201781261e-03,1.085155011418455391e-02,-1.256210901196130100e-03,-1.075058358460641208e-03,2.596154189034779666e-02,-1.257921775879732376e-03,2.723027102662754778e-05,-5.197505017153492544e-05,-4.281235120847933784e-01,-2.218477926715939075e-01,-1.256921887624376621e+00,1.183192588133926415e-01,1.971559569967550885e-01,2.364521106471702827e-01,3.631625001733435054e-01,3.076389488567759511e-01,5.747976640973664897e-02,-9.565792437224410194e-02,-1.406559652250867487e-01
3.999999999999772626e-01,6.833333333333428072e+01,-4.001222200425105791e-01,-8.263450332109920637e-01,1.087694515908818573e+02,2.576685433647143419e-01,-1.041431783339846984e+00,-4.563956171313953147e-01,2.226369273082393907e-01,2.614958958929636257e-01,3.053295258226782494e-01,4.599613915797333141e-01,-5.519136650759753904e-02,3.976231690790376500e-03,-5.294536529651623358e-01,-3.320623513523127124e-01,2.561666358552617817e-01,-4.203423280320881972e+00,-7.233885134068972711e+00,-2.192270325997505598e+00,-9.755204724000456906e+00,-7.320062008768510431e+00,-2.262394512042880557e+00,-1.004250194701047860e+01,3.240992793280507087e-03,8.344645349492040703e-03,1.006715220884132900e-02,3.242125134141965112e-03,-1.021266019365642394e-03,2.686971040667960470e-02,-1.286338032244944713e-03,-7.128854620545758503e-05,1.335552103903092235e-04,-4.414803636881027282e-01,-2.359802370194594157e-01,-1.295809467191653130e+00,1.208399714502738781e-01,2.013054336390530663e-01,2.408942228150678100e-01,3.694053525257385839e-01,3.123559351509036519e-01,5.788644858616540101e-02,-9.674541717088966375e-02,-1.405790471006042874e-01
4.100000000000250111e-01,6.791666666666561980e+01,-4.010711572459552121e-01,-8.256466405392917096e-01,1.084123074277158736e+02,2.573028684769917418e-01,-1.042634222485598228e+00,-4.570236128873104153e-01,2.272837023898347242e-01,2.653174802291907719e-01,3.050372020922412220e-01,4.616796162234092504e-01,-6.831030271924287689e-02,-6.574725945070665836e-03,-5.735548501399261312e-01,-5.166710015139925893e-01,1.970676740475042765e-01,-4.516351034670982756e+00,-7.373830650219488803e+00,-2.329014640846708062e+00,-9.982937635463626336e+00,-7.474245273724331007e+00,-2.397211623580560502e+00,-1.027558371821734617e+01,3.520018723950679111e-03,8.145058023097938651e-03,9.399844923080125439e-03,3.935885492460494336e-03,-1.008230009115391318e-03,2.836384621858487054e-02,-1.346415193123409737e-03,-8.760683383585072300e-05,1.613621091842484660e-04,-4.546537781955299340e-01,-2.504828298554162003e-01,-1.331630572606249396e+00,1.234099926955024296e-01,2.054337635179475929e-01,2.450309969377071906e-01,3.753563979955888974e-01,3.148295002336689574e-01,5.930431814590597650e-02,-9.733809598526205198e-02,-1.370578178483124743e-01
4.200000000000159162e-01,6.749999999999933209e+01,-4.038390408960869093e-01,-8.310079792877513860e-01,1.079979618041981695e+02,2.566661259270004436e-01,-1.045127332663369213e+00,-4.570623298301994542e-01,2.319304774714036343e-01,2.691390645653961577e-01,3.047448783618059154e-01,4.633978408670754168e-01,-1.060418153823489140e-02,-1.362634533261299248e-02,-6.319662132996091142e-01,-3.866549555543007943e-01,-6.001885781001362746e-02,-4.650635359589171181e+00,-7.572774814332557725e+00,-2.499616422146310857e+00,-1.017842950960566384e+01,-7.622689903369429310e+00,-2.564001325664277520e+00,-1.048332223178128864e+01,3.904459244300816437e-03,7.707483948379997146e-03,9.181606911516357328e-03,5.996313014248779967e-04,-1.042256246748715079e-03,3.047733116528164587e-02,-1.440271240425638945e-03,-1.348553052799644298e-05,2.445804200993313522e-05,-4.676543050886247110e-01,-2.653533563707561327e-01,-1.364453629682198521e+00,1.260261424882608561e-01,2.095423104519659740e-01,2.488821251862118056e-01,3.810344560885376430e-01,3.173030653164202741e-01,6.072218770563850287e-02,-9.793077479963099852e-02,-1.335365885960407839e-01
4.300000000000068212e-01,6.708333333333304438e+01,-4.065784401079928223e-01,-8.364105937080549280e-01,1.075850110185215982e+02,2.569695773460959343e-01,-1.046151923104762682e+00,-4.575781720258945140e-01,2.365772525529725723e-01,2.729606489016015436e-01,3.044525546313705533e-01,4.651160655107415831e-01,2.267553028025942261e-02,-1.579350087395147220e-02,-6.833593163976390272e-01,-3.682180252823456512e-01,-3.536949478297269356e-01,-4.838426047766064109e+00,-7.740902070000144519e+00,-2.666793737811151033e+00,-1.035371818061450888e+01,-7.764964754207463571e+00,-2.727702251405318634e+00,-1.066689567156964280e+01,4.268430741135143848e-03,7.357267906342866010e-03,8.826022596054437785e-03,-1.259085501143124243e-03,-1.096568333174291563e-03,3.216256478804520313e-02,-1.519441015937291915e-03,2.856113265732998900e-05,-5.107885442104346673e-05,-4.804918085816761719e-01,-2.805896315887232983e-01,-1.394355538658681226e+00,1.286854458594428319e-01,2.136323503028682569e-01,2.524660297242178331e-01,3.864571325835695070e-01,3.197766303991715908e-01,6.214005726537102925e-02,-9.852345361400000057e-02,-1.300153593437690103e-01
4.399999999999977263e-01,6.666666666666675667e+01,-4.092893549022384447e-01,-8.418544840181534372e-01,1.071734757686710111e+02,2.561340737011427171e-01,-1.047062119433385341e+00,-4.584261972333197876e-01,2.412240276345414824e-01,2.767822332378069294e-01,3.041602309009352467e-01,4.668342901544077495e-01,2.788229090197682364e-03,-7.329034346043782067e-03,-7.194763337453017327e-01,-5.688034989744976677e-01,-4.200227884787618993e-01,-5.383924513146822299e+00,-7.853350944863698224e+00,-2.813178481411713339e+00,-1.051361419752380222e+01,-7.899042314114712582e+00,-2.871344646135105982e+00,-1.082757846875380281e+01,4.579836858700537215e-03,7.207467362696669093e-03,8.143607724900801467e-03,-1.521053810119735801e-04,-1.208096297213372486e-03,3.307901158608456821e-02,-1.574141285564616913e-03,3.474603106629884817e-06,-6.135757081848044554e-06,-4.931755297263709648e-01,-2.961895135295600778e-01,-1.421419607944469199e+00,1.313851197046691788e-01,2.177050766482428457e-01,2.557999446144864075e-01,3.916408978099015781e-01,3.222501954819228520e-01,6.355792682510352787e-02,-9.911613242836897486e-02,-1.264941300914973199e-01
4.499999999999886313e-01,6.625000000000048317e+01,-4.119717852970302685e-01,-8.473396504395203088e-01,1.067633760268504943e+02,2.552689683306413881e-01,-1.049991163230323599e+00,-4.592948553944249945e-01,2.458708027161104204e-01,2.806038175740123708e-01,3.038679071704998846e-01,4.685525147980738603e-01,1.077811644009720252e-02,-1.372145757815375084e-03,-7.701598638856338441e-01,-6.798741501554280697e-01,-3.404297753780097247e-01,-5.937867076359989227e+00,-7.985516821370484131e+00,-2.977038582102745412e+00,-1.064571235557146700e+01,-8.029154960395363361e+00,-3.031881027700713549e+00,-1.096596657846096079e+01,4.981118665053204005e-03,6.963527971761813984e-03,7.647763559172957200e-03,-5.779553734821195853e-04,-1.320096332249472496e-03,3.459715165609170140e-02,-1.654462173895234357e-03,1.327537751380478723e-05,-2.317726818281566815e-05,-5.057141411207077830e-01,-3.121509143975240708e-01,-1.445733808678616894e+00,1.341225604103530589e-01,2.217616060882608986e-01,2.588999924431110156e-01,3.966011598755622702e-01,3.247237605646741132e-01,6.497579638483599873e-02,-9.970881124273797691e-02,-1.229729008392254630e-01
4.599999999999795364e-01,6.583333333333418125e+01,-4.104719896106936439e-01,-8.558865933723145414e-01,1.062730658714719709e+02,2.542355761834758088e-01,-1.052076933021229399e+00,-4.600021611728157267e-01,2.505175777976793583e-01,2.844254019102177566e-01,3.035755834400645226e-01,4.702707394417400266e-01,3.972106317453078655e-02,2.699996475660264295e-03,-8.317918799944439279e-01,-7.254532835616473996e-01,-2.313922913613144228e-01,-6.033222378410376230e+00,-8.130104419770329827e+00,-3.157377378621234243e+00,-1.075286366605576660e+01,-8.155399425256486978e+00,-3.208444106097038340e+00,-1.108317506809647490e+01,5.453160153784067377e-03,6.645154165569384930e-03,7.299263873018286414e-03,-2.094666145244417858e-03,-1.429172802887050502e-03,3.651689758141560271e-02,-1.751696346722160166e-03,4.831162582654672540e-05,-8.349300071520836437e-05,-5.181157951771490078e-01,-3.284718098723204971e-01,-1.467389306326039033e+00,1.368953322777976545e-01,2.258029832101820233e-01,2.617812560019988632e-01,4.013523331732382071e-01,3.271973256474254299e-01,6.639366594456855286e-02,-1.003014900571069512e-01,-1.194516715869537449e-01
4.700000000000272848e-01,6.541666666666552032e+01,-4.049025581636514493e-01,-8.673365390325404878e-01,1.057065625154754684e+02,2.538062326408326297e-01,-1.054278799310057302e+00,-4.602179642409143234e-01,2.551643528792746918e-01,2.882469862464448473e-01,3.032832597096275506e-01,4.719889640854159629e-01,1.653975865420049401e-02,5.506773354422770175e-03,-9.024806589858203054e-01,-4.906772093526341472e-01,-5.336440518979707059e-02,-5.969642282642676712e+00,-8.226857748928779301e+00,-3.311352141003977234e+00,-1.083927877084244074e+01,-8.277872128816538222e+00,-3.360068544191399109e+00,-1.118010066654110801e+01,5.987355943297740894e-03,6.534747954757367389e-03,6.619331702311545725e-03,-8.581514096655063015e-04,-1.535476896651058985e-03,3.872962825427764266e-02,-1.861476459808120328e-03,1.984780260251182713e-05,-3.399416234544314628e-05,-5.303881667819165813e-01,-3.451502466102935873e-01,-1.486479231194398398e+00,1.397011566938599070e-01,2.298301852326854189e-01,2.644578453483328317e-01,4.059079024679733694e-01,3.296708907301907909e-01,6.781153550430912835e-02,-1.008941688714792839e-01,-1.159304423346619595e-01
4.800000000000181899e-01,6.499999999999923261e+01,-3.992401279906038214e-01,-8.787728115280855068e-01,1.051426749246943047e+02,2.529822234670868752e-01,-1.054713132290351574e+00,-4.612284837834340623e-01,2.598111279608436019e-01,2.920685705826502332e-01,3.029909359791921886e-01,4.737071887290821293e-01,-7.539913889372307221e-02,6.644394820905938359e-03,-9.851162995894139351e-01,8.552975695870804196e-02,7.813552225599167123e-02,-6.050252906249143692e+00,-8.266011153530977040e+00,-3.419382938696971852e+00,-1.090576995815362338e+01,-8.397074363015175180e+00,-3.467759070136041899e+00,-1.125758368252008879e+01,6.602543428392513084e-03,6.708389344685705691e-03,5.486676823896245725e-03,3.850631974236117319e-03,-1.638051973976844882e-03,4.133484902938277389e-02,-1.988247653218050675e-03,-8.919691972419826727e-05,1.515755058269619793e-04,-5.425384910696540164e-01,-3.621843480755167488e-01,-1.503097654711037290e+00,1.425379020000258623e-01,2.338441263506686463e-01,2.669429605391668847e-01,4.102804828516566915e-01,3.321444558129420521e-01,6.922940506404165473e-02,-1.014868476858482860e-01,-1.124092130823902413e-01
4.900000000000090949e-01,6.458333333333295911e+01,-3.934846976849232236e-01,-8.901954111898744415e-01,1.045814527122195585e+02,2.530050643211951278e-01,-1.056294352060241026e+00,-4.615756482078512413e-01,2.644579030424125676e-01,2.958901549188556745e-01,3.026986122487568820e-01,4.754254133727482956e-01,-1.128659614954853896e-01,-1.152424655715915403e-02,-1.051616557688136444e+00,3.084025342529732594e-01,1.073255427583969801e-01,-6.143888270328399237e+00,-8.358658104253338550e+00,-3.560241909278391681e+00,-1.095891675226373785e+01,-8.522372757077071981e+00,-3.609018116963311318e+00,-1.131741881993662346e+01,7.039674653658983816e-03,6.678182620711740208e-03,4.718832692512972375e-03,5.675994058759178257e-03,-1.527320120130929706e-03,4.312548611794401326e-02,-2.055061619501089704e-03,-1.315263834902016175e-04,2.220032067608496476e-04,-5.545735969440129809e-01,-3.795723188310683449e-01,-1.517338742623784764e+00,1.454035740148672540e-01,2.378456617998453981e-01,2.692489503200777290e-01,4.144818758308676521e-01,3.346180208956933688e-01,7.064727462377415335e-02,-1.020795265002172603e-01,-1.088879838301184400e-01
5.000000000000000000e-01,6.416666666666668561e+01,-3.876362658291910845e-01,-9.016043383456555649e-01,1.040229429776159265e+02,2.516682432604819830e-01,-1.060629293937087159e+00,-4.624663989612368131e-01,2.691046781239814778e-01,2.997117392550610604e-01,3.024062885183215199e-01,4.771436380164144064e-01,-7.043861595964130695e-02,-5.800937507722657427e-02,-1.094451057431171437e+00,-1.050474512460164017e-01,4.161200542293860827e-02,-6.169361946111228789e+00,-8.528521055734188394e+00,-3.759894227687424095e+00,-1.100436067268791085e+01,-8.660338204607501922e+00,-3.811583521207830838e+00,-1.136010393634571969e+01,7.204187487305661018e-03,6.497802046195835790e-03,3.921528085656033127e-03,3.489622136803051042e-03,-1.101128146671041244e-03,4.383774447402621899e-02,-2.040515206555399644e-03,-8.079951423015715051e-05,1.356097153122196085e-04,-5.664999368923298029e-01,-3.973124474237011983e-01,-1.529296060067454111e+00,1.482963071677284583e-01,2.418355916591997112e-01,2.713873670288087236e-01,4.185231217974453299e-01,3.370915859784446300e-01,7.206514418350665196e-02,-1.026722053145862346e-01,-1.053667545778466941e-01
5.099999999999909051e-01,6.375000000000038369e+01,-3.916925795663313004e-01,-9.134122546374041640e-01,1.033411699968155375e+02,2.523329879033529011e-01,-1.064643596436041229e+00,-4.620046781399716473e-01,2.747283038508743225e-01,3.080168329368082047e-01,2.991255588402669252e-01,4.739279075906735472e-01,-3.598923122640478728e-02,-8.452246376810608475e-02,-1.164789030020069172e+00,-2.651722876807700580e-01,-8.257577386530036423e-02,-6.230125908884927455e+00,-8.638746272034408591e+00,-3.954748254226930104e+00,-1.100362198545520265e+01,-8.749034750779056679e+00,-4.012791183362228509e+00,-1.134994072942574306e+01,7.643982751968357928e-03,6.895380333188521477e-03,1.136682195215874686e-03,1.756855503709480251e-03,-8.892620523373730808e-04,4.561439858148096799e-02,-2.102590281572298565e-03,-4.051137066223467584e-05,6.790476784927247916e-05,-5.757691553959236597e-01,-4.153246957857774091e-01,-1.534292203343492922e+00,1.512588972348366811e-01,2.461038194435426207e-01,2.731762866485009655e-01,4.220963434769279821e-01,3.389496508046557777e-01,7.075690983223636987e-02,-1.040454389181702521e-01,-9.515416482162894485e-02
5.199999999999818101e-01,6.333333333333409598e+01,-4.052938913198619320e-01,-9.258230245351537491e-01,1.025420357920526016e+02,2.500284109257697729e-01,-1.064873587428435187e+00,-4.636674048859503738e-01,2.826247484112606734e-01,3.267536180234504317e-01,2.888917648914497427e-01,4.592324427152093547e-01,-2.276379199604202166e-02,-5.790349335218185345e-02,-1.308295099477727153e+00,1.746726423526272221e-01,-1.725783781432123909e-01,-6.273436692820532734e+00,-8.565474790163067453e+00,-4.137478903464854696e+00,-1.086142689890756685e+01,-8.678884545949719254e+00,-4.199811745192048917e+00,-1.120826316915425735e+01,8.833628608537666058e-03,7.716482784109055665e-03,-3.132077157137966306e-03,1.094935704155892021e-03,-1.289063481711710249e-03,5.017178753475735192e-02,-2.364033991935451939e-03,-2.493041181209761320e-05,4.223659938853207359e-05,-5.763868603352462205e-01,-4.334380247561626098e-01,-1.521439460876172767e+00,1.543904716570833058e-01,2.513051681105536450e-01,2.741898252220587584e-01,4.244913624809697472e-01,3.393756435103425506e-01,6.310590410578492682e-02,-1.072347737179746852e-01,-6.937292058597399613e-02
5.299999999999727152e-01,6.291666666666780117e+01,-4.187581243612293891e-01,-9.385083185757110424e-01,1.017481335753484331e+02,2.494405905506923149e-01,-1.067293121241363218e+00,-4.638480302604497396e-01,2.905211929716470243e-01,3.454904031100926587e-01,2.786579709426325047e-01,4.445369778397452176e-01,-4.154373532551967896e-02,-3.145150881096815676e-02,-1.383685486016009936e+00,6.038264022396739872e-01,-2.814989685160702582e-01,-6.108359313872548491e+00,-8.343657804469991390e+00,-4.294037603032088590e+00,-1.061673706675257378e+01,-8.478255606809661060e+00,-4.361775452847966861e+00,-1.094317061613870301e+01,9.578478228015033583e-03,8.592721702929006014e-03,-7.528827334179445489e-03,1.969108308326305689e-03,-1.595615906226392853e-03,5.194653390038599799e-02,-2.499073121587779434e-03,-4.389542696316852777e-05,7.602985706900666730e-05,-5.684972508963002102e-01,-4.517018480013083592e-01,-1.491536153227602579e+00,1.576801321239229836e-01,2.573794578811795519e-01,2.744779894108966833e-01,4.257841646523536916e-01,3.398016362160293236e-01,5.545489837933353927e-02,-1.104241085177791737e-01,-4.359167635031904742e-02
5.400000000000204636e-01,6.249999999999915445e+01,-4.320852824898898104e-01,-9.514681403482162514e-01,1.009595898972577146e+02,2.500456397670553499e-01,-1.069762741227565872e+00,-4.641049169198688817e-01,2.984176375320782837e-01,3.642271881968414116e-01,2.684241769937571465e-01,4.298415129641974808e-01,-9.124669279251605702e-02,-5.160862961768389323e-03,-1.393263747923588536e+00,9.973388499801045803e-01,-5.057381566136435191e-01,-5.633349913056202141e+00,-7.983142003121735719e+00,-4.423775624690729380e+00,-1.027417480169403952e+01,-8.154687644667154345e+00,-4.497924732364279699e+00,-1.056144741430002298e+01,9.875973311343948582e-03,9.517186783039264034e-03,-1.205514764696954087e-02,4.262853753756925407e-03,-1.818585111257579271e-03,5.120539744830891055e-02,-2.516536375392135552e-03,-9.223122310553796919e-05,1.651529472382867302e-04,-5.522371255053309946e-01,-4.701921475550803198e-01,-1.445396562193192569e+00,1.611176831897175588e-01,2.642703901517651777e-01,2.740875607960623350e-01,4.260458352777613533e-01,3.402276289217185945e-01,4.780389265283860323e-02,-1.136134433176017311e-01,-1.781043211451746600e-02
5.500000000000113687e-01,6.208333333333285964e+01,-4.452753694569515086e-01,-9.647024935887967834e-01,1.001765214889193629e+02,2.499096599073405700e-01,-1.075436225019650749e+00,-4.641440726044975262e-01,3.063140820924646346e-01,3.829639732834836385e-01,2.581903830449399084e-01,4.151460480887333437e-01,-9.018583187880277463e-02,1.076938007687812913e-02,-1.425171120397908275e+00,1.449893121687681585e+00,-8.401956493542089843e-01,-4.917742086146470015e+00,-7.547816718036475692e+00,-4.604411830247462589e+00,-9.813636833341446319e+00,-7.721926658842406255e+00,-4.683459056617041760e+00,-1.007053950511269491e+01,1.029999404717669639e-02,1.016517546217952060e-02,-1.613356205135752647e-02,4.154333270206964079e-03,-1.975258560404188467e-03,5.127313896899963336e-02,-2.567282880840522641e-03,-8.644084308761258706e-05,1.618062734242408111e-04,-5.277363239456622779e-01,-4.890081840136069613e-01,-1.383841262764614832e+00,1.646935869438528321e-01,2.719252971853300394e-01,2.730623038734041330e-01,4.253428751394271456e-01,3.406536216274054230e-01,4.015288692638721568e-02,-1.168027781174062196e-01,7.970812121137538231e-03
5.600000000000022737e-01,6.166666666666656482e+01,-4.419246812036872751e-01,-9.812466758240752096e-01,9.931069641950901428e+01,2.485296783654462605e-01,-1.077915810497555471e+00,-4.654946728889579610e-01,3.142105266528509855e-01,4.017007583701258655e-01,2.479565890961226982e-01,4.004505832132691512e-01,-7.656910260425253689e-03,1.007278234563908741e-02,-1.492913254581923477e+00,1.322041917015224222e+00,-1.229370573125008193e+00,-4.117821312479509999e+00,-7.064083484659701817e+00,-4.871337957959648968e+00,-9.238787604161782241e+00,-7.189282602239701170e+00,-4.953638884094111461e+00,-9.478417644577890044e+00,1.093443716206905607e-02,1.044876042458743950e-02,-1.952691066637781553e-02,3.479504865617877416e-04,-2.010494433222607350e-03,5.257374183373774573e-02,-2.669361408907537907e-03,-6.893570326886326473e-06,1.364421091757577007e-05,-4.951181218561198083e-01,-5.082694780170821103e-01,-1.307689196859936676e+00,1.683989206043287890e-01,2.802949079460497761e-01,2.714431606344809844e-01,4.237374961836360976e-01,3.410796143330921959e-01,3.250188119993577263e-02,-1.199921129172106665e-01,3.375205635679248695e-02
5.699999999999931788e-01,6.125000000000028422e+01,-4.206707306175681005e-01,-1.000970369481927635e+00,9.835659084740370872e+01,2.488702928596732422e-01,-1.079918560168475983e+00,-4.658290605872564272e-01,3.221069712132373919e-01,4.204375434567680925e-01,2.377227951473054879e-01,3.857551183378049586e-01,2.126318627883946877e-02,1.923809204196352818e-03,-1.555774289956131984e+00,5.263695973694209052e-01,-1.493844919068873844e+00,-3.331561505649856869e+00,-6.442727819085869889e+00,-5.093474667458469440e+00,-8.571917128415384113e+00,-6.555489290734668018e+00,-5.180924903120884828e+00,-8.791366958683438426e+00,1.152950001799936397e-02,1.089147002839573747e-02,-2.321100992072796729e-02,-9.538341540493190662e-04,-1.956459174047853189e-03,5.364620716325602112e-02,-2.759644462468707760e-03,1.779352416446968905e-05,-3.769480142581019115e-05,-4.544995845175651139e-01,-5.281130525945660903e-01,-1.217751234862882725e+00,1.722253368462584311e-01,2.893331290357510355e-01,2.692684325983772387e-01,4.212878981206901186e-01,3.415056070387789688e-01,2.485087547348438508e-02,-1.231814477170150857e-01,5.953330059244754668e-02
5.799999999999840838e-01,6.083333333333399651e+01,-3.991515861379933972e-01,-1.020475996621442283e+00,9.740997720017345785e+01,2.486433650955759134e-01,-1.081808040382970848e+00,-4.665914313939149016e-01,3.300034157736237428e-01,4.391743285434103194e-01,2.274890011984882776e-01,3.710596534623408216e-01,-4.070607291061983934e-02,-1.886005378387924092e-02,-1.610359823574484928e+00,-6.908484915657962799e-02,-1.612527256566620659e+00,-2.331256944180890134e+00,-5.671893090774850599e+00,-5.223069506765643411e+00,-7.822575434626960700e+00,-5.829722273514327036e+00,-5.318903925832010771e+00,-8.016575705502658522e+00,1.204740859063910957e-02,1.158526203796858556e-02,-2.748458899794529314e-02,1.803930609141742719e-03,-1.749604861170974031e-03,5.439194534597490555e-02,-2.829615214526039462e-03,-3.128063341522750095e-05,7.189230379774578497e-05,-4.059918858411634135e-01,-5.486909240838523383e-01,-1.114825005118375456e+00,1.761650266889036587e-01,2.989968397584788495e-01,2.665739511037337195e-01,4.180485271861036356e-01,3.419315997444657418e-01,1.719986974703296978e-02,-1.263707825168195464e-01,8.531454482810246764e-02
5.899999999999749889e-01,6.041666666666771590e+01,-3.773672383425004107e-01,-1.039763555574502618e+00,9.647104269376490038e+01,2.482144300794187630e-01,-1.086207630706680805e+00,-4.667390581715559206e-01,3.378998603340100937e-01,4.579111136300525464e-01,2.172552072496710673e-01,3.563641885868766290e-01,-1.338185402315406058e-02,-2.903521359570612401e-02,-1.661513599233934046e+00,-3.802621882784641416e-01,-1.798892272874284659e+00,-9.227525021807837513e-01,-4.850328482216393233e+00,-5.461411738324997600e+00,-6.988033903004517988e+00,-4.996476688872540706e+00,-5.562030088390477189e+00,-7.160258556477941738e+00,1.260200551608950739e-02,1.193251480171377520e-02,-3.100509645440509277e-02,5.863823798194288221e-04,-1.636606823463182710e-03,5.502723720185120904e-02,-2.906803673241075206e-03,-9.307278198204670821e-06,2.357408405072273987e-05,-3.497005976142443240e-01,-5.701678280974490365e-01,-9.996908012353893369e-01,1.802106847762380004e-01,3.092457004019678601e-01,2.633932366181318541e-01,4.140703182135089255e-01,3.423575924501525702e-01,9.548864020581554479e-03,-1.295601173166240072e-01,1.110957890637574719e-01
6.000000000000227374e-01,5.999999999999905498e+01,-3.553176780001434110e-01,-1.058833044567436321e+00,9.553995502457658517e+01,2.479529688113221997e-01,-1.091201835694512345e+00,-4.676008819823327389e-01,3.457963048944413531e-01,4.766478987168012993e-01,2.070214133007956814e-01,3.416687237113289477e-01,7.934999225923713984e-02,-3.143947995111674720e-02,-1.710153606243161484e+00,-7.799036247226993623e-01,-1.942627009501796120e+00,3.512151791043207627e-01,-3.965453556851099570e+00,-5.786253448656095699e+00,-6.068876799108326558e+00,-4.060750019051560855e+00,-5.893844359882923989e+00,-6.228481073543935764e+00,1.318360511914585566e-02,1.253325889361885971e-02,-3.308269586397022399e-02,-3.441538369542193783e-03,-1.590677360312339837e-03,5.559359985300871276e-02,-2.988780884798686917e-03,4.905693989270982358e-05,-1.395793125717687336e-04,-2.857259533191023326e-01,-5.927191662666728700e-01,-8.731084029031410676e-01,1.843554768966725876e-01,3.200419728836265132e-01,2.597576477731319278e-01,4.094009210955450451e-01,3.427835851558418412e-01,1.897858294086673947e-03,-1.327494521164466201e-01,1.368770332995590255e-01
6.100000000000136424e-01,5.958333333333276016e+01,-3.064014928214808253e-01,-1.105871942579231604e+00,9.459917262689133111e+01,2.474173954571416700e-01,-1.095137496103447683e+00,-4.679112783477643034e-01,3.524376138316989149e-01,4.953862051151895485e-01,2.025496570987513345e-01,3.370279663934481751e-01,1.522971080272930711e-01,-5.168235988585943852e-02,-1.724305931798681080e+00,-9.853495362539393954e-01,-2.205748446967581877e+00,1.028423513081298202e+00,-3.032897900380324252e+00,-6.102819897906798019e+00,-5.120209073649466980e+00,-3.088156272255893953e+00,-6.230187510134156170e+00,-5.273341089977167329e+00,1.348949612918519565e-02,1.422513093549019128e-02,-3.320766252456400225e-02,-6.541608396201129168e-03,-1.304634943409047109e-03,5.502345626830168479e-02,-3.003531732424339750e-03,8.221843416422345771e-05,-2.677474054378316194e-04,-2.169910163229681332e-01,-6.178199463204824271e-01,-7.422824661588589557e-01,1.885357797287901815e-01,3.313504510775562295e-01,2.560681319742580397e-01,4.047333710446366917e-01,3.468503606097719794e-01,-4.235140994396896508e-03,-1.387134502890937371e-01,1.541230977273445324e-01
6.200000000000045475e-01,5.916666666666646535e+01,-2.237839438089076205e-01,-1.186615361729721707e+00,9.364427287527692556e+01,2.477137399434723719e-01,-1.098658743494139722e+00,-4.681000391640592340e-01,3.573794076784810314e-01,5.141265714441718426e-01,2.058799821396234131e-01,3.460017754296263459e-01,2.031653687954696197e-01,-9.183231726815060947e-02,-1.699971581098443929e+00,-9.364452018425825086e-01,-3.014183368383172024e+00,1.407587589485777668e+00,-2.104908557831389970e+00,-6.425944794153658712e+00,-4.210113272197903989e+00,-2.131607215003735956e+00,-6.580800900507429496e+00,-4.355635720434810843e+00,1.350667650596865284e-02,1.645845293092244865e-02,-3.229827789782200448e-02,-8.640935197293154665e-03,-7.554197449163462842e-04,5.321234016597834598e-02,-2.946297846348046832e-03,9.443903904736634155e-05,-3.572167035513106243e-04,-1.471202173397277990e-01,-6.473745223915061686e-01,-6.158493857395934690e-01,1.926718110352471924e-01,3.431382341442232309e-01,2.528313468757375504e-01,4.009455933695208474e-01,3.558469341729756374e-01,-8.312685237843925323e-03,-1.484344785278468581e-01,1.598121107767015714e-01
6.299999999999954525e-01,5.875000000000018474e+01,-1.398805724795038341e-01,-1.266140814017953531e+00,9.269697278009699914e+01,2.471729786516206062e-01,-1.101521323850527478e+00,-4.683952623620622480e-01,3.623212015252631479e-01,5.328669377731540813e-01,2.092103071804954639e-01,3.549755844658044612e-01,1.729431874713123207e-01,-1.480752093627833998e-01,-1.662948003320731560e+00,-1.141828140907316547e+00,-3.994433368035303022e+00,1.916319312859693813e+00,-1.134414999217175701e+00,-6.697208408477585806e+00,-3.339090759378271933e+00,-1.180003159083155007e+00,-6.880848057349090219e+00,-3.470630612725641218e+00,1.344998935054736791e-02,1.865774618969578968e-02,-3.206955437065129449e-02,-7.282122136960573339e-03,-5.758332712355734850e-06,5.102719435779488194e-02,-2.867103566791552247e-03,6.802403308553626169e-05,-3.042300189674452962e-04,-7.561946042657641254e-02,-6.814653322148911396e-01,-4.929197025420439804e-01,1.967664260202107440e-01,3.553744102672956040e-01,2.500180945097359442e-01,3.979808488971968150e-01,3.648435077361792955e-01,-1.239022948129098189e-02,-1.581555067665999514e-01,1.655011238260586381e-01
6.399999999999863576e-01,5.833333333333389703e+01,-5.469072119910731167e-02,-1.344448344135403595e+00,9.175742754289690595e+01,2.468673506981236554e-01,-1.104019785563895795e+00,-4.688533508862481880e-01,3.672629953720452645e-01,5.516073041021363199e-01,2.125406322213675425e-01,3.639493935019826321e-01,3.540428724404653948e-02,-2.256158143109722736e-01,-1.609131247700672063e+00,-1.436044859467001666e+00,-4.627550433258250884e+00,2.615744786863231752e+00,-1.055585765953588051e-01,-6.894855667505884966e+00,-2.507645996727420723e+00,-2.296374363875539892e-01,-7.108994028788682584e+00,-2.616623214518081664e+00,1.328175866518220734e-02,2.078596921493581703e-02,-3.278689996581255622e-02,-1.475618990785210107e-03,1.015276500667239290e-03,4.836239996548018921e-02,-2.759119895325350298e-03,1.152178542093277174e-05,-6.232193331539667594e-05,-2.044122684935145706e-03,-7.201872289691662044e-01,-3.727140660483174717e-01,2.008222957471227643e-01,3.680300612266749205e-01,2.476010599733952378e-01,3.957860577349974762e-01,3.738400812993828981e-01,-1.646777372473798295e-02,-1.678765350053530725e-01,1.711901368754156771e-01
6.499999999999772626e-01,5.791666666666761643e+01,3.178626173451907372e-02,-1.421537984625746986e+00,9.082577315935658646e+01,2.480855743795167823e-01,-1.108801707687755878e+00,-4.681887051949639167e-01,3.722047892188274365e-01,5.703476704311185586e-01,2.158709572622395934e-01,3.729232025381608029e-01,-6.079798548834690342e-02,-2.920712830440756469e-01,-1.536404819113593057e+00,-1.177928893292308432e+00,-5.077444905274451692e+00,3.503630207260245211e+00,9.323460690535610995e-01,-7.197582642373045125e+00,-1.700302742340558559e+00,7.567152256737714744e-01,-7.438684268734131244e+00,-1.784895884810060007e+00,1.301724404424214540e-02,2.261545813836839808e-02,-3.323611198633128622e-02,2.507773134234959553e-03,1.941259135700282475e-03,4.521701247961676384e-02,-2.629962898320842637e-03,-1.588051761580119395e-05,1.070907141370322307e-04,7.400646076987504873e-02,-7.636455874005467770e-01,-2.545501535245524583e-01,2.048419190144908086e-01,3.810781338254644046e-01,2.455546899842963593e-01,3.943115632725679442e-01,3.828366548625866117e-01,-2.054531796818495626e-02,-1.775975632441061658e-01,1.768791499247727717e-01
6.600000000000250111e-01,5.749999999999895550e+01,-2.685086188764639059e-02,-1.627574360669838738e+00,9.006650656321218662e+01,2.475953550961022542e-01,-1.111512236472177229e+00,-4.682158953138946256e-01,3.771465830656376417e-01,5.890880367602073786e-01,2.192012823031306012e-01,3.818970115743899330e-01,-6.635531644467304591e-02,-3.342187327712432543e-01,-1.422212351591914725e+00,-7.968576634888770993e-01,-5.653712432571940560e+00,4.645967170787027811e+00,1.971677819872817095e+00,-7.655259339456677914e+00,-9.084555156796765285e-01,1.799855403045124813e+00,-7.918634960259095301e+00,-9.652102364512842314e-01,1.243352806925464640e-02,2.417050442044567718e-02,-3.295628684158413702e-02,2.708132165395864786e-03,2.630428105275023701e-03,4.098010489678818868e-02,-2.439240886963413811e-03,-1.331385730708361141e-05,1.169349578989118451e-04,1.528938789286601319e-01,-8.119546084519837503e-01,-1.378311961525218177e-01,2.088276334657740985e-01,3.944933196090064653e-01,2.438550792682470658e-01,3.935109114040715728e-01,3.918332284258413400e-01,-2.462286221165521649e-02,-1.873185914829145204e-01,1.825681629741622292e-01
6.700000000000159162e-01,5.708333333333267490e+01,-9.957627810650841738e-02,-1.849507034957508456e+00,8.933149805503329333e+01,2.485795187766820236e-01,-1.113111806776452273e+00,-4.671204085637774561e-01,3.820883769124197582e-01,6.078284030891896172e-01,2.225316073440026798e-01,3.908708206105681038e-01,-1.064763632613130173e-01,-3.478749062113301038e-01,-1.327697528560116691e+00,-8.811273809830659776e-01,-6.413957767811806931e+00,5.875817796928504144e+00,3.082315574534391089e+00,-8.136075654035662907e+00,-1.279106820799406630e-01,2.893719720190601752e+00,-8.416801772562184425e+00,-1.600478381938046091e-01,1.202891345268169813e-02,2.558124025767167381e-02,-3.302554989143847292e-02,4.298883853130474123e-03,2.964416330034800803e-03,3.746491504035501935e-02,-2.290195556963716111e-03,-1.530524463164026567e-05,1.876752793791199849e-04,2.349449680287272191e-01,-8.652358062710361342e-01,-2.203591256722026159e-02,2.127816259827545742e-01,4.082519423411750115e-01,2.424798642742588828e-01,3.933406439890082540e-01,4.008298019890450536e-01,-2.870040645510221755e-02,-1.970396197216676415e-01,1.882571760235192682e-01
6.800000000000068212e-01,5.666666666666638719e+01,-1.694843308167189866e-01,-2.072493907826546078e+00,8.860175585769907514e+01,2.485261486191841229e-01,-1.115180553510793926e+00,-4.672873069365473531e-01,3.870301707592018747e-01,6.265687694181718559e-01,2.258619323848747307e-01,3.998446296467462191e-01,-1.918022514770584830e-01,-3.242681988023587980e-01,-1.258918503202324235e+00,-1.116578964607498170e+00,-7.271813143721280959e+00,6.948479048537493874e+00,4.273387326501485006e+00,-8.637848522584221200e+00,6.450065777380569187e-01,4.042379273379703264e+00,-8.929603865055117495e+00,6.340772838081744078e-01,1.184076690140303811e-02,2.682330032585661730e-02,-3.356988549012841078e-02,7.659105325013054050e-03,2.822256625922408505e-03,3.481134017441064876e-02,-2.189265767724277081e-03,-1.734716295542508866e-05,3.380133309142932183e-04,3.204556408902101694e-01,-9.236166621500474516e-01,9.329032487050858968e-02,2.167059424086161257e-01,4.223318527377014631e-01,2.414081237441732808e-01,3.937601056333868699e-01,4.098263755522486562e-01,-3.277795069854924637e-02,-2.067606479604207348e-01,1.939461890728763904e-01
6.899999999999977263e-01,5.625000000000009948e+01,-2.365772981300846012e-01,-2.296538779116824802e+00,8.787732413296612322e+01,2.492919331688587259e-01,-1.117380138990086147e+00,-4.654769800510489830e-01,3.919719646059839913e-01,6.453091357471540945e-01,2.291922574257468093e-01,4.088184386829243899e-01,-2.365930375171590438e-01,-3.740687070606524833e-01,-1.209503676812884843e+00,-1.240388789723626761e+00,-8.019932459484541809e+00,7.785614748357470027e+00,5.422242994782168424e+00,-9.223008201346022616e+00,1.417142843589448198e+00,5.169608049278613393e+00,-9.532768386358451806e+00,1.421803896335156914e+00,1.183034972115739290e-02,2.789571823259925226e-02,-3.379816691458732009e-02,9.342497271735332107e-03,3.545836133048940915e-03,3.270536330844880241e-02,-2.115013807025521286e-03,-9.621159126570515290e-06,4.166969685266777319e-04,4.096942799140476099e-01,-9.872294307203015595e-01,2.085432439774612678e-01,2.206024966439474322e-01,4.367123299884392851e-01,2.406202856948472246e-01,3.947312629321495514e-01,4.188229491154523143e-01,-3.685549494199627518e-02,-2.164816761991738558e-01,1.996352021222334849e-01
6.999999999999886313e-01,5.583333333333381177e+01,-3.008572162848473508e-01,-2.521645549095440142e+00,8.715823954460360312e+01,2.502624161461793895e-01,-1.121256734916084907e+00,-4.631830675273040376e-01,3.969137584527661633e-01,6.640495020761363332e-01,2.325225824666188879e-01,4.177922477191025052e-01,-2.257730477069345154e-01,-5.245777863391893892e-01,-1.186654914662878646e+00,-1.096500161539712082e+00,-8.516816346084649325e+00,8.517948740087170734e+00,6.509259303530845031e+00,-9.923240487180578384e+00,2.195608891084463554e+00,6.260444303114321762e+00,-1.023310254368063710e+01,2.205168073361909897e+00,1.217035186496831685e-02,2.592094129377875422e-02,-3.307871787471116515e-02,8.814285295903176790e-03,5.495119656478480649e-03,3.128978227464219997e-02,-2.090701090314857520e-03,1.284624388181877145e-06,3.972090502154742870e-04,5.029047444189371774e-01,-1.056210084555274431e+00,3.240664806918327479e-01,2.244730791561179717e-01,4.513739896307608079e-01,2.400980403993395740e-01,3.962185353692001533e-01,4.278195226786559724e-01,-4.093303918544327624e-02,-2.262027044379268936e-01,2.053242151715906072e-01
7.099999999999795364e-01,5.541666666666751695e+01,-3.590409775923925628e-01,-2.865633010009113413e+00,8.651897100834744947e+01,2.500569991372408873e-01,-1.122871847601242701e+00,-4.619955641088075993e-01,4.157187713474880808e-01,6.671827084035050204e-01,2.417123817948283737e-01,4.229895954066419383e-01,-2.146181367044884269e-01,-6.529100616488844322e-01,-1.156533666459044873e+00,-3.688221174965210514e-01,-8.733121474322214084e+00,9.163175789785386272e+00,7.551293528348720585e+00,-1.064640016657087962e+01,2.941131353459863540e+00,7.307224601532381847e+00,-1.091793005855965859e+01,2.952713103999722755e+00,1.243125367402244351e-02,2.028567135292031615e-02,-3.178447223686063638e-02,8.274574361723371560e-03,7.212471033154772143e-03,2.971751340465729474e-02,-2.050825739773695471e-03,1.062284758965321392e-05,3.745750318082315426e-04,5.923557514837141103e-01,-1.123396779073906115e+00,4.349512434866000810e-01,2.289514800609113720e-01,4.652921445608788065e-01,2.402021541431229035e-01,3.979450817449143862e-01,4.369008642381158047e-01,-3.509336172210170135e-02,-2.163705753339152382e-01,2.090997512747613807e-01
7.200000000000272848e-01,5.499999999999886313e+01,-4.077689613722594864e-01,-3.402103372188270303e+00,8.600591822819934862e+01,2.511625341934153322e-01,-1.124473765997777486e+00,-4.596355044216736685e-01,4.387045832186820538e-01,6.656091869259658234e-01,2.526692515284429397e-01,4.270480571193103758e-01,-2.025890451171978024e-01,-7.233584767787555325e-01,-1.107430442020041150e+00,5.943871757024816738e-01,-8.598456049320798655e+00,9.559457946273465012e+00,8.540827783639866055e+00,-1.134320442264783146e+01,3.640089340602857604e+00,8.305046402502716418e+00,-1.156507004465422384e+01,3.655807591785067867e+00,1.240317258548257265e-02,1.419875753911510781e-02,-3.038205130426709089e-02,7.703379425806436767e-03,8.241945094630420340e-03,2.772883971728134014e-02,-1.968080158966782102e-03,1.841405463101413939e-05,3.480051685295804001e-04,6.752926903091951427e-01,-1.186358179262072099e+00,5.397141536439986620e-01,2.341891293756295234e-01,4.782111945725524560e-01,2.410061948414066180e-01,3.998220203713597209e-01,4.460077696981002982e-01,-2.626289905820816672e-02,-2.006417046490756029e-01,2.122982307484472808e-01
7.300000000000181899e-01,5.458333333333257542e+01,-4.518083543287867987e-01,-3.939215575704391625e+00,8.549775800470575859e+01,2.514875812177803094e-01,-1.125889019982044603e+00,-4.576139684813795294e-01,4.616903950897454090e-01,6.640356654484356191e-01,2.636261212619952499e-01,4.311065188319557762e-01,-1.702325095022750590e-01,-8.168112393832629436e-01,-1.007614609332502242e+00,1.033357759621422511e+00,-8.466875574221017331e+00,9.642891006415920785e+00,9.427518234285164667e+00,-1.200909089730977186e+01,4.288291433724406687e+00,9.215560370287882108e+00,-1.218925775151743451e+01,4.315540745974085546e+00,1.183195973911917859e-02,8.605444098778447515e-03,-2.881237835965622801e-02,6.376316745830582118e-03,9.595630149436215964e-03,2.451574380497731007e-02,-1.797814018853646952e-03,2.208582905239330480e-05,2.858299552023420590e-04,7.513934168787816947e-01,-1.244861768750877618e+00,6.384996126500519509e-01,2.401370608812004870e-01,4.901955749542424856e-01,2.424650220946333312e-01,4.018396519988572946e-01,4.551146751580329997e-01,-1.743243639436484194e-02,-1.849128339643253682e-01,2.154967102221149455e-01
7.400000000000090949e-01,5.416666666666628771e+01,-4.911624193735931176e-01,-4.477018027445089032e+00,8.499444450860266898e+01,2.518334518680076517e-01,-1.127522230946761184e+00,-4.552929283345826805e-01,4.846762069608087087e-01,6.624621439709054149e-01,2.745829909955475601e-01,4.351649805446011765e-01,-1.229127164781618764e-01,-9.271977577679048066e-01,-8.704686622398085660e-01,1.080933267440211454e+00,-8.784193481732790687e+00,9.628624215413527310e+00,1.022362816462803714e+01,-1.263109428179801874e+01,4.890710490687267153e+00,1.004621032188620688e+01,-1.277634000285553562e+01,4.934113221821838202e+00,1.086707123423539742e-02,3.482015339902167807e-03,-2.712854546569701264e-02,4.530253786156073111e-03,1.117655233090201344e-02,2.051665172495871492e-02,-1.573740176671883624e-03,2.039238283384743833e-05,2.004953378303182961e-04,8.204104115351590343e-01,-1.298682901919413490e+00,7.314991694445727166e-01,2.467494663376578190e-01,5.013055653683859969e-01,2.445364067437140465e-01,4.039889029115842356e-01,4.642215806179657012e-01,-8.601973730521544903e-03,-1.691839632795751613e-01,2.186951896957827213e-01
7.500000000000000000e-01,5.375000000000000000e+01,-5.258319470776842142e-01,-5.015559595659021319e+00,8.449592964282996377e+01,2.540539443771298589e-01,-1.129161783710485478e+00,-4.498962511029699352e-01,5.076620188318720084e-01,6.608886224933752107e-01,2.855398607290998148e-01,4.392234422572465768e-01,-7.545735958067473215e-02,-1.057464266122460250e+00,-7.384532041587357210e-01,1.328493553641806546e+00,-9.257356256852038001e+00,9.746965795742447369e+00,1.092521122499782749e+01,-1.319013999463371434e+01,5.454311483320336329e+00,1.078045132919639748e+01,-1.330682265973176648e+01,5.512026135972700303e+00,9.990488872374319110e-03,-1.219817401817711693e-03,-2.548959625016112771e-02,2.734164822859936738e-03,1.298730659250768582e-02,1.681466544395052512e-02,-1.374649287920567736e-03,1.503993430053804645e-05,1.189286091978470993e-04,8.821595982482642873e-01,-1.347604754769424318e+00,8.189404661703116872e-01,2.539834918165408961e-01,5.115975578602480756e-01,2.471808431153489083e-01,4.062612845850080978e-01,4.733284860778984027e-01,2.284889333217798857e-04,-1.534550925948249822e-01,2.218936691694504970e-01
7.599999999999909051e-01,5.333333333333371939e+01,-5.361345013890951305e-01,-5.664313461095523472e+00,8.411357479256123781e+01,2.554527630759181878e-01,-1.130427953714347344e+00,-4.463262893425586353e-01,5.306478307029354191e-01,6.593151010158448955e-01,2.964967304626521249e-01,4.432819039698919772e-01,-2.786922951504443302e-02,-1.207201516830900045e+00,-6.114626193218588579e-01,1.684110082571827594e+00,-9.155492110024121999e+00,1.000359640285890173e+01,1.153686061340980551e+01,-1.368480406392943216e+01,5.981510728783485220e+00,1.142251391909908342e+01,-1.377895412768448402e+01,6.051767702606760224e+00,9.233483363087803542e-03,-5.527337405976934584e-03,-2.390034313383200201e-02,9.919891450776096263e-04,1.502019941490038979e-02,1.340579035308664402e-02,-1.204189478962903667e-03,6.407655976957220968e-06,4.223398150282054033e-05,9.365106390732255148e-01,-1.391418227708763000e+00,9.010779361664158493e-01,2.617990471684387699e-01,5.211243075820746196e-01,2.503613733762175553e-01,4.086488559451361691e-01,4.824353915378311042e-01,9.058951597165187941e-03,-1.377262219100746643e-01,2.250921486431181062e-01
7.699999999999818101e-01,5.291666666666742458e+01,-5.065867987362989711e-01,-6.517821321631723563e+00,8.394461728557413949e+01,2.562322543647975737e-01,-1.130785097543580253e+00,-4.434217438402643929e-01,5.536336425739987188e-01,6.577415795383146913e-01,3.074536001962043796e-01,4.473403656825374330e-01,1.121506942071914120e-02,-1.342292898168472526e+00,-4.771304690680253646e-01,1.751636398933260397e+00,-8.263528822104142080e+00,1.037541241937450742e+01,1.208486055469194476e+01,-1.411506398035302645e+01,6.470736966142826674e+00,1.199695016704534112e+01,-1.418801470369311346e+01,6.554103801421500286e+00,8.408353955724822554e-03,-9.488094289732823539e-03,-2.245511581446305721e-02,-3.918903390708046268e-04,1.684515818973924758e-02,1.002497206423646862e-02,-1.038083470747209634e-03,-2.890310342477635653e-06,-1.626920862522759380e-05,9.833785184634641352e-01,-1.429921808812330219e+00,9.781850085717189724e-01,2.701586277785465451e-01,5.299351673472879609e-01,2.540434232150972638e-01,4.111441880617796585e-01,4.915422969977638057e-01,1.788941426100854049e-02,-1.219973512253245129e-01,2.282906281167857432e-01
7.799999999999727152e-01,5.250000000000113687e+01,-4.746467201032263938e-01,-7.371905124786423791e+00,8.378149250698123751e+01,2.575875563446747285e-01,-1.131074343913243574e+00,-4.400216874639523157e-01,5.766194544450620185e-01,6.561680580607844870e-01,3.184104699297566898e-01,4.513988273951828334e-01,3.594343838414920667e-02,-1.452659532287856159e+00,-3.304044933249990490e-01,1.572208048006376258e+00,-7.235658605339142291e+00,1.070511086661915634e+01,1.257737290232082294e+01,-1.448082699647228999e+01,6.921337389657259642e+00,1.251049765103967992e+01,-1.453219636244039314e+01,7.019366912625637944e+00,7.441079492482824236e-03,-1.314786696359166937e-02,-2.121497948277665385e-02,-1.232370844372796502e-03,1.833219785299123814e-02,6.577974235190237398e-03,-8.677076978207758865e-04,-1.016319021317340408e-05,-4.971101592827308334e-05,1.022716254917601653e+00,-1.462921405096579308e+00,1.050547606486683438e+00,2.790271478177432929e-01,5.380763070575755869e-01,2.581946481223363343e-01,4.137403311188556088e-01,5.006492024576965072e-01,2.671987692485183752e-02,-1.062684805405743060e-01,2.314891075904534634e-01
7.900000000000204636e-01,5.208333333333247595e+01,-4.402797463280596624e-01,-8.226758360597816733e+00,8.362417324704689747e+01,2.592960604050353890e-01,-1.131907108671636575e+00,-4.357471126997593536e-01,5.996052663162559915e-01,6.545945365832452900e-01,3.293673396633712835e-01,4.554572891078512709e-01,6.175740108225334646e-02,-1.540967933682563684e+00,-1.927220207607891478e-01,1.396819990374787546e+00,-6.556210928847815644e+00,1.088125834137761316e+01,1.298741898091367197e+01,-1.478621296983924260e+01,7.342166894872248939e+00,1.294061614193442367e+01,-1.481597733936934880e+01,7.452383490098146268e+00,6.560670228743402041e-03,-1.649175321668907429e-02,-2.001846648703263162e-02,-2.076830984689230324e-03,1.950604872329279871e-02,3.529653965296329632e-03,-7.233396818479775284e-04,-1.884303517224312127e-05,-8.112755260242076997e-05,1.054508597469334230e+00,-1.490230148412085676e+00,1.118458754025639434e+00,2.883717842478167315e-01,5.455909189784640123e-01,2.627847895832323699e-01,4.164307835148752801e-01,5.097561079176810006e-01,3.555033958874534439e-02,-9.053960985573464293e-02,2.346875870641394191e-01
8.000000000000113687e-01,5.166666666666618823e+01,-4.034478314574859170e-01,-9.082576685937608474e+00,8.347263598237017845e+01,2.608271750501555131e-01,-1.132324694949212951e+00,-4.311251462041176818e-01,6.225910781873192912e-01,6.530210151057150858e-01,3.403242093969235937e-01,4.595157508204966712e-01,9.116505338419084170e-02,-1.556255978468723766e+00,-8.497666217143634571e-02,1.251842925732251643e+00,-5.978663572595768194e+00,1.084306538559771305e+01,1.329121166629383310e+01,-1.503516989772169232e+01,7.747007612502725848e+00,1.326410301434327366e+01,-1.503902201328834209e+01,7.855135690385294467e+00,5.808579531031062351e-03,-1.930077146446887784e-02,-1.749110744638369963e-02,-3.006145154111401156e-03,1.971773080921690458e-02,1.292443299676110423e-03,-6.112902398230160572e-04,-2.961963844257508839e-05,-1.133554518878059032e-04,1.078766582115231909e+00,-1.511668181720124737e+00,1.182214132306348198e+00,2.981618308872373557e-01,5.525194097760536271e-01,2.677855405459164118e-01,4.192094629562290176e-01,5.188630133776136466e-01,4.438080225258864142e-02,-7.481073917098443604e-02,2.378860665378070283e-01
8.100000000000022737e-01,5.124999999999990052e+01,-3.969911763663697135e-01,-1.003246632188080767e+01,8.355761935386756534e+01,2.639544575383273584e-01,-1.132700282057446328e+00,-4.229486531670307303e-01,6.375140069227075434e-01,6.505103618713747871e-01,3.596459853339177282e-01,4.700799569433098957e-01,9.168897256921594574e-02,-1.610096709612899968e+00,1.922679339070512000e-02,9.619139631998547824e-01,-5.083062154872009408e+00,1.042855861371374360e+01,1.352637874847544808e+01,-1.522111197391333448e+01,8.081216400993136872e+00,1.350514467758563342e+01,-1.520920328866865034e+01,8.172558336645144195e+00,5.210058664101797909e-03,-2.155236320152572466e-02,-1.294934640462499197e-02,-2.962607583765821621e-03,2.038690186369820911e-02,-7.700133040579704808e-04,-5.209781466094172723e-04,-3.095158535086882525e-05,-1.075111535813431127e-04,1.096483195399158062e+00,-1.528124891760146209e+00,1.234291323867240830e+00,3.080009221412773335e-01,5.588391417163031116e-01,2.737098975866312234e-01,4.224902544863867737e-01,5.294375777678275163e-01,4.871880833036246194e-02,-6.171516327902970556e-02,2.291492132584273811e-01
8.199999999999931788e-01,5.083333333333361992e+01,-3.996344434074936558e-01,-1.100288525571501630e+01,8.369926083246592441e+01,2.660290194399088093e-01,-1.132795746725105968e+00,-4.181021505682106509e-01,6.463469609112522107e-01,6.472918838258093777e-01,3.852858570043444786e-01,4.855580156546640547e-01,5.975932795686136889e-02,-1.707254973889510641e+00,1.194505910813219995e-01,4.367771510743332919e-01,-3.641689922909951083e+00,9.688264397317794874e+00,1.371556064009191367e+01,-1.535958458015600314e+01,8.298598176113458180e+00,1.368583564268373998e+01,-1.533961884159290534e+01,8.368287846497731053e+00,4.771356151796144265e-03,-2.355319470770830120e-02,-7.853145437893362807e-03,-1.890317827195050386e-03,2.156942722482713126e-02,-2.666147956654019244e-03,-4.500332527990111276e-04,-2.035802463648142362e-05,-6.582348402391767657e-05,1.108766486822893249e+00,-1.540264233521392967e+00,1.269156430365523391e+00,3.176082130662905567e-01,5.645437257371659356e-01,2.809057676074693810e-01,4.265576845514348348e-01,5.411206793490175304e-01,4.966361786788120458e-02,-5.060854078243837151e-02,2.113974860390265831e-01
8.299999999999840838e-01,5.041666666666733221e+01,-4.050198043522517666e-01,-1.197479244528479114e+01,8.385001752283237408e+01,2.681191485645152972e-01,-1.132917785327321569e+00,-4.131474459521989884e-01,6.551799148997968780e-01,6.440734057802439683e-01,4.109257286747712845e-01,5.010360743660181582e-01,4.051012339730915984e-02,-1.742095008179789684e+00,2.180231158789709411e-01,-1.874736391294820059e-01,-1.947501897314479091e+00,8.908633294357525045e+00,1.383981270499829108e+01,-1.546233195785715075e+01,8.407388792558458945e+00,1.380953610194904790e+01,-1.542820501194632854e+01,8.455278465452227721e+00,4.104050502330982078e-03,-2.534771767228131967e-02,-2.838874081653328541e-03,-1.253525022633283394e-03,2.193870999907404293e-02,-4.417831729472505506e-03,-3.600458775605941517e-04,-1.359900301190434972e-05,-4.176278417946684271e-05,1.116146047895003601e+00,-1.547921107580958688e+00,1.287326369241292845e+00,3.269986531643666594e-01,5.696728345826147510e-01,2.892911469027713567e-01,4.313610204605677900e-01,5.528037809302076555e-01,5.060842740539989171e-02,-3.950191828584698195e-02,1.936457588196257573e-01
8.399999999999749889e-01,5.000000000000104450e+01,-4.131805341216870375e-01,-1.294848456438453610e+01,8.401005849625713040e+01,2.700992092338211914e-01,-1.132811616290984036e+00,-4.081390982279716750e-01,6.640128688883415453e-01,6.408549277346786699e-01,4.365656003451980904e-01,5.165141330773723727e-01,3.632761238002150256e-02,-1.702889530690458120e+00,3.146336249634902327e-01,-7.616708131285373495e-01,-5.424458048398768106e-01,8.253277720658335426e+00,1.389140619094143680e+01,-1.552553646679916000e+01,8.412602741845892851e+00,1.386950040863816902e+01,-1.546984511477498359e+01,8.438332465938323423e+00,3.160506129107278246e-03,-2.693312481098479941e-02,2.116017937779221449e-03,-1.098981511603950570e-03,2.136449802597418374e-02,-6.015468090609380619e-03,-2.492629094731500425e-04,-1.177191768741111443e-05,-3.493316720760733079e-05,1.119180292532573340e+00,-1.550915440858430028e+00,1.289241334887428092e+00,3.361862277991332082e-01,5.742635823817515695e-01,2.987893204330941410e-01,4.368528014271677029e-01,5.644868825113976696e-01,5.155323694291857883e-02,-2.839529578925570341e-02,1.758940316002248760e-01
8.500000000000227374e-01,4.958333333333238357e+01,-4.241552846517903097e-01,-1.392426472359196588e+01,8.417956369293018781e+01,2.732644603426447882e-01,-1.132646979724424963e+00,-4.018535673920532458e-01,6.728458228769365057e-01,6.376364496890949418e-01,4.622054720157706131e-01,5.319921917888144058e-01,2.679722207586291913e-02,-1.674815609340626565e+00,4.018315093730988607e-01,-1.253940574635485028e+00,7.093982627973873800e-01,7.621507951658735180e+00,1.389047634696849265e+01,-1.554006530436561562e+01,8.313742157646489161e+00,1.387405658432398070e+01,-1.546541453159350787e+01,8.317296484997388717e+00,2.313194464228536008e-03,-2.838973844721316003e-02,6.829838416419920649e-03,-7.922199313561651898e-04,2.092440320347620925e-02,-7.351182490392216794e-03,-1.548507522379078652e-04,-8.226522105521972156e-06,-2.396113149912394721e-05,1.118446219065154290e+00,-1.549055314207707701e+00,1.275281243435285372e+00,3.451840203759542480e-01,5.783506896615934201e-01,3.093285207431911155e-01,4.429886275538441054e-01,5.761699840926541860e-01,5.249804648044267830e-02,-1.728867329260111441e-02,1.581423043807231865e-01
8.600000000000136424e-01,4.916666666666609586e+01,-4.730319878314511728e-01,-1.487434333839858347e+01,8.440990477376426782e+01,2.786010631169871243e-01,-1.131749388205180562e+00,-3.913830488858991985e-01,6.816787768654811730e-01,6.344179716435295324e-01,4.878453436861973636e-01,5.474702505001686204e-01,4.474007914627067123e-03,-1.673369820249190676e+00,4.665131694907247994e-01,-1.729584775733939317e+00,2.396832325386728080e+00,7.018766617004683184e+00,1.384180479286796128e+01,-1.550554106264828746e+01,8.113780546942845007e+00,1.382379793045193139e+01,-1.541612401146623945e+01,8.094163515717017532e+00,1.727025556862360998e-03,-2.975026488440226172e-02,1.125293265899294029e-02,-1.292241927621238574e-04,2.080762993987779821e-02,-8.229653015107599168e-03,-9.120402506074785920e-05,-1.277930273120948781e-06,-3.709225236545385515e-06,1.114530914015130936e+00,-1.542139675163993529e+00,1.245779454706111178e+00,3.540042705119313404e-01,5.819666377176909711e-01,3.208416088773624608e-01,4.497269624264422783e-01,5.878530856738442001e-01,5.344285601796144869e-02,-6.182050796009808113e-03,1.403905771613223608e-01
8.700000000000045475e-01,4.874999999999980815e+01,-6.109248222338311551e-01,-1.575889335372968070e+01,8.477370809609027447e+01,2.815958037977618345e-01,-1.131524174630601953e+00,-3.854986622347972847e-01,6.905117308540258403e-01,6.311994935979641230e-01,5.134852153566241695e-01,5.629483092115227238e-01,-2.635192623877013161e-03,-1.669761996832794582e+00,5.339002244434740696e-01,-2.231919818449622728e+00,4.247764441554233272e+00,6.437013563076895650e+00,1.376063358769284761e+01,-1.541316346983155050e+01,7.819196291370023033e+00,1.374722147719472076e+01,-1.531049025768971106e+01,7.776778594773404052e+00,1.080438980162746511e-03,-3.092577575371386125e-02,1.563440418091693873e-02,7.435377760707635676e-05,2.066440217801900070e-02,-9.085877478595672657e-03,-2.638151675726924241e-05,6.876231815304718638e-07,2.020315086811874982e-06,1.108024550187491242e+00,-1.529960683244096620e+00,1.201034171908550885e+00,3.626584284543593606e-01,5.851418130289136599e-01,3.332657758735926290e-01,4.570289484393929014e-01,5.995361872550342142e-01,5.438766555548013582e-02,4.924571700581581446e-03,1.226388499419215350e-01
8.799999999999954525e-01,4.833333333333352755e+01,-7.555872688576449336e-01,-1.664467380480446579e+01,8.514973184042833054e+01,2.848814051806080050e-01,-1.131273113429361654e+00,-3.793784194474808524e-01,6.993446848425705076e-01,6.279810155523988247e-01,5.391250870270509754e-01,5.784263679228768273e-01,5.366515724079649191e-03,-1.664006791107955019e+00,6.039743398832972954e-01,-2.635422285117764662e+00,6.061523665106625991e+00,5.745189726398963970e+00,1.365466556849541746e+01,-1.525865159880608957e+01,7.432361937834516041e+00,1.365144593637998938e+01,-1.514414036641034755e+01,7.367504541368452564e+00,3.820606819622618736e-04,-3.193009695816353966e-02,1.996770757239968441e-02,-1.479229592010768406e-04,2.049789353986742821e-02,-9.915498097584220238e-03,3.823463569311083554e-05,-1.254268227211625512e-06,-3.795355978278051576e-06,1.099514664159302546e+00,-1.512305730352528466e+00,1.141317864511124380e+00,3.711572059895629772e-01,5.879046423584943781e-01,3.465422635091934822e-01,4.648582340312641947e-01,6.112192888362242282e-01,5.533247509299876743e-02,1.603119419717291549e-02,1.048871227225207092e-01
8.899999999999863576e-01,4.791666666666723273e+01,-9.072173325172632197e-01,-1.753191458409992975e+01,8.553828359246278978e+01,2.888038446739281118e-01,-1.130405888638588818e+00,-3.729555306194360931e-01,7.081776388311151749e-01,6.247625375068334153e-01,5.647649586974777813e-01,5.939044266342310419e-01,-9.937552744560120693e-03,-1.604920852504815976e+00,6.465099726585153972e-01,-2.941897838619517813e+00,8.036490761241310565e+00,5.057497591968593831e+00,1.348986389460360868e+01,-1.506299028964155440e+01,6.950834631228372196e+00,1.348890230422806269e+01,-1.493057632786413258e+01,6.862585287746283846e+00,-2.781714420273546234e-04,-3.289000362075399087e-02,2.395650683005678613e-02,2.676287027801396994e-04,1.967891168143421146e-02,-1.024639277936241835e-02,9.233438790174388873e-05,2.033878945987822829e-06,6.468256884887115663e-06,1.089581526694364033e+00,-1.488959174445588340e+00,1.066885011861064658e+00,3.795106240684711918e-01,5.902817191419993392e-01,3.606161030564122294e-01,4.731808120624200753e-01,6.229023904174142423e-01,5.627728463051751007e-02,2.713781669376424954e-02,8.713539550311982795e-02
8.999999999999772626e-01,4.750000000000095213e+01,-1.066026631988750362e+00,-1.842085104034190834e+01,8.593968202251774358e+01,2.941003847562618234e-01,-1.129514065469471973e+00,-3.643278102918252603e-01,7.170105928196599532e-01,6.215440594612680059e-01,5.904048303679045873e-01,6.093824853455851454e-01,-5.739937799197651624e-02,-1.472248148258534561e+00,6.510474801382790666e-01,-3.485703351691252561e+00,9.569601912675180344e+00,4.556259840310691089e+00,1.325460300090093391e+01,-1.482327092355998310e+01,6.374487266679375708e+00,1.324543200708875190e+01,-1.467242235692302366e+01,6.264383266338390932e+00,-8.588529076187989206e-04,-3.301585044821839232e-02,2.709513807448477724e-02,1.510668186403206405e-03,1.797143901319414247e-02,-9.961323499679692814e-03,1.324682693843011406e-04,1.000683881689318168e-05,3.430801418612512498e-05,1.078794444431926181e+00,-1.459703820606963909e+00,9.779784236236790385e-01,3.877280573606745606e-01,5.922979217241566285e-01,3.754358708864777849e-01,4.819648686161899787e-01,6.345854919986044784e-01,5.722209416803625270e-02,3.824443919035569461e-02,6.938366828371911321e-02
9.100000000000250111e-01,4.708333333333228410e+01,-1.318305971498298756e+00,-1.910423613785232178e+01,8.638566560907295866e+01,3.008722199187107704e-01,-1.128280927167080616e+00,-3.532488294650126814e-01,7.246963072927464777e-01,6.232075657688684878e-01,6.120962569988683821e-01,6.259746655753994915e-01,-1.021693028425872951e-01,-1.376668203889169328e+00,6.716266846883836017e-01,-4.143745786200639714e+00,1.039186237255610301e+01,4.127371273150823860e+00,1.306288886852610709e+01,-1.454359277892312896e+01,5.728423949388748326e+00,1.304703721741426570e+01,-1.439224591034539458e+01,5.603479945439814536e+00,-1.436562561543008008e-03,-3.182257518298527849e-02,2.939840676556653917e-02,2.628836209369296920e-03,1.673750010911957339e-02,-9.910682137014174831e-03,1.705668623744775259e-04,1.470348999059205086e-05,5.608550915539608334e-05,1.069154991668396892e+00,-1.428274595748638243e+00,8.784123660326286220e-01,3.957659657578407875e-01,5.942913778601995878e-01,3.906988127104473185e-01,4.912524946070739862e-01,6.464936989089706820e-01,5.768357505020454967e-02,4.380516647367344030e-02,5.491647524367360145e-02
9.200000000000159162e-01,4.666666666666600349e+01,-1.603718996490429038e+00,-1.972365370698413045e+01,8.685220605567667462e+01,3.050930069415573320e-01,-1.127687891543717180e+00,-3.467241851603968250e-01,7.317197352316017200e-01,6.276893785011612437e-01,6.315082973765652197e-01,6.432100137479005442e-01,-1.429861011902991974e-01,-1.335559952562166197e+00,7.157635431192324038e-01,-4.361259989359401068e+00,1.095193362857841635e+01,3.610309133877181331e+00,1.293970619503814490e+01,-1.425442093493954587e+01,5.029330787427678473e+00,1.291916418919582554e+01,-1.411351317368425384e+01,4.893770849931920353e+00,-2.032216396991473866e-03,-3.021303481782169550e-02,3.138223857117165838e-02,3.598486939230619193e-03,1.617862186982460190e-02,-1.018343052607370049e-02,2.091587113410693058e-04,1.630167674969696027e-05,7.220073694441729410e-05,1.061695184774328560e+00,-1.396859577732212365e+00,7.703854652002060099e-01,4.036057293729694573e-01,5.964453156154512214e-01,4.062293424095476668e-01,5.010526931635814751e-01,6.585318562143072096e-01,5.786603655088790044e-02,4.616432017955257594e-02,4.234540130414865544e-02
9.300000000000068212e-01,4.624999999999971578e+01,-1.895866640686533211e+00,-2.034264208068809410e+01,8.732949815649352843e+01,3.102249643363930165e-01,-1.126587908178204200e+00,-3.392469488853698811e-01,7.387431631704569623e-01,6.321711912334541106e-01,6.509203377542619462e-01,6.604453619204017079e-01,-1.860375633954780006e-01,-1.246572999054946340e+00,7.631538799853636590e-01,-4.404203086783036625e+00,1.174848824977011930e+01,3.127574233208830101e+00,1.281930252344949572e+01,-1.397436562643025582e+01,4.281976324068079265e+00,1.279495480545987718e+01,-1.383750403863884237e+01,4.136206172781194290e+00,-2.715570289434708455e-03,-2.868600569724552574e-02,3.329708277321103554e-02,4.581510812673036948e-03,1.506711260466151760e-02,-1.043921426830815222e-02,2.494236238358467231e-04,1.576103618126606598e-05,8.654800441249447065e-05,1.056459193626165805e+00,-1.365343832063926843e+00,6.539460124947256148e-01,4.112601271604542919e-01,5.987493850464417067e-01,4.220102024349426384e-01,5.113324069355654755e-01,6.705700135196437373e-01,5.804849805157130671e-02,4.852347388543154505e-02,2.977432736462370944e-02
9.399999999999977263e-01,4.583333333333343518e+01,-2.194932004801906089e+00,-2.096126883819718145e+01,8.781772683317116446e+01,3.144183710800562692e-01,-1.125679025961240143e+00,-3.324371790433282570e-01,7.457665911093122046e-01,6.366530039657468665e-01,6.703323781319587837e-01,6.776807100929027605e-01,-2.351370298583012886e-01,-1.028004769299455168e+00,8.193495910302531771e-01,-4.786330268799871668e+00,1.287792125660865317e+01,2.726603958731322663e+00,1.265545415072754665e+01,-1.371545090353586716e+01,3.488459135488194196e+00,1.262806126080260150e+01,-1.356679746936948483e+01,3.333135556639630792e+00,-3.570811709378425049e-03,-2.723420523425663931e-02,3.512346620026862709e-02,5.669006781427629073e-03,1.245939661024329272e-02,-1.070069813579429402e-02,2.940607983073436921e-04,1.319557113598596957e-05,1.009455471493848173e-04,1.053478170897377941e+00,-1.333619435955212484e+00,5.291554088472572026e-01,4.187411139213922384e-01,6.011939037087602467e-01,4.380252482291515648e-01,5.220607105410566273e-01,6.826081708249801538e-01,5.823095955225465747e-02,5.088262759131068069e-02,1.720325342509876343e-02
9.499999999999886313e-01,4.541666666666714036e+01,-2.501104787086146253e+00,-2.157960210602204754e+01,8.831707730063364181e+01,3.221822664622889798e-01,-1.124298841024237383e+00,-3.223174707499377734e-01,7.527900190481674469e-01,6.411348166980396224e-01,6.897444185096555103e-01,6.949160582654039242e-01,-2.815164612101413444e-01,-7.948898103855622788e-01,8.340557949605901245e-01,-5.399632195442046090e+00,1.406828385601209597e+01,2.258996182905342653e+00,1.247348854561477793e+01,-1.344905148447740473e+01,2.652904455343595203e+00,1.244031337251983871e+01,-1.328644697458204327e+01,2.484848990200129393e+00,-4.043951362108087061e-03,-2.583321538640460935e-02,3.691792437996435639e-02,6.647529415861826857e-03,9.693124075601945722e-03,-1.041437722993264828e-02,3.084972721257902423e-04,7.955864537550517979e-06,1.117084690958158703e-04,1.052772503025419137e+00,-1.301584717877213304e+00,3.960883597049269511e-01,4.260598734557140554e-01,6.037698136080286160e-01,4.542593764458808803e-01,5.332086730692078280e-01,6.946463281303165704e-01,5.841342105293811926e-02,5.324178129718970531e-02,4.632179485573817423e-03
9.599999999999795364e-01,4.500000000000085265e+01,-2.960365924000380566e+00,-2.182239979481638770e+01,8.885052310671474629e+01,3.309115700912428348e-01,-1.122108148427819474e+00,-3.107953269421268594e-01,7.598134469870225782e-01,6.456166294303323783e-01,7.091564588873523478e-01,7.121514064379050879e-01,-3.262561983717812142e-01,-5.530057781640735914e-01,8.237512541783679199e-01,-5.961788488790312535e+00,1.500387973103444317e+01,1.752056675354234150e+00,1.230043566983788850e+01,-1.317359867147042607e+01,1.774163357661452611e+00,1.225932616893949323e+01,-1.299569574438241482e+01,1.591829093885427593e+00,-4.223877929074190858e-03,-2.447764266937484112e-02,3.867372345698230629e-02,7.548748454636299184e-03,6.843625340855029847e-03,-9.829207470884379627e-03,3.019674286503102787e-04,3.868328545173025624e-07,1.198573787978783058e-04,1.054353737707200978e+00,-1.269143590836663726e+00,2.548328697856714342e-01,4.332268682863740783e-01,6.064686409272355139e-01,4.706984577991756846e-01,5.447492294508384791e-01,7.066844854356530981e-01,5.859588255362147002e-02,5.560093500306872993e-02,-7.938894453951184094e-03
9.700000000000272848e-01,4.458333333333219173e+01,-3.475596342321008780e+00,-2.192432513139904415e+01,8.939815237826798011e+01,3.360444100470508233e-01,-1.120463502604742700e+00,-3.036283067201601682e-01,7.668368749259177886e-01,6.500984421626506693e-01,7.285684992651595415e-01,7.293867546105041733e-01,-4.048648526879969345e-01,-3.533986769659437366e-01,8.321754078842373836e-01,-6.243737151512100070e+00,1.532944933568462176e+01,1.362287613209797188e+00,1.219298506972883800e+01,-1.291220983607581552e+01,8.463889994268214423e-01,1.213492112815717228e+01,-1.272383688865825846e+01,6.527737912173227075e-01,-4.326757270612686425e-03,-2.316543978749708785e-02,4.020455142842695173e-02,9.182723180576805519e-03,4.521437491876479330e-03,-9.493424263410618277e-03,2.923606821244816001e-04,-1.015379729772799763e-05,1.379255201264727941e-04,1.058226230745819674e+00,-1.236204968510359770e+00,1.054900789333590438e-01,4.402518861766792080e-01,6.092824583513787307e-01,4.873292742433387170e-01,5.566570601246858541e-01,7.187226427410580154e-01,5.877834405430587550e-02,5.796008870896124376e-02,-2.050996839354768397e-02
9.800000000000181899e-01,4.416666666666591112e+01,-3.992431559648452311e+00,-2.202292147161907465e+01,8.995065343672689551e+01,3.418566232824091222e-01,-1.119779355852551728e+00,-2.963276648004082303e-01,7.738603028647730309e-01,6.545802548949434252e-01,7.479805396428562680e-01,7.466221027830052259e-01,-5.405767014652083091e-01,-2.250707313008026289e-01,8.721762511692631170e-01,-6.229112755489849107e+00,1.517479759937789474e+01,9.626257877148921560e-01,1.216738171694510307e+01,-1.268318780577787130e+01,-1.312492318486697673e-01,1.207919790197123788e+01,-1.249307935614733722e+01,-3.317860493091238649e-01,-4.453480776726502673e-03,-2.183760837733899826e-02,4.141792586767679973e-02,1.202390849285871546e-02,3.056334120016881376e-03,-9.541660053711036038e-03,2.873428959118291544e-04,-2.730888450845226698e-05,1.710485054530551494e-04,1.064388549625781888e+00,-1.202682254545117901e+00,-5.182602620175114083e-02,4.471440836475669700e-01,6.122038498218975722e-01,5.041394602042775785e-01,5.689084784643182457e-01,7.307608000463944320e-01,5.896080555498928177e-02,6.031924241484032390e-02,-3.308104233307257447e-02
9.900000000000090949e-01,4.374999999999961631e+01,-4.510877710747440261e+00,-2.211818216680325477e+01,9.050794678309384267e+01,3.490245329355542436e-01,-1.118225437972435898e+00,-2.881998218159649294e-01,7.808837308036281621e-01,6.590620676272362921e-01,7.673925800205531056e-01,7.638574509555063896e-01,-6.257092986176530092e-01,-1.023550958026146485e-01,8.986918716184455480e-01,-6.189199367220523662e+00,1.520128418708492113e+01,4.352569342733346169e-01,1.215050212080245906e+01,-1.241492108874202671e+01,-1.147772211045753998e+00,1.204413754296683514e+01,-1.222396895422581231e+01,-1.357521927195280309e+00,-4.402046639710340860e-03,-2.048950849399150051e-02,4.286907553046635094e-02,1.365417824094531177e-02,1.661988613011680356e-03,-9.434423265212167273e-03,2.722283970146138483e-04,-4.700457843691483437e-05,1.841840195268022371e-04,1.072834666426662142e+00,-1.168492896385614932e+00,-2.169889955708299567e-01,4.539120266883351351e-01,6.152258775642089894e-01,5.211174476010619339e-01,5.814813254652632102e-01,7.427989573517309596e-01,5.914326705567257703e-02,6.267839612071929301e-02,-4.565211627259757599e-02
1.000000000000000000e+00,4.333333333333334281e+01,-5.030940140371315650e+00,-2.221010072844985217e+01,9.106994779884867341e+01,3.592119026436234042e-01,-1.115594176588079911e+00,-2.762648244655894758e-01,7.879071587424834044e-01,6.635438803595290480e-01,7.868046203982498321e-01,7.810927991280074423e-01,-6.195438637342829402e-01,1.023004434505453419e-02,9.008660028812979226e-01,-6.384965839449407099e+00,1.553703129715871967e+01,-4.198787022489545648e-03,1.214007678676513713e+01,-1.206001336926277645e+01,-2.211591139360695291e+00,1.203586148757997520e+01,-1.187877149942402610e+01,-2.424898081282673701e+00,-4.137955889093001063e-03,-1.821847735959959691e-02,4.319999736378497129e-02,1.326915346422337383e-02,3.816735525044370747e-04,-9.080616232977288191e-03,2.460671571703859054e-04,-6.126705528721379372e-05,1.699211220029813818e-04,1.083554968511343919e+00,-1.133557995938380802e+00,-3.898603699608909068e-01,4.605637288418050201e-01,6.183420512417299175e-01,5.382524144131780597e-01,5.943548712240553922e-01,7.548371146570673762e-01,5.932572855635598330e-02,6.503754982659837314e-02,-5.822319021212246648e-02
1.009999999999990905e+00,4.291666666666704089e+01,-5.669841947528407644e+00,-2.198328907680259547e+01,9.159169731472718468e+01,3.690951482078576040e-01,-1.114086651838988695e+00,-2.641911093541878253e-01,7.882601760324763340e-01,6.683757561897123445e-01,7.890067786666795646e-01,7.906196252209830577e-01,-6.704458323101381012e-01,1.661310009961634027e-01,9.057509459451745792e-01,-6.650528645877651357e+00,1.544887864698051594e+01,-4.039791238508512183e-01,1.210556610388992560e+01,-1.179023329009629251e+01,-3.259168732578244576e+00,1.198844886011394983e+01,-1.162994130369168744e+01,-3.458616414320918153e+00,-3.735340278444652072e-03,-1.435625725612488419e-02,4.073008358143100083e-02,1.411112869066671709e-02,-1.377523912181979329e-03,-8.747969759454852709e-03,2.130718499905404702e-04,-8.070670164234805934e-05,1.725209558314603217e-04,1.093318665507335918e+00,-1.104418465350033518e+00,-5.585112610580047487e-01,4.668025390433289123e-01,6.215688757238637674e-01,5.544243193803662928e-01,6.070125769413451389e-01,7.590655840274628252e-01,6.074863319853374133e-02,5.913578664423024822e-02,-6.149523583273697191e-02
1.019999999999981810e+00,4.250000000000076028e+01,-6.354533152855998068e+00,-2.161954822939724963e+01,9.209501581987571228e+01,3.758534690382616672e-01,-1.110697918574609089e+00,-2.564379048227334867e-01,7.842087066628659064e-01,6.734387794448208897e-01,7.798452143468244113e-01,7.950564974187935841e-01,-7.636144330390732815e-01,3.541135589044471788e-01,9.126436356084210999e-01,-6.788339734768523037e+00,1.481839260891469578e+01,-7.760360645973101157e-01,1.201953494988363147e+01,-1.165475621042021537e+01,-4.229394655924853197e+00,1.187845724264253100e+01,-1.151664901984159428e+01,-4.408276086734963961e+00,-3.178300986414736573e-03,-1.001561552845200813e-02,3.717331463886964366e-02,1.582082051215622648e-02,-3.491262871048875574e-03,-8.437485781600346721e-03,1.733585022408384120e-04,-1.061510991357545445e-04,1.862376411406306434e-04,1.099468225832090695e+00,-1.085810633711975282e+00,-7.148319418201829478e-01,4.724542564925293675e-01,6.249141222009479968e-01,5.689623925336242394e-01,6.191400963194104712e-01,7.581372994683260869e-01,6.299060514500709473e-02,4.777932207303792200e-02,-5.862711282896565512e-02
1.029999999999972715e+00,4.208333333333446546e+01,-7.034606786668234690e+00,-2.125229611839840871e+01,9.259809493386407553e+01,3.842517575550673525e-01,-1.109086666125736809e+00,-2.482069894393221510e-01,7.801572372932555899e-01,6.785018026999293239e-01,7.706836500269693691e-01,7.994933696166041104e-01,-8.535439024933380026e-01,5.326028099584317888e-01,9.029297835899531277e-01,-6.936495344817455333e+00,1.399497021264411600e+01,-9.819571350637650298e-01,1.189829619866684496e+01,-1.161940268068329019e+01,-5.116020497988872151e+00,1.173290877426972045e+01,-1.150166332557886406e+01,-5.276311579194102208e+00,-2.466428875125561970e-03,-5.955299926379356741e-03,3.378877110128207517e-02,1.743335119896375837e-02,-5.506767446178751149e-03,-7.997667315082376827e-03,1.280435185139822054e-04,-1.325109437093388001e-04,1.992031592269663119e-04,1.101484550581985244e+00,-1.078023401725350716e+00,-8.588005581787951925e-01,4.775567445710698911e-01,6.283701532814897073e-01,5.819720046125834712e-01,6.307716226737631882e-01,7.572090149091895706e-01,6.523257709148050365e-02,3.642285750184576232e-02,-5.575898982519428282e-02
1.040000000000020464e+00,4.166666666666581165e+01,-7.710211370340180004e+00,-2.088154411944127986e+01,9.310083630195333626e+01,3.918246738702512166e-01,-1.107916578222548409e+00,-2.395105015751215483e-01,7.761057679236221807e-01,6.835648259550666239e-01,7.615220857070621463e-01,8.039302418144398388e-01,-9.395636811642362751e-01,6.996334657391299894e-01,8.731715315581298764e-01,-7.099215000041042778e+00,1.306400170381269987e+01,-1.214232627750710947e+00,1.174726296032917183e+01,-1.168003209113408225e+01,-5.921023213459044143e+00,1.155747862745526611e+01,-1.158108191466877024e+01,-6.064712423062050384e+00,-1.619027784107144978e-03,-2.166360114207183628e-03,3.056276281592784638e-02,1.894316999913153721e-02,-7.409623082816921454e-03,-7.410187816499352875e-03,7.820866898357444960e-05,-1.592066294211489969e-04,2.117204972427793805e-04,1.098998577366266716e+00,-1.081229413991672272e+00,-9.905376429155854368e-01,4.821454247369723056e-01,6.319298241324016185e-01,5.935517306801838533e-01,6.419391440899072654e-01,7.562807303500477252e-01,6.747454903796662462e-02,2.506639293058893214e-02,-5.289086682140653473e-02
1.050000000000011369e+00,4.124999999999952394e+01,-8.381495522041818802e+00,-2.050730283812659493e+01,9.360314212060008288e+01,4.037247604493252595e-01,-1.104476529524655470e+00,-2.268801533863294417e-01,7.720542985540117531e-01,6.886278492101751691e-01,7.523605213872069930e-01,8.083671140122503651e-01,-1.000894395025930583e+00,8.220323342029058900e-01,8.330722052016037438e-01,-6.996091967907663189e+00,1.231746134524690639e+01,-1.638553131531650831e+00,1.157848311029638744e+01,-1.182553917824470879e+01,-6.649146424485186557e+00,1.137037213161600135e+01,-1.174707701523079528e+01,-6.777915508887310203e+00,-8.057879798638242774e-04,1.294991915274672353e-03,2.756596230511750706e-02,1.994329254643967958e-02,-8.825206557307301372e-03,-6.788643449797297086e-03,3.323443423180836843e-05,-1.820603240064181869e-04,2.195771637933123163e-04,1.091766681390307747e+00,-1.095502935767558084e+00,-1.110277489025592423e+00,4.862534340116384524e-01,6.355864507124202589e-01,6.037937883963625518e-01,6.526725856452664232e-01,7.553524457909110978e-01,6.971652098443997803e-02,1.370992835939660592e-02,-5.002274381763521793e-02
1.060000000000002274e+00,4.083333333333323623e+01,-9.131454145719613891e+00,-1.990615972522895305e+01,9.397928073549685735e+01,4.174210704869756317e-01,-1.100695807178024399e+00,-2.125722622008375251e-01,7.680028291844014365e-01,6.936908724652837144e-01,7.431989570673518397e-01,8.128039862100608914e-01,-1.027408112455587830e+00,8.814905934627590423e-01,7.783896959395265602e-01,-6.736183593005195647e+00,1.159468522272319113e+01,-2.107764011785744351e+00,1.140039970011928894e+01,-1.204627802557917704e+01,-7.303954069743514133e+00,1.118287616494157710e+01,-1.199165776568167807e+01,-7.419776377052032856e+00,-1.215833900295444463e-04,4.384159795344620345e-03,2.482687795901552391e-02,2.025317852545664363e-02,-9.549815003578793204e-03,-6.109761174788612414e-03,-2.467619504382717772e-06,-1.981166568844297700e-04,2.211009704424814540e-04,1.079649527352522176e+00,-1.120835460298066799e+00,-1.218343928230500417e+00,4.899117723100516186e-01,6.393337800542568949e-01,6.127844480261305238e-01,6.629999424587997847e-01,7.544241612317744705e-01,7.195849293091338694e-02,2.353463788204335216e-03,-4.715462081386379012e-02
1.069999999999993179e+00,4.041666666666694852e+01,-9.917653439604046994e+00,-1.918969906941761039e+01,9.428961045449965184e+01,4.258009731706218215e-01,-1.097485660954124587e+00,-2.037322055059185288e-01,7.639513598147910090e-01,6.987538957203921486e-01,7.340373927474967974e-01,8.172408584078713067e-01,-1.074507101743455761e+00,9.666665062113817264e-01,7.395776121500897693e-01,-6.896149368679830083e+00,1.087073703289174631e+01,-2.415045816023876579e+00,1.115637353596010684e+01,-1.240519057772538680e+01,-7.886186736259520380e+00,1.092482133775721387e+01,-1.236961290507030142e+01,-7.988371825303364204e+00,5.866901351797111294e-04,7.294497426420343961e-03,2.210988520303447391e-02,2.097571057303251191e-02,-1.056748107170193962e-02,-5.583974910896124383e-03,-3.849284286922476328e-05,-2.175224818983786186e-04,2.283882878482514426e-04,1.062593920053940710e+00,-1.157149310741550030e+00,-1.315129900045675981e+00,4.931494402692142009e-01,6.431659624633360162e-01,6.206044160050060432e-01,6.729474041598402234e-01,7.534958766726378432e-01,7.420046487738668484e-02,-9.003000782987824469e-03,-4.428649781009247333e-02
1.079999999999984084e+00,4.000000000000066791e+01,-1.069784467677451190e+01,-1.847248039204795589e+01,9.459811807965283492e+01,4.346340860242881021e-01,-1.095443990995718542e+00,-1.947604806161482294e-01,7.598998904451806924e-01,7.038169189755006938e-01,7.248758284276416441e-01,8.216777306056818331e-01,-1.170006314677143555e+00,1.112309931319121814e+00,7.380801748477593405e-01,-7.261084422524053394e+00,1.026723779327709352e+01,-2.601676998010462150e+00,1.081791259725587473e+01,-1.293639530951019267e+01,-8.398979935007625741e+00,1.056142552908565335e+01,-1.291248171491302976e+01,-8.485253205763862994e+00,1.389094040784762726e-03,1.016895475288020871e-02,1.929006393113737172e-02,2.263761534336501680e-02,-1.226618620670023863e-02,-5.353304188042511819e-03,-7.866615380906164662e-05,-2.467285211831851915e-04,2.471258461608107472e-04,1.040617258834177328e+00,-1.204309471600821579e+00,-1.401080278658172418e+00,4.959935681876123104e-01,6.470775255095218004e-01,6.273291937671534590e-01,6.825394713295642735e-01,7.525675921135012159e-01,7.644243682386009375e-02,-2.035946535418009518e-02,-4.141837480632104551e-02
1.089999999999974989e+00,3.958333333333437309e+01,-1.147257217051048706e+01,-1.775440165308970109e+01,9.490479666587827978e+01,4.423521856111057859e-01,-1.093543674356727280e+00,-1.869212883351961674e-01,7.558484210755702648e-01,7.088799422306092390e-01,7.157142641077864909e-01,8.261146028034923594e-01,-1.246326872339931224e+00,1.247775894420631637e+00,7.232295590126021079e-01,-7.393791946448152075e+00,9.439099630898709847e+00,-2.753366632116981627e+00,1.044382809050607364e+01,-1.355684084345782203e+01,-8.846651112589542620e+00,1.016622544635091074e+01,-1.354274962210865496e+01,-8.918627638334434948e+00,2.234010739409341296e-03,1.276762528931135558e-02,1.663634369136296476e-02,2.391964686262498807e-02,-1.387548315655104218e-02,-5.034055261497667223e-03,-1.197433433749435185e-04,-2.720454174280337637e-04,2.630041389375301054e-04,1.013794251055109674e+00,-1.262133858541297782e+00,-1.476677496093422803e+00,4.984695366489854118e-01,6.510633496961970579e-01,6.330294134316134524e-01,6.917990644327998151e-01,7.516393075543645885e-01,7.868440877033344716e-02,-3.171592992537242139e-02,-3.855025180254972872e-02
1.100000000000022737e+00,3.916666666666571928e+01,-1.224236787779182123e+01,-1.703536124888056946e+01,9.520963985708878852e+01,4.615027163305173152e-01,-1.087836012207382463e+00,-1.675238685046931686e-01,7.517969517059368556e-01,7.139429654857465390e-01,7.065526997878793791e-01,8.305514750013280878e-01,-1.306828539159068381e+00,1.374847308568759585e+00,6.973650075990481811e-01,-7.506559087363606331e+00,8.356866268151941668e+00,-2.801957295543156867e+00,1.003730841416048492e+01,-1.426467451616183801e+01,-9.234693106392912298e+00,9.741686798216214527e+00,-1.426069174229562719e+01,-9.292081112323678838e+00,3.109456178067675214e-03,1.531894283257256677e-02,1.385857934505725121e-02,2.489651789237912888e-02,-1.541489138558960539e-02,-4.649772021925714649e-03,-1.612783645735401360e-04,-2.937068153339696336e-04,2.768117885083137809e-04,9.822455837282646485e-01,-1.330402212204688794e+00,-1.542429562094144835e+00,5.006010893667053319e-01,6.551186456985185202e-01,6.377711518391127044e-01,7.007476257244951157e-01,7.507110229952227431e-01,8.092638071681951262e-02,-4.307239449662919606e-02,-3.568212879876203614e-02
1.110000000000013642e+00,3.874999999999943157e+01,-1.311148377770056506e+01,-1.615861491979479680e+01,9.537998062087963547e+01,4.730023293626035574e-01,-1.082448654314232872e+00,-1.560893395238411308e-01,7.486355847075678582e-01,7.191941593991378889e-01,6.941615490001568078e-01,8.355821372590960250e-01,-1.381892723868090922e+00,1.475748166674839323e+00,6.658549010207803764e-01,-7.653614546583047407e+00,7.188502390753784610e+00,-2.742171966100156233e+00,9.572813115965502107e+00,-1.509326356570199934e+01,-9.557254885395307653e+00,9.257301529125285811e+00,-1.510490131578172601e+01,-9.597132050692486871e+00,3.892007920315508109e-03,1.813417036837618526e-02,1.056848455326439909e-02,2.615168884662051954e-02,-1.667865444269052769e-02,-4.255030181421796780e-03,-1.973443583301203634e-04,-3.179948152280233711e-04,2.952167693152045859e-04,9.425111686581227888e-01,-1.410965950429623694e+00,-1.596909966858849117e+00,5.024510243580689872e-01,6.592510687627193278e-01,6.414079385672929456e-01,7.094435098951505925e-01,7.493933575914896172e-01,8.543100678368459322e-02,-5.598958147525462392e-02,-3.095697107627359834e-02
1.120000000000004547e+00,3.833333333333314386e+01,-1.403545493006163092e+01,-1.519594358702605064e+01,9.547469606761919181e+01,4.841247701691989702e-01,-1.078239763861470912e+00,-1.458874265087651279e-01,7.463071164437354854e-01,7.246214309281211463e-01,6.787483655012838124e-01,8.411684288528800124e-01,-1.478992827204000049e+00,1.537047889338953865e+00,6.258019727166116430e-01,-7.763610551534364745e+00,6.019708549301508782e+00,-2.701412065040220245e+00,9.028669459514237161e+00,-1.605887778227572582e+01,-9.806654954043271033e+00,8.690742309094583007e+00,-1.609112396262101186e+01,-9.827674678911055395e+00,4.505146287678151937e-03,2.100543958942344136e-02,7.010144960677369523e-03,2.782258561294479599e-02,-1.751007568570984649e-02,-3.837694157148749743e-03,-2.245505561626625647e-04,-3.464219233283754771e-04,3.201626599123927721e-04,8.915179077188049028e-01,-1.505488115704428198e+00,-1.638985930706138738e+00,5.040754813177590332e-01,6.634670005083411759e-01,6.438161352804725457e-01,7.179388470652003917e-01,7.477113354315050309e-01,9.205287443360526956e-02,-7.036718891799093045e-02,-2.449412349115365206e-02
1.129999999999995453e+00,3.791666666666685614e+01,-1.495697456155808069e+01,-1.423595541152100097e+01,9.556863691633573410e+01,4.938959338440894742e-01,-1.075078227801976150e+00,-1.358132155784357309e-01,7.439786481799031126e-01,7.300487024571044037e-01,6.633351820024108170e-01,8.467547204466639998e-01,-1.565276317321504518e+00,1.579721105968372008e+00,5.869837468773935196e-01,-8.002297941491532285e+00,5.053840644015413552e+00,-2.637699412960812229e+00,8.383856369468059455e+00,-1.715709211762924724e+01,-9.986755716814865735e+00,8.027089715134335890e+00,-1.720898714784026140e+01,-9.989605313960989719e+00,4.992080154953407178e-03,2.357559573836720893e-02,3.589566144198984982e-03,2.928927562499400450e-02,-1.814133590957791448e-02,-3.459555920307404511e-03,-2.454129790145828638e-04,-3.712507346161017258e-04,3.447003399001023977e-04,8.297993720927900885e-01,-1.613545366355945809e+00,-1.669499364905082217e+00,5.054890020038471654e-01,6.677610552087431817e-01,6.450749774528791169e-01,7.262465711153562875e-01,7.460293132715205555e-01,9.867474208352594589e-02,-8.474479636072723698e-02,-1.803127590603370578e-02
1.139999999999986358e+00,3.750000000000056843e+01,-1.587706627295239770e+01,-1.327834738606540554e+01,9.566180854894035690e+01,5.044478257576255897e-01,-1.072763966629514565e+00,-1.247547802241249643e-01,7.416501799160708508e-01,7.354759739860876611e-01,6.479219985035378215e-01,8.523410120404479873e-01,-1.621864760662915739e+00,1.571258633745169053e+00,5.515551723745918400e-01,-8.366022458766829928e+00,4.061310155846399539e+00,-2.493238679639404598e+00,7.649253478510591009e+00,-1.837655490444264572e+01,-1.010340327071912725e+01,7.282568469771266706e+00,-1.845024230008503352e+01,-1.008910593309741088e+01,5.174580326233838359e-03,2.575666477031904669e-02,3.942222156500486616e-04,3.020516831051214823e-02,-1.818650690363556727e-02,-3.146616816597758246e-03,-2.516321531663000158e-04,-3.876945103618922384e-04,3.645238678951702883e-04,7.579323994168623013e-01,-1.734677367639678724e+00,-1.689295855769731070e+00,5.067051903325842099e-01,6.721281944790332696e-01,6.452585904241144865e-01,7.343787817813680618e-01,7.443472911115360802e-01,1.052966097334466777e-01,-9.912240380346348800e-02,-1.156842832091364848e-02
1.149999999999977263e+00,3.708333333333428072e+01,-1.679672826019800524e+01,-1.232282452090374392e+01,9.575421633730594806e+01,5.211894539841751550e-01,-1.065622041003699172e+00,-1.076346710856695699e-01,7.393217116522384780e-01,7.409032455150709184e-01,6.325088150046648261e-01,8.579273036342319747e-01,-1.692233212292969524e+00,1.597837424664795281e+00,5.234889573179886124e-01,-8.644801648872093125e+00,2.725536858186745626e+00,-2.470344796748842775e+00,6.804002583999664289e+00,-1.974484128554078666e+01,-1.016069859919089247e+01,6.423718714610965996e+00,-1.983436318540203658e+01,-1.012914203401223645e+01,5.458926594181711008e-03,2.777261562378997850e-02,-2.787216346110799655e-03,3.138512400600289992e-02,-1.864887212710967038e-02,-2.885766940029969342e-03,-2.628836001088256393e-04,-4.059296971472359586e-04,3.892141371181492772e-04,6.765240289165863619e-01,-1.868395920792505605e+00,-1.699214614587126526e+00,5.077367728626466237e-01,6.765637048749517657e-01,6.444363189671443726e-01,7.423467984505462969e-01,7.426652689515516048e-01,1.119184773833673541e-01,-1.135000112461997945e-01,-5.105580735793702196e-03
1.160000000000025011e+00,3.666666666666562691e+01,-1.784072210602994346e+01,-1.133877129870642797e+01,9.574892864118812952e+01,5.370174906805162962e-01,-1.059030690637188243e+00,-9.278635441013939611e-02,7.369932433883928935e-01,7.463305170440849290e-01,6.170956315057042341e-01,8.635135952280477145e-01,-1.776081810508667758e+00,1.658694958659551189e+00,5.026248921053452223e-01,-9.011089044986558605e+00,1.357501201308184635e+00,-2.550782495735421929e+00,5.857535540893429982e+00,-2.125698497447172031e+01,-1.016472203726352319e+01,5.460067078049712919e+00,-2.135648980219112758e+01,-1.011573728510749781e+01,5.847723383663871490e-03,2.963508103612600211e-02,-5.967561546917681849e-03,3.282154555504909060e-02,-1.952826839491662858e-02,-2.673827196287014568e-03,-2.790881865873490685e-04,-4.257852310811827568e-04,4.189294399217265022e-04,5.862005921258752750e-01,-2.014192757959701208e+00,-1.700080440779053070e+00,5.085956553785708767e-01,6.810631769364720034e-01,6.426730356014479506e-01,7.501612104887885879e-01,7.409832467915573595e-01,1.185403450333257225e-01,-1.278776186890177580e-01,1.357266849362936956e-03
1.170000000000015916e+00,3.624999999999933209e+01,-1.896522047674739397e+01,-1.034003987145864656e+01,9.568249013311253748e+01,5.471676943464949261e-01,-1.053334407541470341e+00,-8.379029115700772912e-02,7.346647751245605207e-01,7.517577885730681864e-01,6.016824480068312386e-01,8.690998868218317019e-01,-1.876116038774989114e+00,1.693279490510672503e+00,4.897596998131559798e-01,-9.527228560065880814e+00,2.666889430071237715e-02,-2.528049733269784660e+00,4.835849076160103621e+00,-2.290317694209246824e+01,-1.012183473138634504e+01,4.420252459753196028e+00,-2.301440848836211472e+01,-1.005493206478923796e+01,6.025292355751925115e-03,3.136842785146132934e-02,-9.176266699632177476e-03,3.456311891525211399e-02,-2.010872535230055769e-02,-2.536277644843002756e-03,-2.854159827295543804e-04,-4.477212935148097792e-04,4.545980017074331453e-04,4.875986566315160253e-01,-2.171546170126526398e+00,-1.692697386630889866e+00,5.092929758249545857e-01,6.856224855829349263e-01,6.400294290221455462e-01,7.578319243218551993e-01,7.393012246315729952e-01,1.251622126832463988e-01,-1.422552261317540645e-01,7.820114434482883237e-03
1.180000000000006821e+00,3.583333333333305859e+01,-2.009330499349573174e+01,-9.346223415072046237e+00,9.561655911575532230e+01,5.588895645627585118e-01,-1.048182726223996220e+00,-7.087702864276355930e-02,7.323363068607282589e-01,7.571850601020514437e-01,5.862692645079582432e-01,8.746861784156156894e-01,-1.993010022966503758e+00,1.700496758797789276e+00,4.852265307222711210e-01,-9.929792628743367544e+00,-1.360874166031224464e+00,-2.389089837838289654e+00,3.744951945176144381e+00,-2.468003727897455946e+01,-1.003697919812778494e+01,3.310308252378524330e+00,-2.480506785110939205e+01,-9.951569572871539648e+00,5.978143783972903087e-03,3.298414856850022392e-02,-1.243392335040402821e-02,3.662145783076308642e-02,-2.037041203632208169e-02,-2.470236960600615764e-03,-2.814518950938534742e-04,-4.716130499334598861e-04,4.967576990376588271e-04,3.813575598965581737e-01,-2.339926615765769213e+00,-1.677843855656390382e+00,5.098391538267668111e-01,6.902377717725722839e-01,6.365622739274293673e-01,7.653682074802432567e-01,7.376192024715884088e-01,1.317840803331671307e-01,-1.566328335744903155e-01,1.428296201960282952e-02
1.189999999999997726e+00,3.541666666666675667e+01,-2.122636047018438887e+01,-8.356979981922437517e+00,9.555114702171363206e+01,5.699989013546974403e-01,-1.042345363072312958e+00,-5.962480075984119554e-02,7.300078385968958861e-01,7.626123316310347011e-01,5.708560810090852478e-01,8.802724700093996768e-01,-2.096181924665984742e+00,1.688290234125908063e+00,4.682231945957649466e-01,-1.019711024729655335e+01,-2.673736909005635098e+00,-2.176087037821562209e+00,2.610526094311408141e+00,-2.654381440412013404e+01,-9.912804752017926546e+00,2.160095114394119609e+00,-2.668225331004535406e+01,-9.810029810743763790e+00,5.866672203860280946e-03,3.433120762866329057e-02,-1.557714595228025869e-02,3.843583155050789291e-02,-2.040933597958993762e-02,-2.339546675758078908e-03,-2.744227467097690729e-04,-4.899264264239821826e-04,5.379870171085349368e-04,2.681133048220605275e-01,-2.518801440638307909e+00,-1.656268904556602806e+00,5.102439370159476129e-01,6.949054253448542218e-01,6.323246834440311437e-01,7.727787298034670682e-01,7.359371803116038224e-01,1.384059479830878070e-01,-1.710104410172266221e-01,2.074580960472277580e-02
1.199999999999988631e+00,3.500000000000047606e+01,-2.236574297416350277e+01,-7.371979016216689828e+00,9.548626490120402366e+01,5.860387088449660054e-01,-1.033832536501622323e+00,-4.319243540724525959e-02,7.276793703330635132e-01,7.680396031600178475e-01,5.554428975102123633e-01,8.858587616031836642e-01,-2.173359316984491585e+00,1.639288130606580740e+00,4.275969226519024113e-01,-1.056810143967993376e+01,-4.061559070537661853e+00,-1.935869388379555467e+00,1.455616693830335873e+00,-2.846730985565101335e+01,-9.751107155184877584e+00,9.949259679934016054e-01,-2.861652523169854945e+01,-9.633833358209002995e+00,5.684932449667936746e-03,3.497244322982150100e-02,-1.836690940422010601e-02,3.978524971798800408e-02,-2.000842305513214278e-02,-2.085786521947279298e-03,-2.638209352834494886e-04,-4.997020759259717618e-04,5.747889687016033205e-04,1.484936189224401737e-01,-2.707638823842128062e+00,-1.628689551524776569e+00,5.105164443702646659e-01,6.996220689693879446e-01,6.273663452730053880e-01,7.800716019869513573e-01,7.342551581516194581e-01,1.450278156330084833e-01,-1.853880484599628176e-01,2.720865718984266657e-02
1.209999999999979536e+00,3.458333333333418125e+01,-2.367857675953406726e+01,-6.485169857564208939e+00,9.535260860430219054e+01,6.012924397214900463e-01,-1.025460364255827539e+00,-2.599368687533461231e-02,7.282741287258688301e-01,7.708740737695435330e-01,5.416830166685986381e-01,8.911839408777478821e-01,-2.255632572944486824e+00,1.580386990263708658e+00,3.925551546009839465e-01,-1.111593781341283815e+01,-5.306465180729829534e+00,-1.690998052206368119e+00,2.225865402542553939e-01,-3.046519532492102655e+01,-9.564520759858648802e+00,-2.485200392022584026e-01,-3.061708974118461413e+01,-9.434669942219235494e+00,5.416378012070375420e-03,3.469657966630340651e-02,-2.079515524873465013e-02,4.123917403657544056e-02,-1.947783644627048075e-02,-1.880941691575467372e-03,-2.491065671347902715e-04,-5.081145577742937061e-04,6.142442581134081522e-04,2.084126685376208599e-02,-2.901976875728362160e+00,-1.597056361871433516e+00,5.107984958413850363e-01,7.042173255814916377e-01,6.218403690787805971e-01,7.872375717222074298e-01,7.330037900104398041e-01,1.534504895827372706e-01,-1.960504346264119735e-01,3.314062247453292143e-02
1.220000000000027285e+00,3.416666666666552743e+01,-2.512046465483488689e+01,-5.672997025831794993e+00,9.517217361927136210e+01,6.150905041821930208e-01,-1.016716683184226255e+00,-1.148570300976882799e-02,7.321878698506354421e-01,7.707647215114522554e-01,5.298002680560085498e-01,8.962126575853279764e-01,-2.356089378884605789e+00,1.486163156164352239e+00,3.774405495968108371e-01,-1.160350091258807304e+01,-6.299649148709299595e+00,-1.449169780395107132e+00,-1.116512855068818810e+00,-3.250775159299146111e+01,-9.365938898339313923e+00,-1.598550174298062121e+00,-3.266309261462794211e+01,-9.223466234943563435e+00,4.850689406810113416e-03,3.403988931225775116e-02,-2.311115006704839853e-02,4.303423479248427025e-02,-1.849124444899942488e-02,-1.811065684150698924e-03,-2.210391022496907250e-04,-5.178440337422768195e-04,6.592106829125896766e-04,-1.168137244736424663e-01,-3.096969576790866263e+00,-1.563327081325010859e+00,5.112408101009704442e-01,7.085091677833095236e-01,6.159044254658275763e-01,7.942657035659584919e-01,7.322413792508559727e-01,1.639177689342513067e-01,-2.024946205950681200e-01,3.846983286037564120e-02
1.230000000000018190e+00,3.374999999999923972e+01,-2.657265718502803864e+01,-4.867544555920233051e+00,9.499616214955932492e+01,6.263982070841578320e-01,-1.010408079137104176e+00,1.524126389527582929e-03,7.361016109753798498e-01,7.706553692533615330e-01,5.179175194434858520e-01,9.012413742928795379e-01,-2.481864532197621376e+00,1.410474338822174989e+00,3.591137983763852404e-01,-1.208105140203843142e+01,-7.441409651638321243e+00,-1.228437461325953661e+00,-2.536747461276875004e+00,-3.455897985471032996e+01,-9.159548315288867926e+00,-3.035560913810187778e+00,-3.471662714438745923e+01,-9.003831173495827400e+00,4.405319550664565584e-03,3.349211920858626707e-02,-2.556969942820384867e-02,4.530097675600014417e-02,-1.772206449623249525e-02,-1.722340340474613068e-03,-1.980808495946120027e-04,-5.298566463861811154e-04,7.121401879345416221e-04,-2.637923545621716492e-01,-3.292478246173200951e+00,-1.527866410370820383e+00,5.118330513186047925e-01,7.125171636849457757e-01,6.095849544690232769e-01,8.011648870994025895e-01,7.314789684912766932e-01,1.743850482857060014e-01,-2.089388065636876846e-01,4.379904324618805189e-02
1.240000000000009095e+00,3.333333333333295201e+01,-2.803677526510395879e+01,-4.068627435595612241e+00,9.482470003398016445e+01,6.368824401658227385e-01,-1.001968797513096199e+00,1.234996938159088620e-02,7.400153521001242574e-01,7.705460169952709215e-01,5.060347708309632653e-01,9.062700910004309884e-01,-2.637795368315421385e+00,1.356861847310033786e+00,3.369611867633494628e-01,-1.270607817742672552e+01,-8.623058001528143279e+00,-1.034836200962132358e+00,-4.029868109852601243e+00,-3.661595955319204876e+01,-8.948431117539056956e+00,-4.552340491251805510e+00,-3.677437002554875534e+01,-8.778579171833856165e+00,4.101704619842402519e-03,3.306533866684083917e-02,-2.822119246877979187e-02,4.812844740804608779e-02,-1.722076944587063937e-02,-1.612704229907482552e-03,-1.810074904094728882e-04,-5.443438090345245704e-04,7.749813234402555887e-04,-4.194469003577059318e-01,-3.488368597996344356e+00,-1.491010327186999440e+00,5.125655502527382001e-01,7.162596193900866437e-01,6.029066909256751705e-01,8.079434385878464520e-01,7.307165577316973026e-01,1.848523276371605295e-01,-2.153829925323071937e-01,4.912825363200051809e-02
1.250000000000000000e+00,3.291666666666666430e+01,-2.951438821900208609e+01,-3.276069209222409295e+00,9.465790494268303235e+01,6.590597682464996998e-01,-9.857273052176244166e-01,3.784064723396610846e-02,7.439290932248686650e-01,7.704366647371801990e-01,4.941520222184406230e-01,9.112988077079825500e-01,-2.773528611203342820e+00,1.273762023969571056e+00,3.252184598673653060e-01,-1.331721097118688846e+01,-9.697573257767668764e+00,-8.676463198249287911e-01,-5.602532638948717114e+00,-3.868780378805833209e+01,-8.729448649630320745e+00,-6.142987375100934955e+00,-3.884978482403290911e+01,-8.546010728160446490e+00,3.593694548397109983e-03,3.251053053369970525e-02,-3.071823083680526312e-02,5.059961024519842726e-02,-1.632916608925918597e-02,-1.569127406457038187e-03,-1.550096969866901302e-04,-5.502571074663953343e-04,8.332023262578743504e-04,-5.831604667779028972e-01,-3.684510826190417365e+00,-1.453067750374101408e+00,5.134292612603611472e-01,7.197536603865994920e-01,5.958927744488580203e-01,8.146091379555739920e-01,7.299541469721180231e-01,1.953196069886152242e-01,-2.218271785009267305e-01,5.445746401781287327e-02
1.259999999999990905e+00,3.250000000000038369e+01,-3.117948970422726163e+01,-2.639254438472757869e+00,9.450300918864100197e+01,6.713601302237528490e-01,-9.764118018761349660e-01,5.182909057989533441e-02,7.478428343496130726e-01,7.703273124790895876e-01,4.822692736059180363e-01,9.163275244155341115e-01,-2.894130440446827546e+00,1.168571201464660536e+00,3.212744974009764110e-01,-1.387231287896517529e+01,-1.078201223625752192e+01,-6.433633472099162809e-01,-7.245103461318489479e+00,-4.077315410765169901e+01,-8.503780018092228943e+00,-7.799424565359748485e+00,-4.094087336653046094e+01,-8.307292888285392252e+00,2.939818293213289011e-03,3.185238633183699181e-02,-3.308562715171432800e-02,5.280901323037017620e-02,-1.513327390179770686e-02,-1.569227257952770767e-03,-1.229645761829607016e-04,-5.486651295802481626e-04,8.879595142329456273e-04,-7.543463626498159158e-01,-3.880779635376834236e+00,-1.414322140156934360e+00,5.144157220792540119e-01,7.230153076880062590e-01,5.885648523082342987e-01,8.211692633760959703e-01,7.291917362125386326e-01,2.057868863400697523e-01,-2.282713644695462951e-01,5.978667440362522845e-02
1.269999999999981810e+00,3.208333333333408888e+01,-3.300878214338193573e+01,-2.136194185376694143e+00,9.436764868358697811e+01,6.829492782856669830e-01,-9.663906222264146972e-01,6.569154698386550639e-02,7.517565754743574802e-01,7.702179602209988651e-01,4.703865249933953940e-01,9.213562411230855620e-01,-3.025888184814229831e+00,1.042103781847442123e+00,3.175562649899469903e-01,-1.454251157155506213e+01,-1.172757222040800329e+01,-3.178214717352587648e-01,-8.938677875503607595e+00,-4.286117559395182042e+01,-8.273633924669509199e+00,-9.508216027998180664e+00,-4.303794988310806247e+01,-8.063828165333429610e+00,2.207624571560185076e-03,3.120887089345528859e-02,-3.551469298608266045e-02,5.523822636946604248e-02,-1.363612859944469263e-02,-1.567731653536891430e-03,-8.806414053729285166e-05,-5.443473857573738906e-04,9.472155335635908287e-04,-9.324473388750780245e-01,-4.077054227222932425e+00,-1.375033034522852304e+00,5.155170162040013659e-01,7.260595490643639849e-01,5.809431756757800214e-01,8.276306236315695841e-01,7.284293254529592421e-01,2.162541656915243915e-01,-2.347155504381657765e-01,6.511588478943763914e-02
1.279999999999972715e+00,3.166666666666780472e+01,-3.485537183086159274e+01,-1.637718318485629654e+00,9.424846981795784018e+01,6.944668112018428374e-01,-9.571309873264252088e-01,8.005679307861092442e-02,7.556703165991018878e-01,7.701086079629082537e-01,4.585037763808728073e-01,9.263849578306371235e-01,-3.188811391615255175e+00,8.561974922985852166e-01,3.144686380901914324e-01,-1.532361943639868684e+01,-1.230941317301098969e+01,-1.137780400967139255e-01,-1.066673607457950190e+01,-4.495010018431777610e+01,-8.037449660597989265e+00,-1.125497715146780386e+01,-4.514538382538690797e+01,-7.813164499805414387e+00,1.240618150016747044e-03,3.065840624535725104e-02,-3.816674889610947863e-02,5.825517062574037119e-02,-1.132361715334431057e-02,-1.563939594058826087e-03,-4.463172510099111149e-05,-5.399730521848021764e-04,1.017594065034179785e-03,-1.116934720115808855e+00,-4.273218250412953445e+00,-1.335437518060090589e+00,5.167257376884896169e-01,7.289004056792509623e-01,5.730466896643338082e-01,8.339995883852626690e-01,7.276669146933800736e-01,2.267214450429789752e-01,-2.411597364067853411e-01,7.044509517525010533e-02
1.290000000000020464e+00,3.124999999999914380e+01,-3.672112241183344850e+01,-1.143785175714619573e+00,9.414566265425722236e+01,7.055937605864934792e-01,-9.456736130713810917e-01,9.299786683990034220e-02,7.595840577238684999e-01,7.699992557048169761e-01,4.466210277682826080e-01,9.314136745382172178e-01,-3.333111030393016705e+00,7.028426931960068957e-01,3.167708654998833140e-01,-1.605910185622038711e+01,-1.264410941700517910e+01,-2.816632677987760194e-02,-1.245373576896245993e+01,-4.705756826478804555e+01,-7.797863195769440203e+00,-1.305872713653595518e+01,-4.726225654447987523e+01,-7.562107327998599082e+00,4.126479589123530946e-04,2.960973844665692675e-02,-4.028969104151366998e-02,6.095328748441306704e-02,-9.400828439694832589e-03,-1.574270528649333303e-03,-7.983370579052983374e-06,-5.261963035303335052e-04,1.083507998895856484e-03,-1.307307456510966581e+00,-4.469159721256151130e+00,-1.295751622331949626e+00,5.180349582184002877e-01,7.315509944291330724e-01,5.648931175592841747e-01,8.402821165016564064e-01,7.269045039337963532e-01,2.371887243944930668e-01,-2.476039223754415430e-01,7.577430556109271409e-02
1.300000000000011369e+00,3.083333333333285609e+01,-3.860776888499965054e+01,-6.543552017314097080e-01,9.405936443941202185e+01,7.268455216899034621e-01,-9.242157668778816504e-01,1.200654792254083753e-01,7.637951562589793131e-01,7.677896134852215670e-01,4.382713079323609651e-01,9.352980954191546514e-01,-3.462037216339290513e+00,5.763586206011673818e-01,3.235223300741649211e-01,-1.665165351332436217e+01,-1.304701023858570785e+01,2.154463397608650244e-01,-1.427314057835336669e+01,-4.914065350939675625e+01,-7.562991425497146203e+00,-1.489331549899799967e+01,-4.933954105460399120e+01,-7.323086869825403689e+00,-2.969007826002763653e-04,2.741577988124238585e-02,-4.113587389145698103e-02,6.338921702656351298e-02,-7.802479441252578932e-03,-1.594869106882132546e-03,2.288966721157226070e-05,-5.050180997939263594e-04,1.144639428898286491e-03,-1.501284947716459151e+00,-4.660169853376324944e+00,-1.258053810231092307e+00,5.194517547827651738e-01,7.338881322303508759e-01,5.567268952956914152e-01,8.464099834522180732e-01,7.262885432739291103e-01,2.465161651302757162e-01,-2.505106223565179979e-01,7.900768319634260406e-02
1.310000000000002274e+00,3.041666666666657193e+01,-4.070078993426051994e+01,-3.173276702120824688e-01,9.402472822571206734e+01,7.384744712964117497e-01,-9.112732145413329210e-01,1.346921653628828652e-01,7.686094346652789788e-01,7.613196011377104666e-01,4.370882224834907182e-01,9.368613492962213352e-01,-3.630593227073876328e+00,4.477508672316825589e-01,3.340602809513826821e-01,-1.700631679925334794e+01,-1.363903077356319393e+01,6.062865529823997512e-01,-1.607019694407227206e+01,-5.110491147106353793e+01,-7.356560191011002559e+00,-1.671276360708095154e+01,-5.129456111645874472e+01,-7.115200513896759560e+00,-9.968554295669502033e-04,2.483432723844569007e-02,-4.152260368741610835e-02,6.656214642375331281e-02,-6.142292130157696838e-03,-1.620153169103308657e-03,5.189859754472130802e-05,-4.870413537720164163e-04,1.216833932223060528e-03,-1.695038531474200472e+00,-4.837079833645923088e+00,-1.226005735157825960e+00,5.209966924069262539e-01,7.356572703651979017e-01,5.490110365792167935e-01,8.522434647435059851e-01,7.259696518956754163e-01,2.535314801701495924e-01,-2.462416466425810524e-01,7.798973201163877933e-02
1.319999999999993179e+00,3.000000000000028422e+01,-4.299333799154536706e+01,-1.167472169734078968e-01,9.405695928144992024e+01,7.497871620329336073e-01,-8.979498457044997606e-01,1.495506471576839025e-01,7.734237130715786446e-01,7.548495887901992552e-01,4.359051370346204712e-01,9.384246031732879079e-01,-3.833428075437797844e+00,3.173061814800977043e-01,3.478734506784787461e-01,-1.717566068401561452e+01,-1.417656878722597291e+01,1.011882514149250012e+00,-1.784693713545683025e+01,-5.294944763754245542e+01,-7.178740773412831011e+00,-1.851808785906005994e+01,-5.313420214101662964e+01,-6.934238560705804133e+00,-1.688189640938327464e-03,2.261378601472453093e-02,-4.221172584102052955e-02,7.037638338757751244e-02,-4.423548114268744877e-03,-1.646396724087865679e-03,7.890921869240552001e-05,-4.703716657829898557e-04,1.298589043260693372e-03,-1.888763853990623520e+00,-5.000630999581232139e+00,-1.199046860207007015e+00,5.226615068875958281e-01,7.368950408446593991e-01,5.417164961068747786e-01,8.578015461942500863e-01,7.256507605174216113e-01,2.605467952100234408e-01,-2.419726709286440236e-01,7.697178082693467704e-02
1.329999999999984084e+00,2.958333333333399651e+01,-4.531774349078226294e+01,8.720567909413311225e-02,9.412895987462572123e+01,7.606363641799129827e-01,-8.846160231245855377e-01,1.635446267379658258e-01,7.782379914778783103e-01,7.483795764426880437e-01,4.347220515857501688e-01,9.399878570503545916e-01,-4.030861277659761654e+00,1.671980904980632232e-01,3.668188839094695952e-01,-1.735253002711800008e+01,-1.452484955316623783e+01,1.349309842671881698e+00,-1.960735130954940075e+01,-5.467773320563058093e+01,-7.020542059345992847e+00,-2.030532405855121780e+01,-5.486283199843249037e+01,-6.773046311737211944e+00,-2.458075855123970869e-03,2.058566130582110271e-02,-4.286760523957462016e-02,7.410479496604388538e-02,-2.398319293584990838e-03,-1.677220155950955808e-03,1.066096934297972748e-04,-4.495947329543507421e-04,1.376429317204702803e-03,-2.082617476088282071e+00,-5.151530648137140567e+00,-1.176659775088078952e+00,5.244384670048729546e-01,7.376357131708879411e-01,5.348161017948401819e-01,8.631019891704889702e-01,7.253318691391678064e-01,2.675621102498973447e-01,-2.377036952147070781e-01,7.595382964223085231e-02
1.339999999999974989e+00,2.916666666666770524e+01,-4.767637711722121452e+01,2.945335941044869843e-01,9.424056646348741140e+01,7.718739527093930741e-01,-8.700805715086789016e-01,1.784391858136238629e-01,7.830522698841779761e-01,7.419095640951769433e-01,4.335389661368799219e-01,9.415511109274212753e-01,-4.220024533662279254e+00,-1.301476845162241602e-02,3.936218372455915215e-01,-1.748744261400658218e+01,-1.473705623975762968e+01,1.518657787414866345e+00,-2.134816252315361140e+01,-5.630487493637510710e+01,-6.875752174585086252e+00,-2.207011644299263864e+01,-5.649697746042352264e+01,-6.625577677320546144e+00,-3.367893355732256427e-03,1.873147736730425977e-02,-4.345436352815508496e-02,7.769394757832083498e-02,8.663083996658669844e-05,-1.718043663887446797e-03,1.364721974230735256e-04,-4.247903011972771112e-04,1.449074771534370745e-03,-2.276722728761660708e+00,-5.290452984773821754e+00,-1.158367132952560219e+00,5.263203401485370136e-01,7.379113467025206763e-01,5.282844339688964608e-01,8.681614095542152798e-01,7.250129777609140014e-01,2.745774252897711931e-01,-2.334347195007701603e-01,7.493587845752680554e-02
1.350000000000022737e+00,2.874999999999905143e+01,-5.007121563500060546e+01,5.052393660194655078e-01,9.439140453670789555e+01,7.928683901960010827e-01,-8.401784343762191964e-01,2.054948842019177768e-01,7.878665482905050643e-01,7.354395517476289834e-01,4.323558806880029026e-01,9.431143648044967298e-01,-4.412270179454715446e+00,-1.776785329382900847e-01,4.068518384814982514e-01,-1.756163679949146328e+01,-1.465184405077721586e+01,1.680434954177054463e+00,-2.307802985214827629e+01,-5.777921535655022467e+01,-6.748773334532437218e+00,-2.382637968779464188e+01,-5.797874500350402371e+01,-6.496243688199977662e+00,-4.073065441788525747e-03,1.708429519638369337e-02,-4.405805934286131931e-02,8.135228235921247719e-02,2.401529618567972355e-03,-1.684553342846973993e-03,1.561795004949136578e-04,-3.974338282289897190e-04,1.520186551066037397e-03,-2.471174771772715051e+00,-5.418040135834085724e+00,-1.143728789139854207e+00,5.283003601612084044e-01,7.377519331934960789e-01,5.220977123462565705e-01,8.729953516190961382e-01,7.246940863826584200e-01,2.815927403296849540e-01,-2.291657437868088731e-01,7.391792727281726316e-02
1.360000000000013642e+00,2.833333333333276727e+01,-5.278011095984881251e+01,4.991726299390235044e-01,9.468975340866722945e+01,8.028461133286076690e-01,-8.237733390990676918e-01,2.191545770124633530e-01,7.926808266968047301e-01,7.289695394001177720e-01,4.311727952391326557e-01,9.446776186815634135e-01,-4.613807541393868838e+00,-2.954702980947174762e-01,3.791668267423739525e-01,-1.780453108549077257e+01,-1.441733011951544796e+01,2.002081670215792641e+00,-2.481535582166888432e+01,-5.901276729739903004e+01,-6.643944509442635926e+00,-2.559669897893530788e+01,-5.921562845135147768e+01,-6.389688093414661374e+00,-4.240618316088401799e-03,1.565643452009275738e-02,-4.472345891333721901e-02,8.519451515599857361e-02,4.102599977488851322e-03,-1.480101358869417849e-03,1.543840465634856564e-04,-3.681103623205780515e-04,1.591733657198257093e-03,-2.666044958581112123e+00,-5.534903207347135812e+00,-1.132339130485076062e+00,5.303721972553936403e-01,7.371855301391215809e-01,5.162336903062679783e-01,8.776183571417234264e-01,7.243751950044046151e-01,2.886080553695588580e-01,-2.248967680728718999e-01,7.289997608811321639e-02
1.370000000000004547e+00,2.791666666666647245e+01,-5.555432357974215307e+01,5.100602776860593268e-01,9.506479182058359356e+01,8.141195166591614907e-01,-8.064440154106911063e-01,2.335965559259041424e-01,7.974951051031043958e-01,7.224995270526066715e-01,4.299897097902624088e-01,9.462408725586300973e-01,-4.815644967301340174e+00,-4.312123805787750896e-01,3.823789794214575433e-01,-1.813803077757076920e+01,-1.437089834509279562e+01,2.343144698610540200e+00,-2.653921166874880910e+01,-6.024020132843974551e+01,-6.547341564060904062e+00,-2.735068962417249594e+01,-6.045124855157769872e+01,-6.290809980014235414e+00,-4.714201416017599171e-03,1.440740413210521952e-02,-4.536712382639979113e-02,8.905497730781834764e-02,6.085421116872550412e-03,-1.391059870343776044e-03,1.619414775808732858e-04,-3.361024063026106035e-04,1.660449912101112343e-03,-2.861384597872628888e+00,-5.641623375804815765e+00,-1.123824584204356825e+00,5.325299298706803741e-01,7.362383855222373041e-01,5.106715559799164250e-01,8.820440300556739999e-01,7.240563036261509211e-01,2.956233704094327064e-01,-2.206277923589349821e-01,7.188202490340916961e-02
1.379999999999995453e+00,2.750000000000019185e+01,-5.838908265617732241e+01,5.448977455440267015e-01,9.551262367795955299e+01,8.257832556091984078e-01,-7.879208670073347687e-01,2.481021993370876588e-01,8.023093835094040616e-01,7.160295147050954601e-01,4.288066243413921064e-01,9.478041264356967810e-01,-5.017804997778195997e+00,-5.862531960104098161e-01,4.188092704799980526e-01,-1.814371041099774118e+01,-1.444001834333367817e+01,2.606732926268493067e+00,-2.823895755580742062e+01,-6.148994690385990936e+01,-6.455114446670544126e+00,-2.907751537410777587e+01,-6.171419736021295677e+01,-6.195814953242300582e+00,-5.518239558145635049e-03,1.332986779275414056e-02,-4.598254863817288068e-02,9.293399384509336281e-02,8.371906670842445969e-03,-1.414501542118443752e-03,1.793128513625722581e-04,-3.015999640000051438e-04,1.726186667484172314e-03,-3.057228190533145984e+00,-5.738752998581158948e+00,-1.117841295779303579e+00,5.347680183459405656e-01,7.349350545141332125e-01,5.053918397183675415e-01,8.862850969358330167e-01,7.237374122478971161e-01,3.026386854493066103e-01,-2.163588166449980643e-01,7.086407371870534488e-02
1.389999999999986358e+00,2.708333333333389703e+01,-6.128677530314275401e+01,6.036854577285493129e-01,9.603150287497516047e+01,8.362352893572132517e-01,-7.689991595717601269e-01,2.618602423312974548e-01,8.071236619157037273e-01,7.095595023575842486e-01,4.276235388925218595e-01,9.493673803127633537e-01,-5.203749942510850879e+00,-7.381198499263392776e-01,4.591516805544565982e-01,-1.784122741699605541e+01,-1.446131881828591403e+01,2.784090878334088970e+00,-2.992646250266762209e+01,-6.266595597804101203e+01,-6.369310375064475949e+00,-3.078912347241246295e+01,-6.290449863338880476e+01,-6.108188807409139720e+00,-6.329259118478784349e-03,1.236124636570696059e-02,-4.642529857740170657e-02,9.652475350040212732e-02,1.064827750962883679e-02,-1.435654897057760939e-03,1.947750902892228801e-04,-2.639526461319246261e-04,1.783140979372784809e-03,-3.253596210924105225e+00,-5.826816733536885451e+00,-1.114072965685634742e+00,5.370812802894939786e-01,7.332985086490698690e-01,5.003763275291406298e-01,8.903534635819010390e-01,7.234185208696433111e-01,3.096540004891804587e-01,-2.120898409310609800e-01,6.984612253400135362e-02
1.399999999999977263e+00,2.666666666666760932e+01,-6.424861279972861894e+01,6.864242305118103404e-01,9.661905648939053037e+01,8.555984423903048031e-01,-7.302800410928208530e-01,2.875826310434669852e-01,8.119379403220033931e-01,7.030894900100730371e-01,4.264404534436515570e-01,9.509306341898300374e-01,-5.360272242212596794e+00,-8.842269149618477986e-01,5.065927203210331964e-01,-1.762796105872245533e+01,-1.428053151807482735e+01,2.847471585659546722e+00,-3.160222105533409476e+01,-6.378304781737836038e+01,-6.288880501429003012e+00,-3.248350859980308059e+01,-6.403517412587257240e+01,-6.028001336285863765e+00,-7.167479515818969173e-03,1.137193689222799203e-02,-4.647917192565576699e-02,9.958047221817761807e-02,1.287274987030475638e-02,-1.467468616608237110e-03,2.094743800968285443e-04,-2.232490377641064476e-04,1.826786805327374613e-03,-3.450497492565891999e+00,-5.906312658979910424e+00,-1.112228835251404035e+00,5.394648675377249347e-01,7.313502379578048496e-01,4.956079800950447534e-01,8.942602679526604481e-01,7.230996294913895062e-01,3.166693155290544182e-01,-2.078208652171240622e-01,6.882817134929752889e-02
1.410000000000025011e+00,2.624999999999895550e+01,-6.732318279167951403e+01,7.467949695689292122e-01,9.725155981446124542e+01,8.676780314149676876e-01,-7.069166700141147341e-01,3.018522576302747895e-01,8.174634945247650775e-01,7.004261962647554407e-01,4.305215612283884163e-01,9.526896433532061614e-01,-5.513145817572973506e+00,-1.030894725553791913e+00,5.446931897488730412e-01,-1.749553010132867570e+01,-1.391232838555771600e+01,2.891068172809783565e+00,-3.320272462219124776e+01,-6.478593464234985788e+01,-6.208829516729577946e+00,-3.410245148327678066e+01,-6.505129054695781576e+01,-5.950651424706651760e+00,-7.920789651529751285e-03,1.030380078790299123e-02,-4.614236373283991943e-02,1.025460394548517035e-01,1.514151529963714965e-02,-1.447381015947221163e-03,2.185499109583084450e-04,-1.835956360736714559e-04,1.864590514039568677e-03,-3.640868417018354286e+00,-5.977550980280911475e+00,-1.111956587856878009e+00,5.419466763303617540e-01,7.293558532740122002e-01,4.914103607088391446e-01,8.980285545349611098e-01,7.252752238427787601e-01,3.196026901924137187e-01,-2.025653919324040819e-01,6.733924310396299795e-02
1.420000000000015916e+00,2.583333333333266779e+01,-7.054751060017245834e+01,7.962486496623457644e-01,9.795444132616160005e+01,8.776818756671859179e-01,-6.850803523907216253e-01,3.143185395222769518e-01,8.244397054430271377e-01,7.055267571763179646e-01,4.453390631157513324e-01,9.548478981004882016e-01,-5.653105591890058790e+00,-1.179547163061394066e+00,5.497349088665102190e-01,-1.710970770283886822e+01,-1.369778083280664660e+01,3.223252123214449316e+00,-3.462301992463464728e+01,-6.556646489514861287e+01,-6.126358228504255266e+00,-3.554035407318055206e+01,-6.584589432757745442e+01,-5.873581733660387272e+00,-8.408589521231708136e-03,9.251655460616041091e-03,-4.544041763662956535e-02,1.051791370354898530e-01,1.747900299559303205e-02,-1.298565519486351077e-03,2.151754980900687686e-04,-1.501644414033165341e-04,1.890518054935967770e-03,-3.810891990017835074e+00,-6.040720458531326109e+00,-1.112802400347989717e+00,5.445865170221344531e-01,7.278190430227006180e-01,4.884390838235553312e-01,9.016930053100262743e-01,7.325383559588961591e-01,3.142108916257230211e-01,-1.952979433590138481e-01,6.488975070155267311e-02
1.430000000000006821e+00,2.541666666666638008e+01,-7.387523448017064709e+01,8.981871408569226389e-01,9.876165036553746290e+01,8.883872167816384557e-01,-6.623985761684001439e-01,3.260320354515501284e-01,8.314159163612891978e-01,7.106273180878805995e-01,4.601565650031143040e-01,9.570061528477702417e-01,-5.830085024386866266e+00,-1.317704778025743151e+00,5.864204804667445536e-01,-1.650349832965766339e+01,-1.370475409473056061e+01,3.834298428073425580e+00,-3.582527162233284912e+01,-6.642204218047592690e+01,-6.045382110067338388e+00,-3.676366130966039236e+01,-6.671745028545079492e+01,-5.795879801507934914e+00,-9.124970727403303866e-03,8.547283773991365061e-03,-4.500362723450660601e-02,1.084046121917153632e-01,1.965613036621993714e-02,-1.262938213727844792e-03,2.214811973000874981e-04,-1.249389513835574947e-04,1.921183853377989069e-03,-3.962088107670950432e+00,-6.096340179031744633e+00,-1.114516444496153724e+00,5.473741976594065362e-01,7.267102968491470083e-01,4.866150589139250360e-01,9.052603169621262769e-01,7.398014880750135580e-01,3.088190930590322680e-01,-1.880304947856236697e-01,6.244025829914268133e-02
1.439999999999997726e+00,2.500000000000008527e+01,-7.730624150829595465e+01,1.052615037020548483e+00,9.966864277974661945e+01,8.997335906581702680e-01,-6.384977930732599338e-01,3.377497708464176629e-01,8.383921272795512580e-01,7.157278789994431234e-01,4.749740668904772756e-01,9.591644075950522819e-01,-6.033196723268638983e+00,-1.448454072334299125e+00,6.454435241880679408e-01,-1.589715810804702301e+01,-1.355449941657034252e+01,4.292055967316805720e+00,-3.682451098767320730e+01,-6.732535259331244504e+01,-5.963116303787821870e+00,-3.778605923693270796e+01,-6.763864401156361339e+01,-5.715541387610531210e+00,-1.000000931120288358e-02,8.147779763382790100e-03,-4.473092832043958078e-02,1.120151533700490393e-01,2.171525701990174861e-02,-1.300549892430538992e-03,2.347666255269019453e-04,-1.078010188702842347e-04,1.952530878147106744e-03,-4.095783740592731093e+00,-6.144841146951748989e+00,-1.116906956639978965e+00,5.503001835983600820e-01,7.260020076103770315e-01,4.858642962411099941e-01,9.087367542861726211e-01,7.470646201911309570e-01,3.034272944923415705e-01,-1.807630462122334358e-01,5.999076589673246751e-02
1.449999999999988631e+00,2.458333333333380466e+01,-8.083748827144131610e+01,1.259540881219004538e+00,1.006694549528431537e+02,9.201407652148571037e-01,-5.911917705352494057e-01,3.589283601038100735e-01,8.453683381978133182e-01,7.208284399110057583e-01,4.897915687778402472e-01,9.613226623423343220e-01,-6.203360756734899617e+00,-1.583614117396365373e+00,6.977930809691423875e-01,-1.522055002147795832e+01,-1.321751158550001293e+01,4.430871843044661418e+00,-3.766506635054460617e+01,-6.812571894872519351e+01,-5.876325461590174548e+00,-3.864326265505736302e+01,-6.845865983296712898e+01,-5.632479575574937947e+00,-1.084138961117244067e-02,7.847761245665855687e-03,-4.414808626369709499e-02,1.149104692601460170e-01,2.384762164389886765e-02,-1.306251711362996747e-03,2.461316539634746461e-04,-9.811967380278369664e-05,1.965424679554117742e-03,-4.213138388610026652e+00,-6.186579044216461654e+00,-1.119829178940792147e+00,5.533555551131035255e-01,7.256683486313014741e-01,4.861175778876062337e-01,9.121281780415646523e-01,7.543277523072483559e-01,2.980354959256508174e-01,-1.734955976388432575e-01,5.754127349432225369e-02
1.459999999999979536e+00,2.416666666666751695e+01,-8.440352834238981927e+01,1.543997211609250186e+00,1.016631721075345922e+02,9.318656616264913151e-01,-5.655672339891301137e-01,3.685233340341448338e-01,8.523445491160752674e-01,7.259290008225682822e-01,5.046090706652031077e-01,9.634809170896163621e-01,-6.332382809977589844e+00,-1.724281897770888472e+00,7.418094079369530469e-01,-1.438528520473567518e+01,-1.297468422001952426e+01,4.404567373417345166e+00,-3.836232789293087109e+01,-6.880714318534523954e+01,-5.785272927903512219e+00,-3.934936335976428978e+01,-6.916124370493683671e+01,-5.547242976652857038e+00,-1.164593391136468925e-02,7.608139121769840613e-03,-4.320293176190177775e-02,1.169424353887907470e-01,2.606804548197553389e-02,-1.278026199978155378e-03,2.556014626917667851e-04,-9.623106776114124226e-05,1.958234561153255476e-03,-4.315166215103544367e+00,-6.221845306380436647e+00,-1.123176048883178346e+00,5.565319677377605911e-01,7.256851588769743788e-01,4.873101500080995185e-01,9.154400710096580740e-01,7.615908844233657549e-01,2.926436973589601198e-01,-1.662281490654531346e-01,5.509178109191203987e-02
1.470000000000027285e+00,2.374999999999885603e+01,-8.802012741855482147e+01,1.934324520056868835e+00,1.026393877495094813e+02,9.435463634467521343e-01,-5.356634441659507972e-01,3.802448530324814002e-01,8.593207600343769625e-01,7.310295617341598939e-01,5.194265725526503452e-01,9.656391718369107258e-01,-6.484006717632900596e+00,-1.849056699003104987e+00,7.753515871931351278e-01,-1.354470612800063556e+01,-1.285673263272251532e+01,4.293777117707453961e+00,-3.893239216485719112e+01,-6.939355122854328783e+01,-5.694702883846328056e+00,-3.993232117729528596e+01,-6.976902742325320617e+01,-5.461846145833368915e+00,-1.232967941045740035e-02,7.638730507186043857e-03,-4.239217922732934490e-02,1.192925395213063899e-01,2.804483341056596135e-02,-1.226318428919093498e-03,2.627729230796509489e-04,-1.031535180194984106e-04,1.951482037224361440e-03,-4.402755285821972286e+00,-6.250876729252979658e+00,-1.126870384189645691e+00,5.598216151662197548e-01,7.260298355304399820e-01,4.893814349279961284e-01,9.186775623707094107e-01,7.688540165395244541e-01,2.872518987922387246e-01,-1.589607004920216560e-01,5.264228868948789275e-02
1.480000000000018190e+00,2.333333333333257542e+01,-9.178015498340684530e+01,2.404690093688543140e+00,1.037297736965317085e+02,9.555638989769207337e-01,-5.074740122998192549e-01,3.889640858013057034e-01,8.662969709526390227e-01,7.361301226457225289e-01,5.342440744400133168e-01,9.677974265841927659e-01,-6.668670953081395680e+00,-1.950598484441182112e+00,7.935822230926772303e-01,-1.270112707798872620e+01,-1.277726325163883203e+01,4.102263779472894001e+00,-3.939791911810167591e+01,-6.986755779834039970e+01,-5.606816085823663975e+00,-4.041704028309099073e+01,-7.026376623469415961e+01,-5.378167193088306597e+00,-1.283517663684957677e-02,7.974082997192204203e-03,-4.178238216388293486e-02,1.221490939267066145e-01,2.966218326369208375e-02,-1.145934042198498313e-03,2.666305503793457363e-04,-1.189988879938652763e-04,1.948068279457018138e-03,-4.476684283541561449e+00,-6.273863789761227494e+00,-1.130858345125284714e+00,5.632171945445828554e-01,7.266812334985508492e-01,4.922747618095658084e-01,9.218454505086745021e-01,7.761171486556419641e-01,2.818601002255479715e-01,-1.516932519186314776e-01,5.019279628707767893e-02
1.490000000000009095e+00,2.291666666666628771e+01,-9.567495419501084086e+01,2.955201748865279310e+00,1.049256854831172490e+02,9.661938184903302584e-01,-4.798296862623874226e-01,3.978155915970238987e-01,8.732731818709010829e-01,7.412306835572850527e-01,5.490615763273762884e-01,9.699556813314748061e-01,-6.830873888639247937e+00,-2.068916709179692059e+00,8.341789499053189338e-01,-1.135298335004437220e+01,-1.278900326632322937e+01,3.985781532419273798e+00,-3.969802358243202178e+01,-7.038089997451557167e+01,-5.509085873131541078e+00,-4.072933448199590600e+01,-7.080324418554731380e+01,-5.284779911694987398e+00,-1.358505052227526946e-02,8.592949836636274916e-03,-4.107428950556455544e-02,1.244940492002188925e-01,3.151261701228421502e-02,-1.123301395057784606e-03,2.791241263023172439e-04,-1.426701660815710095e-04,1.931826517227566752e-03,-4.537637023132583991e+00,-6.290957843234206592e+00,-1.135103986320472380e+00,5.667118740020187229e-01,7.276195713989704883e-01,4.959371146882697312e-01,9.249482243452616936e-01,7.833802807717592520e-01,2.764683016588572739e-01,-1.444258033452412437e-01,4.774330388466746511e-02
1.500000000000000000e+00,2.250000000000000000e+01,-9.969031737694854201e+01,3.586020193613471907e+00,1.062163581420431626e+02,9.759747334435739941e-01,-4.562225987067923816e-01,4.030490095393542971e-01,8.766237403924534988e-01,7.465835420499669084e-01,5.612134415749654437e-01,9.712114689725530603e-01,-6.934333135329407760e+00,-2.231110842052214327e+00,9.332703627861056450e-01,-9.127927320378567799e+00,-1.296975056135305238e+01,3.872637337184467565e+00,-3.974179233390092492e+01,-7.112319021854831647e+01,-5.391690824607070276e+00,-4.076944318872243400e+01,-7.158698221517839499e+01,-5.170014260087960167e+00,-1.492846152815945418e-02,1.002345760477961131e-02,-4.051828677820040747e-02,1.257038620620850589e-01,3.400146121942809047e-02,-1.233214149874006273e-03,3.103967766124101236e-04,-1.717801145759499768e-04,1.895628799142489275e-03,-4.584535554156527581e+00,-6.304808129553556739e+00,-1.139064867873247788e+00,5.701339449928607417e-01,7.288426150420251881e-01,5.001469818152544100e-01,9.279318804734955073e-01,7.889080482474847278e-01,2.700191128700371035e-01,-1.399789145275505131e-01,4.539118594745095159e-02
1.509999999999990905e+00,2.208333333333371229e+01,-1.034166205346267162e+02,4.433338613799967298e+00,1.071820017249780932e+02,1.001310738136292899e+00,-3.924660037960098768e-01,4.175420794812785830e-01,8.652885755698040970e-01,7.529583331691992454e-01,5.625681321503739341e-01,9.688118090420498874e-01,-7.042794084416477141e+00,-2.353464217399961367e+00,1.003037830859794255e+00,-6.178034580123135555e+00,-1.329577990582217240e+01,3.531783897302120057e+00,-3.965493164945988980e+01,-7.180324405516290653e+01,-5.277845512250979532e+00,-4.068343250285695234e+01,-7.230942767916553748e+01,-5.055983805777650275e+00,-1.591615525449442334e-02,1.211918557043516198e-02,-4.053295866191869434e-02,1.270492757334665268e-01,3.591136132755508303e-02,-1.282346240106780125e-03,3.335022876224575956e-04,-2.031540323110703368e-04,1.865006618084049002e-03,-4.611206003486453042e+00,-6.325810023832430851e+00,-1.140674602747192345e+00,5.728184717671822579e-01,7.303979104121742782e-01,5.041727099981608839e-01,9.305683503185736560e-01,7.874067124828567632e-01,2.592869596461404025e-01,-1.469567172455355508e-01,4.343348377328970500e-02
1.519999999999981810e+00,2.166666666666741747e+01,-1.072752918465127152e+02,5.395851101056247323e+00,1.082042325660219007e+02,1.014088704415526232e+00,-3.600575826300759785e-01,4.228320654556594893e-01,8.539534107471546953e-01,7.593331242884315824e-01,5.639228227257823134e-01,9.664121491115466034e-01,-7.155805856692840194e+00,-2.439568286244633732e+00,1.046124765499078846e+00,-2.847616503801891685e+00,-1.369214948034769463e+01,3.040308821895165270e+00,-3.945617008393087133e+01,-7.243291015412302158e+01,-5.166157293189152178e+00,-4.048956270360345400e+01,-7.297479786072636898e+01,-4.944100372221710948e+00,-1.658413029355767024e-02,1.410771051380031380e-02,-4.060164832062422569e-02,1.285180224797994875e-01,3.729408864602872659e-02,-1.283232336582624221e-03,3.496032901905678442e-04,-2.367557664243701010e-04,1.839275271523064907e-03,-4.618676249094416875e+00,-6.353663263273488404e+00,-1.140120966611015252e+00,5.748130207751789289e-01,7.322640295938090960e-01,5.080261749126658843e-01,9.328800249706524772e-01,7.859053767182287986e-01,2.485548064222437015e-01,-1.539345199635205885e-01,4.147578159912873597e-02
1.529999999999972715e+00,2.125000000000113687e+01,-1.113088571860451026e+02,6.458110575686347055e+00,1.093285895206046234e+02,1.026524902664815331e+00,-3.279673097235504264e-01,4.268324376478088156e-01,8.426182459245051826e-01,7.657079154076640304e-01,5.652775133011906927e-01,9.640124891810433194e-01,-7.243809114830084717e+00,-2.543150765994555140e+00,1.084325037315775120e+00,7.331493387708688525e-01,-1.420813233172514245e+01,2.454651847797313380e+00,-3.908454933692294020e+01,-7.309094412280549591e+01,-5.033368816066347229e+00,-4.011871986791937417e+01,-7.366939439582134241e+01,-4.812008812472022612e+00,-1.729303656225980590e-02,1.588129396126780959e-02,-4.052318072052516623e-02,1.295780229982595455e-01,3.896974781195809007e-02,-1.266221984335987169e-03,3.663415613439830235e-04,-2.715059610139951177e-04,1.810552814808863605e-03,-4.607943902799888747e+00,-6.388065258812956948e+00,-1.137566676711954994e+00,5.761620907632623023e-01,7.344209266222029298e-01,5.117184863363168912e-01,9.348878514509757487e-01,7.844040409536008340e-01,2.378226531983468894e-01,-1.609123226815057373e-01,3.951807942496765591e-02
1.540000000000020464e+00,2.083333333333247595e+01,-1.154973109791972519e+02,7.621066192937334449e+00,1.105446175197957928e+02,1.038610046197397940e+00,-2.956873787615971194e-01,4.299555893046704824e-01,8.312830811017913879e-01,7.720827065269325606e-01,5.666322038766068436e-01,9.616128292505263797e-01,-7.293331386879665423e+00,-2.673627545948051409e+00,1.115006125743883247e+00,5.078396572249307184e+00,-1.510724328209961165e+01,1.664409513227166570e+00,-3.854934495062457955e+01,-7.374392386187064119e+01,-4.877036349357793732e+00,-3.957779918002412956e+01,-7.436083822888015504e+01,-4.657739673079936082e+00,-1.806924255577598351e-02,1.738812350966121092e-02,-4.021587402803691869e-02,1.299921941934324976e-01,4.108755576512881230e-02,-1.223361044058721581e-03,3.838305257467155749e-04,-3.065104524537967776e-04,1.775692873928083051e-03,-4.579973800780809512e+00,-6.428713616782308904e+00,-1.133153570253228271e+00,5.769073106195226064e-01,7.368498483573345803e-01,5.152600375436122704e-01,9.366114258442318485e-01,7.829027051889643207e-01,2.270904999743891817e-01,-1.678901253995303544e-01,3.756037725079541811e-02
1.550000000000011369e+00,2.041666666666618823e+01,-1.198126453403702243e+02,8.885965093265745907e+00,1.118395784265562156e+02,1.065682904851398050e+00,-2.332954070153067938e-01,4.341983276496124700e-01,8.199479162791419862e-01,7.784574976461648976e-01,5.679868944520152230e-01,9.592131693200232068e-01,-7.334102636243973627e+00,-2.805739008756890307e+00,1.138871410443842880e+00,1.031344493542416174e+01,-1.642223491281292169e+01,7.068184920646548575e-01,-3.787601888939308736e+01,-7.441761897410103188e+01,-4.707985962487331477e+00,-3.889801466739634606e+01,-7.507203086851340856e+01,-4.490961743296615793e+00,-1.882075742624247233e-02,1.875053926948333852e-02,-3.987860535168704507e-02,1.302934470268868328e-01,4.325556324856064117e-02,-1.171719585834929498e-03,4.016036018404250951e-04,-3.426538187708890338e-04,1.742079773856762201e-03,-4.535696211783044163e+00,-6.475308223327941093e+00,-1.127006141917598292e+00,5.770876244595529725e-01,7.395332511057183256e-01,5.186605515154416590e-01,9.380690804245275238e-01,7.814013694243362451e-01,2.163583467504925362e-01,-1.748679281175154476e-01,3.560267507663428255e-02
1.560000000000002274e+00,1.999999999999990052e+01,-1.238292579003621228e+02,1.030752615618717272e+01,1.130265597372372213e+02,1.081589547922035655e+00,-1.955465769719117730e-01,4.344694959376608767e-01,8.086127514564924734e-01,7.848322887653973456e-01,5.693415850274236023e-01,9.568135093895199228e-01,-7.349653546938214710e+00,-2.942561607250398836e+00,1.143093633467931802e+00,1.638410205460749225e+01,-1.804019734511119921e+01,-6.562917216390600217e-01,-3.710510454946013681e+01,-7.502166424764723729e+01,-4.528743996378346459e+00,-3.811781316669185316e+01,-7.571251555617891427e+01,-4.314899921249637949e+00,-1.948175504294058502e-02,1.990539978237329879e-02,-3.940642995785795938e-02,1.301890950935496172e-01,4.552767250686489547e-02,-1.085342401986314669e-03,4.170230396984397209e-04,-3.790093696678306645e-04,1.705648938824717983e-03,-4.476005648254027136e+00,-6.527552951537628267e+00,-1.119234532905005519e+00,5.767394647755138548e-01,7.424547226195572502e-01,5.219291241683430282e-01,9.392779651623406334e-01,7.799000336597082805e-01,2.056261935265957241e-01,-1.818457308355005964e-01,3.364497290247320249e-02
1.569999999999993179e+00,1.958333333333361281e+01,-1.272577121428376188e+02,1.192716622116636138e+01,1.139546404711082204e+02,1.094798731821880589e+00,-1.624990213703250697e-01,4.338262596100402324e-01,7.972775866338430717e-01,7.912070798846296826e-01,5.706962756028319816e-01,9.544138494590166388e-01,-7.222492867538130135e+00,-3.104581261261756264e+00,1.147068924873233753e+00,2.265179796161985948e+01,-1.981151950524657224e+01,-2.831015288290510856e+00,-3.620626626610385301e+01,-7.555959011302431350e+01,-4.356135964333086363e+00,-3.718614047838825343e+01,-7.628393105637519511e+01,-4.149996337292074955e+00,-2.026476611028300151e-02,2.035517595859972356e-02,-3.807970526629533836e-02,1.276047153667595191e-01,4.821676412240618464e-02,-9.997124474157308063e-04,4.360682201741909042e-04,-4.086209768825684366e-04,1.639746785388601679e-03,-4.401760181423878038e+00,-6.585157043694528589e+00,-1.109937051085356341e+00,5.758969144183034850e-01,7.455989091263974800e-01,5.250742647957729048e-01,9.402541239748458679e-01,7.783986978950803159e-01,1.948940403026990231e-01,-1.888235335534856341e-01,3.168727072831201141e-02
1.579999999999984084e+00,1.916666666666732510e+01,-1.308388947568559217e+02,1.364681261436155246e+01,1.149397752286207890e+02,1.108686594888361743e+00,-1.326712399578345858e-01,4.324229874399267426e-01,7.859424218111936700e-01,7.975818710038620196e-01,5.720509661782404720e-01,9.520141895285133549e-01,-6.999075944852365616e+00,-3.283595848231296799e+00,1.150877665615361423e+00,2.844592099064503898e+01,-2.180263127019073011e+01,-5.524462461542569258e+00,-3.518687754743812945e+01,-7.606762226037942298e+01,-4.192260770697853189e+00,-3.611838399506154929e+01,-7.682307662311644947e+01,-3.996611622988255341e+00,-2.113826542752132720e-02,2.028045018512085462e-02,-3.621823149789818452e-02,1.233743165503303763e-01,5.119758201742528186e-02,-9.198866082333660927e-04,4.586882256494468919e-04,-4.322177148061955021e-04,1.556347373812916844e-03,-4.313781175109079769e+00,-6.647836214467917948e+00,-1.099202290811410077e+00,5.745918581330068386e-01,7.489514470648616085e-01,5.281039339011975864e-01,9.410125660586277085e-01,7.768973621304523514e-01,1.841618870788022666e-01,-1.958013362714706163e-01,2.972956855415093136e-02
1.589999999999974989e+00,1.875000000000103739e+01,-1.345536710004512031e+02,1.547010770765888665e+01,1.159750895220339117e+02,1.125554865657574233e+00,-9.391689490347220060e-02,4.315595307361304034e-01,7.746072569885442682e-01,8.039566621230943566e-01,5.734056567536488513e-01,9.496145295980100709e-01,-6.717616176840080833e+00,-3.471296973875397374e+00,1.140521508230087244e+00,3.432730991088584460e+01,-2.424813123536097947e+01,-8.413324244076449077e+00,-3.409379203403798186e+01,-7.650887614606817522e+01,-4.040615121380136898e+00,-3.496867859003145185e+01,-7.728818883587372568e+01,-3.855134724095540921e+00,-2.198417882449730729e-02,1.934723118641979919e-02,-3.441650920869090968e-02,1.181762174536388765e-01,5.434714749329541683e-02,-8.245440804386799938e-04,4.816219468194553061e-04,-4.508314738114208237e-04,1.464576895966118557e-03,-4.212853364976972159e+00,-6.715313515026792857e+00,-1.087110911376112821e+00,5.728541243213671752e-01,7.524988992229513229e-01,5.310255785912142423e-01,9.415673326219304862e-01,7.753960263658243868e-01,1.734297338549055656e-01,-2.027791389894556540e-01,2.777186637998985130e-02
1.600000000000022737e+00,1.833333333333237647e+01,-1.383770219158203645e+02,1.740153872464626517e+01,1.170524828952374889e+02,1.154139124970108510e+00,-2.640410801833871501e-02,4.262888670627217880e-01,7.500184502893793015e-01,7.926805152511224861e-01,5.628566018828679018e-01,9.284981661757519822e-01,-6.373226254304024785e+00,-3.668416059959576092e+00,1.114807743495672687e+00,4.056118132106151108e+01,-2.698591014667003307e+01,-1.165650744019310814e+01,-3.289912779509816687e+01,-7.668669802413580783e+01,-3.899817925125211637e+00,-3.371007381150362647e+01,-7.746305971064857943e+01,-3.717072355605346878e+00,-2.276670685215218676e-02,1.563026685341500910e-02,-3.397284289647484884e-02,1.120720745344339769e-01,5.775336552574550364e-02,-7.130480989179691738e-04,5.049163466274500522e-04,-4.624109623336384082e-04,1.364926217013811031e-03,-4.094861223327183275e+00,-6.767237313235554552e+00,-1.071015009059395950e+00,5.701072971635503528e-01,7.550903327869099568e-01,5.330784572528217691e-01,9.407244626746928962e-01,7.585134333997805012e-01,1.614897496655704479e-01,-2.041518146273136325e-01,2.567209874094100730e-02
1.610000000000013642e+00,1.791666666666610297e+01,-1.415990725981704088e+02,1.951510553879374754e+01,1.181828685727997055e+02,1.173197963240677932e+00,1.233641221232986349e-02,4.210958797501292428e-01,6.719143087589114494e-01,7.101337043990286757e-01,5.042428015452147250e-01,8.318078085534953425e-01,-5.942572510777203831e+00,-3.901919654725221065e+00,1.061190299749616761e+00,4.667898916956514910e+01,-2.973821474443134960e+01,-1.524498678415043074e+01,-3.146873672859399562e+01,-7.566938304310225760e+01,-3.707911260776103113e+00,-3.221032225672416160e+01,-7.643058316952985365e+01,-3.524898398877677863e+00,-2.338889398835983235e-02,9.728782671914688873e-03,-3.411883825788414315e-02,1.051718335029370177e-01,6.218706465742281086e-02,-5.498233179181855491e-04,5.278457424165060785e-04,-4.619629540481583522e-04,1.257285586736408504e-03,-3.942368636000001647e+00,-6.723206840433467057e+00,-1.040553139922428372e+00,5.639763408715844362e-01,7.521909442793623946e-01,5.312187588776479119e-01,9.337000992701484092e-01,6.795246558141625481e-01,1.446728056840816956e-01,-1.828922013241989220e-01,2.299870152961508429e-02
1.620000000000004547e+00,1.749999999999980105e+01,-1.434975902752115644e+02,2.185965282501517493e+01,1.193937073592628195e+02,1.189254593193748155e+00,4.379709630742154025e-02,4.166000611189989433e-01,5.938101672284434862e-01,6.275868935469349763e-01,4.456290012075615481e-01,7.351174509312387029e-01,-5.350298045158494276e+00,-4.203591926678655888e+00,9.552935493486213181e-01,5.211741486748787366e+01,-3.251485445821302989e+01,-1.925091394100431330e+01,-2.993944305335917733e+01,-7.338206100791038011e+01,-3.490759986600864284e+00,-3.059214729729270132e+01,-7.414165467479357119e+01,-3.314313436632628118e+00,-2.386638838266496795e-02,3.442076083606479021e-03,-3.308633720848492416e-02,9.592083422768275802e-02,6.826189922123802878e-02,-2.899077066909727771e-04,5.489662131255558476e-04,-4.432101390565352009e-04,1.124322775251561379e-03,-3.760190275528706660e+00,-6.589844345295212236e+00,-9.976036432040222834e-01,5.546795081363731228e-01,7.441548533703548074e-01,5.256988173550908305e-01,9.208929055583661150e-01,6.005358782285447061e-01,1.278558617025928323e-01,-1.616325880210843224e-01,2.032530431828916129e-02
1.629999999999995453e+00,1.708333333333351334e+01,-1.454540393988220330e+02,2.428890240343038798e+01,1.206499638780192072e+02,1.207323432859046308e+00,7.838211033124690974e-02,4.118637366146574164e-01,5.157060256979756341e-01,5.450400826948411659e-01,3.870152008699083712e-01,6.384270933089819522e-01,-4.708346144928553301e+00,-4.522733730609507674e+00,8.256858085565874639e-01,5.654617796725614198e+01,-3.508383767935114861e+01,-2.349134928578113701e+01,-2.832344301094056505e+01,-7.018998168949590877e+01,-3.265493597925460456e+00,-2.888389078028282242e+01,-7.095976128573373387e+01,-3.097887925633998396e+00,-2.414818907334670070e-02,-2.699560525837328695e-03,-3.166136696990130839e-02,8.605169173346559341e-02,7.528823842419371526e-02,1.002749654326756795e-06,5.712591662705945829e-04,-4.143464991694243891e-04,9.879145273644785851e-04,-3.553040928384877173e+00,-6.375084633980865334e+00,-9.441203744453732227e-01,5.424209758747585708e-01,7.313133414847529101e-01,5.167546928012425322e-01,9.026758337009103128e-01,5.215471006429268641e-01,1.110389177211040246e-01,-1.403729747179695564e-01,1.765190710696329379e-02
1.639999999999986358e+00,1.666666666666723984e+01,-1.474636364505789459e+02,2.681209049030784541e+01,1.219509364184133773e+02,1.230460231769449742e+00,1.204597044898026992e-01,4.063995102174194352e-01,4.376018841675077820e-01,4.624932718427474665e-01,3.284014005322551943e-01,5.417367356867253125e-01,-3.875968080409843086e+00,-4.908840666544726616e+00,6.051878479496907159e-01,5.944453681429365588e+01,-3.703964383097129343e+01,-2.763598672167766424e+01,-2.694944759139656654e+01,-6.596066845699807857e+01,-3.097852209699867743e+00,-2.738936101708984694e+01,-6.675757239336699911e+01,-2.945028883444981815e+00,-2.411394701431608320e-02,-9.258139407454717834e-03,-2.925862144074544563e-02,7.266982470258702420e-02,8.429490163140621051e-02,4.425712285604128937e-04,5.857315627495227961e-04,-3.618510995474573020e-04,8.162877854981540017e-04,-3.325510273241556014e+00,-6.087866339300279428e+00,-8.820773772534913348e-01,5.273917530186290614e-01,7.139763247095294307e-01,5.046072211035946831e-01,8.793977830500070425e-01,4.425583230573089666e-01,9.422197373961521683e-02,-1.191133614148549014e-01,1.497850989563737079e-02
1.649999999999977263e+00,1.625000000000093792e+01,-1.495205996557127719e+02,2.944043717671978300e+01,1.232955285077706549e+02,1.267347329010898305e+00,1.859245051938674120e-01,3.942890933357335870e-01,3.594977426370399298e-01,3.799464609906537116e-01,2.697876001946020175e-01,4.450463780644686729e-01,-3.093699555072854768e+00,-5.334642736261152152e+00,3.129568782545805727e-01,6.057652071903606839e+01,-3.826607557227053036e+01,-3.154372939008260701e+01,-2.586674447245130182e+01,-6.115527853065888308e+01,-2.929130536411185037e+00,-2.619452368281465127e+01,-6.200571418409692370e+01,-2.789510901361667461e+00,-2.378607355719240465e-02,-1.513370083331980025e-02,-2.726288694555243503e-02,5.988236399317704850e-02,9.508674574528899748e-02,9.957742330032152978e-04,5.947587050813725462e-04,-3.063465782367654736e-04,6.574554106759535705e-04,-3.082043555381165589e+00,-5.737870470455197491e+00,-8.134247762275297333e-01,5.097705297579694372e-01,6.924337317088212762e-01,4.894629957774411788e-01,8.513851513867368714e-01,3.635695454716910691e-01,7.740502975812643682e-02,-9.785374811174021858e-02,1.230511268431144778e-02
1.660000000000025011e+00,1.583333333333229298e+01,-1.488245920025684654e+02,3.234236408425434917e+01,1.256601251987161021e+02,1.290235519327159297e+00,2.263666571296024110e-01,3.895544769545190578e-01,2.813936011061280440e-01,2.973996501380907764e-01,2.111737998566157182e-01,3.483560204416624728e-01,-2.349651367479518527e+00,-5.790721704248243284e+00,-3.398742307145152797e-02,6.018409529796334567e+01,-3.872438527478038139e+01,-3.496962996624937858e+01,-2.514161395486259565e+01,-5.600650898538391687e+01,-2.782805978575402239e+00,-2.536114616631075691e+01,-5.693835075239447008e+01,-2.654767129164046668e+00,-2.324148872043327319e-02,-2.035048493384486457e-02,-2.565532026373868596e-02,4.726404928531343502e-02,1.078205376185124992e-01,1.637216722237852572e-03,6.013750840839584590e-04,-2.469885573762728090e-04,5.066642203958933617e-04,-2.826927228393437463e+00,-5.335299912388034471e+00,-7.400540918448355043e-01,4.897244720136467167e-01,6.669567927730589707e-01,4.715152864993803483e-01,8.189432861151638710e-01,2.845807678856242529e-01,6.058808577654201111e-02,-7.659413480850474354e-02,9.631715472970342473e-03
1.670000000000015916e+00,1.541666666666600172e+01,-1.472603427903144109e+02,3.530367296444308778e+01,1.285817789531279516e+02,1.314947758203021788e+00,2.612877214724534380e-01,3.848960065903490047e-01,2.032894595756602474e-01,2.148528392859969660e-01,1.525599995189625413e-01,2.516656628194057221e-01,-1.550755600364045916e+00,-6.276750170004646634e+00,-4.408472537926099166e-01,5.819025577246036107e+01,-3.865779024423265042e+01,-3.851703044279945942e+01,-2.494289381282282747e+01,-5.071322737684778303e+01,-2.729619707889575864e+00,-2.503867105220572142e+01,-5.175527504472805163e+01,-2.613497530243461764e+00,-2.248382160975485530e-02,-2.525071929536797793e-02,-2.407234320162325580e-02,3.264362012651420009e-02,1.229106453962300477e-01,2.384846848440522193e-03,6.045063627396805124e-04,-1.733229010869556533e-04,3.413039779528093316e-04,-2.564278762850797033e+00,-4.890694338573713829e+00,-6.637714395831904035e-01,4.674099646723319790e-01,6.377992457335531773e-01,4.509448984019076012e-01,7.823578418647222366e-01,2.055919903000063831e-01,4.377114179505323110e-02,-5.533452150538994974e-02,6.958318261644474978e-03
1.680000000000006821e+00,1.499999999999999822e+01,-1.455021783377616202e+02,3.828214121042959306e+01,1.318764292177449420e+02,1.335491645434934815e+00,2.949456193920845792e-01,3.787951402747229412e-01,1.251853180451922842e-01,1.323060284339032666e-01,9.394619918130936442e-02,1.549753051971490825e-01,-6.805049748404263799e-01,-6.801741926235552960e+00,-9.256551754504686036e-01,5.347324112387082096e+01,-3.802540295636106293e+01,-4.328682665571057697e+01,-2.551954188023730197e+01,-4.548835952728935439e+01,-2.811249539622818538e+00,-2.546802090078231373e+01,-4.673368499002417309e+01,-2.705436593305055037e+00,-2.150591563238445081e-02,-2.458272313044477034e-02,-2.290907064164328377e-02,1.510330900737196815e-02,1.411068909251939341e-01,3.283724496654859618e-03,6.008933583397942741e-04,-8.105536559359248418e-05,1.538442851963593531e-04,-2.298039933416128111e+00,-4.414775699613954885e+00,-5.862773009291737392e-01,4.429733068878390356e-01,6.051984641038311574e-01,4.279209759493805554e-01,7.418960505365188585e-01,1.266032127143885133e-01,2.695419781356436784e-02,-3.407490820227535022e-02,4.284921050318551972e-03
1.689999999999997726e+00,1.499999999999999822e+01,-1.435419581774646360e+02,4.128847443965307917e+01,1.355767260058136969e+02,1.363714883369167019e+00,3.344393827697335064e-01,3.739586481118379324e-01,4.708117651472443210e-02,4.975921758180956722e-02,3.533239884365613204e-02,5.828494757489244282e-02,1.470612240002194537e-01,-7.336500809036459181e+00,-1.448509696735002850e+00,4.641975694160791477e+01,-3.673606715748271512e+01,-4.838020639809040802e+01,-2.676629894849288505e+01,-4.046829223016010246e+01,-3.023756250146105717e+00,-2.656134681505414008e+01,-4.194700924839505518e+01,-2.930910448017399972e+00,-2.019347583541391059e-02,-2.369073289282841097e-02,-2.151786397022258795e-02,-3.469892649544008452e-03,1.619382409937268896e-01,4.467905829586846581e-03,5.839642464732411982e-04,1.868588433067779641e-05,-3.535392877678974197e-05,-2.029148739638802823e+00,-3.907008301445184628e+00,-5.187284698810894490e-01,4.165513625404649312e-01,5.693765124638594521e-01,4.026017549696851994e-01,6.978079094406623994e-01,4.761443512877064355e-02,1.013725383207558783e-02,-1.281529489916072295e-02,1.611523838992712232e-03
1.699999999999988631e+00,1.499999999999999822e+01,-1.413755330217911990e+02,4.433548183532213471e+01,1.397075095894545598e+02,1.387518355028632744e+00,3.670876426750221966e-01,3.703341439108773780e-01,0.000000000000000000e+00,0.000000000000000000e+00,0.000000000000000000e+00,0.000000000000000000e+00,8.607292131225026122e-01,-7.897322083132391590e+00,-2.072886949378565991e+00,3.869374124692497219e+01,-3.509024154895899983e+01,-5.228154700269525534e+01,-2.928146225610829489e+01,-3.620818981815287430e+01,-3.243081630251752223e+00,-2.892842505400318842e+01,-3.793112112066762620e+01,-3.172730313733480578e+00,-1.858614540320056505e-02,-2.551319042341174126e-02,-1.873355572220943011e-02,-2.170887766233901492e-02,1.864975306257597443e-01,6.008823819774727210e-03,5.399438580200137394e-04,1.169055120482210641e-04,-2.211867029371166425e-04,-1.775856837301504010e+00,-3.419309422704130075e+00,-4.539773166679028638e-01,3.896867092810427091e-01,5.326557045228824672e-01,3.766367539601283565e-01,6.528041734920502215e-01,0.000000000000000000e+00,0.000000000000000000e+00,0.000000000000000000e+00,0.000000000000000000e+00
1.709999999999979536e+00,1.499999999999999822e+01,-1.353075084391935832e+02,4.622960038119888537e+01,1.460195854101275188e+02,1.444936752708176897e+00,4.475233657187565051e-01,3.670754689861265851e-01,0.000000000000000000e+00,0.000000000000000000e+00,0.000000000000000000e+00,0.000000000000000000e+00,1.419367993872151512e+00,-8.376129836680242136e+00,-2.692552792444000698e+00,2.937571922448737993e+01,-3.226675343696467024e+01,-5.486897589565332112e+01,-3.241504631027758165e+01,-3.293056939544678130e+01,-3.439175839063705720e+00,-3.192966619003337669e+01,-3.492245980690059071e+01,-3.393359517767436273e+00,-1.686801071079962328e-02,-2.556482572543208528e-02,-1.574577772721857602e-02,-3.826650524975937911e-02,2.116087964534154320e-01,7.704631892396853442e-03,4.764657295832502859e-04,2.060707817373670701e-04,-3.898885175350971528e-04,-1.554182522446268644e+00,-2.992488376302798514e+00,-3.973088349984597034e-01,3.645546385064007966e-01,4.983031321980940231e-01,3.523463141493349271e-01,6.107028641596050633e-01,0.000000000000000000e+00,0.000000000000000000e+00,0.000000000000000000e+00,0.000000000000000000e+00
1.720000000000027285e+00,1.499999999999999822e+01,-1.274770525189366879e+02,4.740907277991045987e+01,1.539400546811470747e+02,1.474364380304568289e+00,4.864633609298784078e-01,3.664525382704582057e-01,0.000000000000000000e+00,0.000000000000000000e+00,0.000000000000000000e+00,0.000000000000000000e+00,1.841846635939599963e+00,-8.782906181123301792e+00,-3.308080665718133417e+00,1.783922541682278151e+01,-2.725211742584808405e+01,-5.618831092971544194e+01,-3.603461618223313678e+01,-3.038918184412947454e+01,-3.593151629660180202e+00,-3.543262018050523920e+01,-3.266209482256218877e+01,-3.569021006747018721e+00,-1.510180900588827500e-02,-2.511672563551054643e-02,-1.347123855427645629e-02,-5.307991566829777658e-02,2.373577032776182927e-01,9.571585051783123438e-03,3.917054110671780768e-04,2.858431843965794747e-04,-5.408189092713327996e-04,-1.360179076567842094e+00,-2.618945984486361844e+00,-3.477140918106895739e-01,3.410434107484143218e-01,4.661660608344506129e-01,3.296224380368475426e-01,5.713167952001257932e-01,0.000000000000000000e+00,0.000000000000000000e+00,0.000000000000000000e+00,0.000000000000000000e+00
1.730000000000018190e+00,1.499999999999999822e+01,-1.193985108594545608e+02,4.818935294246166734e+01,1.627528846404791238e+02,1.502474280547847263e+00,5.212229595796207260e-01,3.671649604940052103e-01,0.000000000000000000e+00,0.000000000000000000e+00,0.000000000000000000e+00,0.000000000000000000e+00,2.109540767380722937e+00,-9.085093600050910823e+00,-3.857091560818052933e+00,5.607613060598491295e+00,-2.107224594948407770e+01,-5.615698567830511934e+01,-3.943100765934417495e+01,-2.817315501761100549e+01,-3.649061405565343197e+00,-3.873754647361148784e+01,-3.072663100846761708e+01,-3.643427600627549001e+00,-1.340064394408191709e-02,-2.420857477320510071e-02,-1.185612152038187893e-02,-6.498567692009361851e-02,2.626192471865345102e-01,1.148152313938557469e-02,2.965212573461356691e-04,3.499574669087381507e-04,-6.621239402453507920e-04,-1.190392436932648623e+00,-2.292031649637129576e+00,-3.043100958079649754e-01,3.190484929541486658e-01,4.361016060953026297e-01,3.083640932066225027e-01,5.344708525755959005e-01,0.000000000000000000e+00,0.000000000000000000e+00,0.000000000000000000e+00,0.000000000000000000e+00
1.740000000000009095e+00,1.499999999999999822e+01,-1.115434211005033944e+02,4.855239140956953747e+01,1.719763279854209657e+02,1.530605909247151564e+00,5.560380399992824740e-01,3.675978898455360966e-01,0.000000000000000000e+00,0.000000000000000000e+00,0.000000000000000000e+00,0.000000000000000000e+00,2.228995700315834494e+00,-9.287114804489895903e+00,-4.342398255211311842e+00,-6.786587716686446115e+00,-1.480263645405030282e+01,-5.460086762720271736e+01,-4.242176250555591110e+01,-2.601517409893181210e+01,-3.586100626344417286e+00,-4.166709250457549274e+01,-2.884481029549246500e+01,-3.596422987083140121e+00,-1.177311016356110199e-02,-2.294439634781957060e-02,-1.077992918062809467e-02,-7.339930042818391953e-02,2.871318884619139533e-01,1.342727922486828922e-02,1.899626071739352160e-04,3.952660719731358047e-04,-7.478483923545071327e-04,-1.041799699993969153e+00,-2.005924946164409306e+00,-2.663240765665344512e-01,2.984720937224169535e-01,4.079760986856627580e-01,2.884767631277361799e-01,5.000012158802740192e-01,0.000000000000000000e+00,0.000000000000000000e+00,0.000000000000000000e+00,0.000000000000000000e+00
1.750000000000000000e+00,1.499999999999999822e+01,-1.043328971055012744e+02,4.848928636340164644e+01,-1.790013072786019563e+02,1.583101236904015829e+00,6.140779843046614284e-01,3.770980186861394579e-01,0.000000000000000000e+00,0.000000000000000000e+00,0.000000000000000000e+00,0.000000000000000000e+00,2.137238600278169809e+00,-9.449935302614871802e+00,-4.957381625902765876e+00,-1.938793503299301690e+01,-8.248941650377510371e+00,-5.186614610622120836e+01,-4.650763108788687816e+01,-2.374677175152418585e+01,-3.337337499114709782e+00,-4.575184282712680073e+01,-2.686642088274946971e+01,-3.363422265365819452e+00,-9.892153911905121610e-03,-2.125114525797552542e-02,-1.030858033242117514e-02,-7.522958475968130609e-02,3.125461971239973935e-01,1.587514730540171698e-02,1.336484733140408489e-05,4.051224233836349018e-04,-7.664967335086741301e-04,-9.117553012216695896e-01,-1.755531992885752235e+00,-2.330797260297817752e-01,2.792227285143327742e-01,3.816644900463861401e-01,2.698720269253086501e-01,4.677546299802982088e-01,0.000000000000000000e+00,0.000000000000000000e+00,0.000000000000000000e+00,0.000000000000000000e+00
1.759999999999990905e+00,1.499999999999999822e+01,-9.762021879738095720e+01,4.717240026520315155e+01,-1.704980148114620704e+02,1.616193435535720591e+00,6.558213950578081208e-01,3.824807804271186384e-01,0.000000000000000000e+00,0.000000000000000000e+00,0.000000000000000000e+00,0.000000000000000000e+00,1.588934971801848839e+00,-9.528021298978243792e+00,-5.852668327565116790e+00,-3.124717015367793493e+01,-1.182475924701061221e+00,-4.838444266205035404e+01,-5.250814002033822447e+01,-2.012289227158088778e+01,-2.638102349310833539e+00,-5.190890554133129342e+01,-2.353335965933518636e+01,-2.680264762472337470e+00,-7.380590245144685174e-03,-1.868709636448372471e-02,-1.089529332481135523e-02,-5.978534567184821263e-02,3.372580347872216056e-01,1.926308126369910209e-02,-3.131117152297247072e-04,3.219529151832854069e-04,-6.091389752521707496e-04,-7.979439131251707673e-01,-1.536394760899903122e+00,-2.039851574311052351e-01,2.612148129047453526e-01,3.570497963769245775e-01,2.524671662532670946e-01,4.375877236274487436e-01,0.000000000000000000e+00,0.000000000000000000e+00,0.000000000000000000e+00,0.000000000000000000e+00
1.769999999999981810e+00,1.499999999999999822e+01,-9.092926484367690421e+01,4.275440200748143837e+01,-1.621268358891526589e+02,1.642970870017245844e+00,6.852160067678348954e-01,3.895352713991518390e-01,0.000000000000000000e+00,0.000000000000000000e+00,0.000000000000000000e+00,0.000000000000000000e+00,1.044121554744827485e+00,-9.598310429670448229e+00,-6.644909742763767113e+00,-4.063064226098557441e+01,4.753326982535120315e+00,-4.408380437024457876e+01,-5.789343172082688938e+01,-1.596352613769466267e+01,-1.950935791481839487e+00,-5.746722461741924093e+01,-1.967887530018391828e+01,-2.010588846797011442e+00,-5.356000636465286374e-03,-1.637249024497587982e-02,-1.135599867813905442e-02,-4.199452252164882077e-02,3.635469493951554720e-01,2.276111554433801754e-02,-6.441274162304667407e-04,2.261467052776680402e-04,-4.278724180244513568e-04,-6.983392228598724882e-01,-1.344611702256964358e+00,-1.785223672644783433e-01,2.443682820661164379e-01,3.340225785147297732e-01,2.361847975210701056e-01,4.093663720175633736e-01,0.000000000000000000e+00,0.000000000000000000e+00,0.000000000000000000e+00,0.000000000000000000e+00
1.779999999999972715e+00,1.499999999999999822e+01,-8.596056330820134406e+01,3.829781853148990223e+01,-1.548162371080118760e+02,1.671524409552709534e+00,7.166829920032539158e-01,3.999214728846078870e-01,0.000000000000000000e+00,0.000000000000000000e+00,0.000000000000000000e+00,0.000000000000000000e+00,5.053566292456159736e-01,-9.655087692305416525e+00,-7.258575000139600775e+00,-4.669127843909058129e+01,7.898946180235718373e+00,-3.926871979559329873e+01,-6.199472364122046741e+01,-1.135419163827719657e+01,-1.278391791389730248e+00,-6.175883002959827195e+01,-1.538658794223722559e+01,-1.355596419890152227e+00,-3.892848765852219284e-03,-1.429023219649844592e-02,-1.169987938572242259e-02,-2.172663752474365828e-02,3.912190638265249376e-01,2.612829938774555855e-02,-9.441992322580847847e-04,1.170011515299402476e-04,-2.213676540425125149e-04,-6.111678554881474490e-01,-1.176768286288215393e+00,-1.562380126822576765e-01,2.286082347930285530e-01,3.124804553588017009e-01,2.209525278392394099e-01,3.829651004594823438e-01,0.000000000000000000e+00,0.000000000000000000e+00,0.000000000000000000e+00,0.000000000000000000e+00
1.790000000000020464e+00,1.499999999999999822e+01,-8.249229418442709516e+01,3.378502862839975762e+01,-1.486413606531727112e+02,1.698356784592115254e+00,7.450681282511990577e-01,4.111028148144852401e-01,0.000000000000000000e+00,0.000000000000000000e+00,0.000000000000000000e+00,0.000000000000000000e+00,-2.769550872377993245e-01,-9.456512735938217062e+00,-7.771244112050117891e+00,-4.995519277269677616e+01,1.072702749802718714e+01,-3.434442027690830912e+01,-6.373881369136332609e+01,-5.114792942626567473e+00,-3.781394266479854993e-01,-6.381962090923885000e+01,-9.370522109415654555e+00,-4.711483948407090838e-01,-2.329815220718498003e-03,-1.197442293811342047e-02,-1.240731455787423033e-02,1.272790321179026810e-02,4.099713492962506756e-01,2.939297049925095398e-02,-1.298487926191542593e-03,-6.854163837570881443e-05,1.296816440954276896e-04,-5.348778005799225133e-01,-1.029876206855338872e+00,-1.367353401198055929e-01,2.138646004846263271e-01,2.923276486740196134e-01,2.067026331540014472e-01,3.582665265031809709e-01,0.000000000000000000e+00,0.000000000000000000e+00,0.000000000000000000e+00,0.000000000000000000e+00
1.800000000000011369e+00,1.499999999999999822e+01,-8.027498593570531682e+01,2.919904353010402431e+01,-1.435327579351352085e+02,1.726449536577801869e+00,7.774670702883499374e-01,4.221448654657556920e-01,0.000000000000000000e+00,0.000000000000000000e+00,0.000000000000000000e+00,0.000000000000000000e+00,-1.340944923198066130e+00,-8.962605894622086566e+00,-8.167104440660242659e+00,-5.045009699954121629e+01,1.597036432018359875e+01,-2.952625736903425846e+01,-6.242950909658734560e+01,3.067114185123251957e+00,7.040570412685542845e-01,-6.299334418530121127e+01,-1.275563021092947835e+00,5.974343788019438328e-01,-6.640363325063850658e-04,-9.428267621340252411e-03,-1.346729142110989624e-02,6.587360375137994717e-02,4.158413948928664228e-01,3.241662492265114798e-02,-1.716800996129762323e-03,-3.547390840189089834e-04,6.711708201124911687e-04,-4.681107800159224896e-01,-9.013201781569482041e-01,-1.196671214431165309e-01,2.000718276043642607e-01,2.734745572524140966e-01,1.933717571399964086e-01,3.351608380467410164e-01,0.000000000000000000e+00,0.000000000000000000e+00,0.000000000000000000e+00,0.000000000000000000e+00
