t_ulog,raw_lift,raw_roll,raw_pitch,raw_yaw,raw_tilt,raw_wheel0,raw_wheel1,sem_lift,sem_roll,sem_pitch,sem_yaw,sem_tilt,sem_wheel0,sem_wheel1,pub0,pub1,pub2,pub3,mode,gate,clip_frac,obs_norm
3.265535489999999754e+02,-7.133377194404602051e-01,1.192169487476348877e-01,-1.164763942360877991e-01,1.541462242603302002e-01,-1.181147575378417969e+00,1.587972640991210938e-01,1.384468913078308105e+00,1.433311402797698975e-01,1.192169487476348877e-01,-1.164763942360877991e-01,1.541462242603302002e-01,-1.000000000000000000e+00,1.587972640991210938e-01,1.000000000000000000e+00,0.000000000000000000e+00,0.000000000000000000e+00,0.000000000000000000e+00,0.000000000000000000e+00,0.000000000000000000e+00,0.000000000000000000e+00,1.323251417769376152e-02,5.763060653472348305e-01
3.265735489999999572e+02,-6.205848455429077148e-01,1.440557688474655151e-01,-1.460120677947998047e-01,2.136498987674713135e-01,-1.195053339004516602e+00,1.838933676481246948e-01,1.447545647621154785e+00,1.897075772285461426e-01,1.440557688474655151e-01,-1.460120677947998047e-01,2.136498987674713135e-01,-1.000000000000000000e+00,1.838933676481246948e-01,1.000000000000000000e+00,0.000000000000000000e+00,0.000000000000000000e+00,0.000000000000000000e+00,0.000000000000000000e+00,0.000000000000000000e+00,0.000000000000000000e+00,1.134215500945179658e-02,5.731605480547630194e-01
3.265935489999999959e+02,-5.857425332069396973e-01,1.433927118778228760e-01,-1.551680564880371094e-01,1.872487664222717285e-01,-1.200084805488586426e+00,1.866509020328521729e-01,1.445185542106628418e+00,2.071287333965301514e-01,1.433927118778228760e-01,-1.551680564880371094e-01,1.872487664222717285e-01,-1.000000000000000000e+00,1.866509020328521729e-01,1.000000000000000000e+00,0.000000000000000000e+00,0.000000000000000000e+00,0.000000000000000000e+00,0.000000000000000000e+00,0.000000000000000000e+00,0.000000000000000000e+00,9.451795841209829907e-03,5.702803601686727841e-01
3.266135489999999777e+02,-5.732614398002624512e-01,1.394683271646499634e-01,-1.639317423105239868e-01,1.618745923042297363e-01,-1.201950550079345703e+00,2.071788460016250610e-01,1.408232569694519043e+00,2.133692800998687744e-01,1.394683271646499634e-01,-1.639317423105239868e-01,1.618745923042297363e-01,-1.000000000000000000e+00,2.071788460016250610e-01,1.000000000000000000e+00,0.000000000000000000e+00,0.000000000000000000e+00,0.000000000000000000e+00,0.000000000000000000e+00,0.000000000000000000e+00,0.000000000000000000e+00,7.561436672967864099e-03,5.670076359040815417e-01
3.266335489999999595e+02,-5.651493072509765625e-01,1.366872638463973999e-01,-1.612219810485839844e-01,1.697745472192764282e-01,-1.208272099494934082e+00,2.340573817491531372e-01,1.362553000450134277e+00,2.174253463745117188e-01,1.366872638463973999e-01,-1.612219810485839844e-01,1.697745472192764282e-01,-1.000000000000000000e+00,2.340573817491531372e-01,1.000000000000000000e+00,0.000000000000000000e+00,0.000000000000000000e+00,0.000000000000000000e+00,0.000000000000000000e+00,0.000000000000000000e+00,0.000000000000000000e+00,7.561436672967864099e-03,5.624689848382664614e-01
3.266535489999999982e+02,-5.646062493324279785e-01,1.213655024766921997e-01,-1.458284556865692139e-01,1.547834873199462891e-01,-1.228850126266479492e+00,2.409806847572326660e-01,1.329491853713989258e+00,2.176968753337860107e-01,1.213655024766921997e-01,-1.458284556865692139e-01,1.547834873199462891e-01,-1.000000000000000000e+00,2.409806847572326660e-01,1.000000000000000000e+00,0.000000000000000000e+00,0.000000000000000000e+00,0.000000000000000000e+00,0.000000000000000000e+00,0.000000000000000000e+00,0.000000000000000000e+00,7.561436672967864099e-03,5.591227705989691987e-01
3.266735489999999800e+02,-6.345904469490051270e-01,7.977376133203506470e-02,-1.532428115606307983e-01,1.346578598022460938e-01,-1.258308053016662598e+00,2.751456201076507568e-01,1.236952900886535645e+00,1.827047765254974365e-01,7.977376133203506470e-02,-1.532428115606307983e-01,1.346578598022460938e-01,-1.000000000000000000e+00,2.751456201076507568e-01,1.000000000000000000e+00,0.000000000000000000e+00,0.000000000000000000e+00,0.000000000000000000e+00,0.000000000000000000e+00,0.000000000000000000e+00,0.000000000000000000e+00,7.561436672967864099e-03,5.558973573261438705e-01
3.266935489999999618e+02,-6.384745836257934570e-01,7.073040306568145752e-02,-1.661204397678375244e-01,1.852696239948272705e-01,-1.275968432426452637e+00,2.846577763557434082e-01,1.252655982971191406e+00,1.807627081871032715e-01,7.073040306568145752e-02,-1.661204397678375244e-01,1.852696239948272705e-01,-1.000000000000000000e+00,2.846577763557434082e-01,1.000000000000000000e+00,0.000000000000000000e+00,0.000000000000000000e+00,0.000000000000000000e+00,0.000000000000000000e+00,0.000000000000000000e+00,0.000000000000000000e+00,7.561436672967864099e-03,5.526340910286138275e-01
3.267135490000000004e+02,-6.659877896308898926e-01,7.448050379753112793e-02,-1.715052872896194458e-01,2.164205461740493774e-01,-1.274056434631347656e+00,3.477229475975036621e-01,1.231653928756713867e+00,1.670061051845550537e-01,7.448050379753112793e-02,-1.715052872896194458e-01,2.164205461740493774e-01,-1.000000000000000000e+00,3.477229475975036621e-01,1.000000000000000000e+00,0.000000000000000000e+00,0.000000000000000000e+00,0.000000000000000000e+00,0.000000000000000000e+00,0.000000000000000000e+00,0.000000000000000000e+00,7.561436672967864099e-03,5.487976514778355464e-01
3.267335489999999822e+02,-7.190512418746948242e-01,7.669780403375625610e-02,-1.791092753410339355e-01,2.314318418502807617e-01,-1.268167614936828613e+00,3.745335638523101807e-01,1.220930099487304688e+00,1.404743790626525879e-01,7.669780403375625610e-02,-1.791092753410339355e-01,2.314318418502807617e-01,-1.000000000000000000e+00,3.745335638523101807e-01,1.000000000000000000e+00,0.000000000000000000e+00,0.000000000000000000e+00,0.000000000000000000e+00,0.000000000000000000e+00,0.000000000000000000e+00,0.000000000000000000e+00,7.561436672967864099e-03,5.455484673137289686e-01
3.267535489999999641e+02,-7.185294032096862793e-01,8.776777237653732300e-02,-1.797709316015243530e-01,2.321463078260421753e-01,-1.261395096778869629e+00,3.989647924900054932e-01,1.262412786483764648e+00,1.407352983951568604e-01,8.776777237653732300e-02,-1.797709316015243530e-01,2.321463078260421753e-01,-1.000000000000000000e+00,3.989647924900054932e-01,1.000000000000000000e+00,0.000000000000000000e+00,0.000000000000000000e+00,0.000000000000000000e+00,0.000000000000000000e+00,0.000000000000000000e+00,0.000000000000000000e+00,7.561436672967864099e-03,5.445635159328360286e-01
3.267735490000000027e+02,-6.978684663772583008e-01,8.028849959373474121e-02,-1.855268031358718872e-01,2.212769985198974609e-01,-1.288337349891662598e+00,4.030450880527496338e-01,1.231579303741455078e+00,1.510657668113708496e-01,8.028849959373474121e-02,-1.855268031358718872e-01,2.212769985198974609e-01,-1.000000000000000000e+00,4.030450880527496338e-01,1.000000000000000000e+00,0.000000000000000000e+00,0.000000000000000000e+00,0.000000000000000000e+00,0.000000000000000000e+00,0.000000000000000000e+00,0.000000000000000000e+00,7.561436672967864099e-03,5.451031729247676205e-01
3.267935489999999845e+02,-7.195244431495666504e-01,7.040642201900482178e-02,-1.893094927072525024e-01,2.167449444532394409e-01,-1.273310184478759766e+00,3.939796090126037598e-01,1.229296445846557617e+00,1.402377784252166748e-01,7.040642201900482178e-02,-1.893094927072525024e-01,2.167449444532394409e-01,-1.000000000000000000e+00,3.939796090126037598e-01,1.000000000000000000e+00,0.000000000000000000e+00,0.000000000000000000e+00,0.000000000000000000e+00,0.000000000000000000e+00,0.000000000000000000e+00,0.000000000000000000e+00,7.561436672967864099e-03,5.453284742060809931e-01
3.268135489999999663e+02,-7.138363718986511230e-01,8.184447884559631348e-02,-1.707661002874374390e-01,2.026967704296112061e-01,-1.261405944824218750e+00,4.200289845466613770e-01,1.201783895492553711e+00,1.430818140506744385e-01,8.184447884559631348e-02,-1.707661002874374390e-01,2.026967704296112061e-01,-1.000000000000000000e+00,4.200289845466613770e-01,1.000000000000000000e+00,0.000000000000000000e+00,0.000000000000000000e+00,0.000000000000000000e+00,0.000000000000000000e+00,0.000000000000000000e+00,0.000000000000000000e+00,7.561436672967864099e-03,5.432498747536498307e-01
3.268335489999999481e+02,-6.772720813751220703e-01,7.883001863956451416e-02,-1.775323152542114258e-01,2.159889340400695801e-01,-1.274616122245788574e+00,4.166304469108581543e-01,1.226678967475891113e+00,1.613639593124389648e-01,7.883001863956451416e-02,-1.775323152542114258e-01,2.159889340400695801e-01,-1.000000000000000000e+00,4.166304469108581543e-01,1.000000000000000000e+00,0.000000000000000000e+00,0.000000000000000000e+00,0.000000000000000000e+00,0.000000000000000000e+00,0.000000000000000000e+00,0.000000000000000000e+00,7.561436672967864099e-03,5.409096832912481112e-01
3.268535489999999868e+02,-6.739425659179687500e-01,6.736085563898086548e-02,-1.893553733825683594e-01,1.821570992469787598e-01,-1.294601202011108398e+00,4.369761347770690918e-01,1.212501883506774902e+00,1.630287170410156250e-01,6.736085563898086548e-02,-1.893553733825683594e-01,1.821570992469787598e-01,-1.000000000000000000e+00,4.369761347770690918e-01,1.000000000000000000e+00,0.000000000000000000e+00,0.000000000000000000e+00,0.000000000000000000e+00,0.000000000000000000e+00,0.000000000000000000e+00,0.000000000000000000e+00,7.561436672967864099e-03,5.399610855951348931e-01
3.268735489999999686e+02,-6.627508401870727539e-01,9.008197486400604248e-02,-1.662705391645431519e-01,1.620925217866897583e-01,-1.237736582756042480e+00,4.198556542396545410e-01,1.270256280899047852e+00,1.686245799064636230e-01,9.008197486400604248e-02,-1.662705391645431519e-01,1.620925217866897583e-01,-1.000000000000000000e+00,4.198556542396545410e-01,1.000000000000000000e+00,0.000000000000000000e+00,0.000000000000000000e+00,0.000000000000000000e+00,0.000000000000000000e+00,0.000000000000000000e+00,0.000000000000000000e+00,7.561436672967864099e-03,5.384604372707685327e-01
3.268935489999999504e+02,-6.624435782432556152e-01,1.163208186626434326e-01,-1.510082334280014038e-01,9.279233217239379883e-02,-1.187940597534179688e+00,4.417477548122406006e-01,1.266551971435546875e+00,1.687782108783721924e-01,1.163208186626434326e-01,-1.510082334280014038e-01,9.279233217239379883e-02,-1.000000000000000000e+00,4.417477548122406006e-01,1.000000000000000000e+00,0.000000000000000000e+00,0.000000000000000000e+00,0.000000000000000000e+00,0.000000000000000000e+00,0.000000000000000000e+00,0.000000000000000000e+00,7.561436672967864099e-03,5.372181534164135464e-01
3.269135489999999891e+02,-6.644087433815002441e-01,1.107234433293342590e-01,-1.600785851478576660e-01,8.620132505893707275e-02,-1.211473703384399414e+00,4.475245177745819092e-01,1.255904316902160645e+00,1.677956283092498779e-01,1.107234433293342590e-01,-1.600785851478576660e-01,8.620132505893707275e-02,-1.000000000000000000e+00,4.475245177745819092e-01,1.000000000000000000e+00,0.000000000000000000e+00,0.000000000000000000e+00,0.000000000000000000e+00,0.000000000000000000e+00,0.000000000000000000e+00,0.000000000000000000e+00,7.561436672967864099e-03,5.370790777957933360e-01
3.269335489999999709e+02,-7.005957365036010742e-01,1.097308695316314697e-01,-1.595199704170227051e-01,4.118935018777847290e-02,-1.194715499877929688e+00,4.576374590396881104e-01,1.237763643264770508e+00,1.497021317481994629e-01,1.097308695316314697e-01,-1.595199704170227051e-01,4.118935018777847290e-02,-1.000000000000000000e+00,4.576374590396881104e-01,1.000000000000000000e+00,0.000000000000000000e+00,0.000000000000000000e+00,0.000000000000000000e+00,0.000000000000000000e+00,0.000000000000000000e+00,0.000000000000000000e+00,7.561436672967864099e-03,5.366584368219714518e-01
3.269535489999999527e+02,-6.980556249618530273e-01,1.201663240790367126e-01,-1.561688929796218872e-01,-2.551600337028503418e-02,-1.142665505409240723e+00,4.570916593074798584e-01,1.242463946342468262e+00,1.509721875190734863e-01,1.201663240790367126e-01,-1.561688929796218872e-01,-2.551600337028503418e-02,-1.000000000000000000e+00,4.570916593074798584e-01,1.000000000000000000e+00,0.000000000000000000e+00,0.000000000000000000e+00,0.000000000000000000e+00,0.000000000000000000e+00,0.000000000000000000e+00,0.000000000000000000e+00,7.561436672967864099e-03,5.364191593351860243e-01
3.269735489999999913e+02,-6.571127176284790039e-01,1.116513833403587341e-01,-1.579206585884094238e-01,9.095964580774307251e-02,-1.181187272071838379e+00,4.287593066692352295e-01,1.299968600273132324e+00,1.714436411857604980e-01,1.116513833403587341e-01,-1.579206585884094238e-01,9.095964580774307251e-02,-1.000000000000000000e+00,4.287593066692352295e-01,1.000000000000000000e+00,0.000000000000000000e+00,0.000000000000000000e+00,0.000000000000000000e+00,0.000000000000000000e+00,0.000000000000000000e+00,0.000000000000000000e+00,7.561436672967864099e-03,5.375309536732179039e-01
3.269935489999999731e+02,-6.649021506309509277e-01,1.094468161463737488e-01,-1.567500531673431396e-01,6.093953549861907959e-02,-1.154003381729125977e+00,4.444752931594848633e-01,1.286163568496704102e+00,1.675489246845245361e-01,1.094468161463737488e-01,-1.567500531673431396e-01,6.093953549861907959e-02,-1.000000000000000000e+00,4.444752931594848633e-01,1.000000000000000000e+00,0.000000000000000000e+00,0.000000000000000000e+00,0.000000000000000000e+00,0.000000000000000000e+00,0.000000000000000000e+00,0.000000000000000000e+00,7.561436672967864099e-03,5.360837608795497866e-01
3.270135489999999550e+02,-6.538330912590026855e-01,1.168239116668701172e-01,-1.549870073795318604e-01,7.020951807498931885e-02,-1.139903426170349121e+00,4.412358105182647705e-01,1.303573131561279297e+00,1.730834543704986572e-01,1.168239116668701172e-01,-1.549870073795318604e-01,7.020951807498931885e-02,-1.000000000000000000e+00,4.412358105182647705e-01,1.000000000000000000e+00,0.000000000000000000e+00,0.000000000000000000e+00,0.000000000000000000e+00,0.000000000000000000e+00,0.000000000000000000e+00,0.000000000000000000e+00,7.561436672967864099e-03,5.359235600362237673e-01
3.270335489999999936e+02,-6.708629727363586426e-01,1.198871806263923645e-01,-1.521195322275161743e-01,1.026955097913742065e-01,-1.159755945205688477e+00,4.435685873031616211e-01,1.284864425659179688e+00,1.645685136318206787e-01,1.198871806263923645e-01,-1.521195322275161743e-01,1.026955097913742065e-01,-1.000000000000000000e+00,4.435685873031616211e-01,1.000000000000000000e+00,0.000000000000000000e+00,0.000000000000000000e+00,0.000000000000000000e+00,0.000000000000000000e+00,0.000000000000000000e+00,0.000000000000000000e+00,7.561436672967864099e-03,5.370184383904785808e-01
3.270535489999999754e+02,-6.893612146377563477e-01,1.175365298986434937e-01,-1.498362123966217041e-01,1.764502823352813721e-01,-1.199934363365173340e+00,4.533417224884033203e-01,1.309248447418212891e+00,1.553193926811218262e-01,1.175365298986434937e-01,-1.498362123966217041e-01,1.764502823352813721e-01,-1.000000000000000000e+00,4.533417224884033203e-01,1.000000000000000000e+00,0.000000000000000000e+00,0.000000000000000000e+00,0.000000000000000000e+00,0.000000000000000000e+00,0.000000000000000000e+00,0.000000000000000000e+00,7.561436672967864099e-03,5.425584019429465776e-01
3.270735489999999572e+02,-7.662230134010314941e-01,1.184549778699874878e-01,-1.574338972568511963e-01,1.587190330028533936e-01,-1.184569835662841797e+00,4.619085192680358887e-01,1.290696740150451660e+00,1.168884932994842529e-01,1.184549778699874878e-01,-1.574338972568511963e-01,1.587190330028533936e-01,-1.000000000000000000e+00,4.619085192680358887e-01,1.000000000000000000e+00,0.000000000000000000e+00,0.000000000000000000e+00,0.000000000000000000e+00,0.000000000000000000e+00,0.000000000000000000e+00,0.000000000000000000e+00,7.561436672967864099e-03,5.423249943664412154e-01
3.270935489999999959e+02,-7.203906774520874023e-01,1.105125397443771362e-01,-1.667737215757369995e-01,1.483820527791976929e-01,-1.178115129470825195e+00,4.493510127067565918e-01,1.310643196105957031e+00,1.398046612739562988e-01,1.105125397443771362e-01,-1.667737215757369995e-01,1.483820527791976929e-01,-1.000000000000000000e+00,4.493510127067565918e-01,1.000000000000000000e+00,0.000000000000000000e+00,0.000000000000000000e+00,0.000000000000000000e+00,0.000000000000000000e+00,0.000000000000000000e+00,0.000000000000000000e+00,7.561436672967864099e-03,5.426346217924651327e-01
3.271135489999999777e+02,-6.928386688232421875e-01,1.128685846924781799e-01,-1.702674627304077148e-01,1.361453980207443237e-01,-1.175387144088745117e+00,4.590981602668762207e-01,1.290587186813354492e+00,1.535806655883789062e-01,1.128685846924781799e-01,-1.702674627304077148e-01,1.361453980207443237e-01,-1.000000000000000000e+00,4.590981602668762207e-01,1.000000000000000000e+00,0.000000000000000000e+00,0.000000000000000000e+00,0.000000000000000000e+00,0.000000000000000000e+00,0.000000000000000000e+00,0.000000000000000000e+00,7.561436672967864099e-03,5.425620888671022213e-01
3.271335489999999595e+02,-6.843006610870361328e-01,1.054186597466468811e-01,-1.685433685779571533e-01,1.445552557706832886e-01,-1.181279301643371582e+00,4.478364288806915283e-01,1.305833220481872559e+00,1.578496694564819336e-01,1.054186597466468811e-01,-1.685433685779571533e-01,1.445552557706832886e-01,-1.000000000000000000e+00,4.478364288806915283e-01,1.000000000000000000e+00,0.000000000000000000e+00,0.000000000000000000e+00,0.000000000000000000e+00,0.000000000000000000e+00,0.000000000000000000e+00,0.000000000000000000e+00,7.561436672967864099e-03,5.466126677984526339e-01
3.271535489999999982e+02,-6.683325171470642090e-01,1.087534874677658081e-01,-1.686740517616271973e-01,1.448803693056106567e-01,-1.180269718170166016e+00,4.514133036136627197e-01,1.298759222030639648e+00,1.658337414264678955e-01,1.087534874677658081e-01,-1.686740517616271973e-01,1.448803693056106567e-01,-1.000000000000000000e+00,4.514133036136627197e-01,1.000000000000000000e+00,0.000000000000000000e+00,0.000000000000000000e+00,0.000000000000000000e+00,0.000000000000000000e+00,0.000000000000000000e+00,0.000000000000000000e+00,7.561436672967864099e-03,5.479492225465142363e-01
3.271735489999999800e+02,-6.582367420196533203e-01,1.061337068676948547e-01,-1.692831367254257202e-01,8.203580975532531738e-02,-1.174114584922790527e+00,4.658563435077667236e-01,1.282453417778015137e+00,1.708816289901733398e-01,1.061337068676948547e-01,-1.692831367254257202e-01,8.203580975532531738e-02,-1.000000000000000000e+00,4.658563435077667236e-01,1.000000000000000000e+00,0.000000000000000000e+00,0.000000000000000000e+00,0.000000000000000000e+00,0.000000000000000000e+00,0.000000000000000000e+00,0.000000000000000000e+00,7.561436672967864099e-03,5.489994849618615724e-01
3.271935489999999618e+02,-6.658735871315002441e-01,1.145771667361259460e-01,-1.713388115167617798e-01,1.155163049697875977e-01,-1.173747301101684570e+00,4.648084044456481934e-01,1.285555958747863770e+00,1.670632064342498779e-01,1.145771667361259460e-01,-1.713388115167617798e-01,1.155163049697875977e-01,-1.000000000000000000e+00,4.648084044456481934e-01,1.000000000000000000e+00,0.000000000000000000e+00,0.000000000000000000e+00,0.000000000000000000e+00,0.000000000000000000e+00,0.000000000000000000e+00,0.000000000000000000e+00,7.561436672967864099e-03,5.508653771900894336e-01
3.272135490000000004e+02,-6.880607604980468750e-01,1.140525937080383301e-01,-1.693601459264755249e-01,9.856573492288589478e-02,-1.180754065513610840e+00,4.688502848148345947e-01,1.287582159042358398e+00,1.559696197509765625e-01,1.140525937080383301e-01,-1.693601459264755249e-01,9.856573492288589478e-02,-1.000000000000000000e+00,4.688502848148345947e-01,1.000000000000000000e+00,0.000000000000000000e+00,0.000000000000000000e+00,0.000000000000000000e+00,0.000000000000000000e+00,0.000000000000000000e+00,0.000000000000000000e+00,7.561436672967864099e-03,5.508636458230261601e-01
3.272335489999999822e+02,-7.589809894561767578e-01,1.166274473071098328e-01,-1.730240434408187866e-01,9.412226825952529907e-02,-1.176706075668334961e+00,4.942343235015869141e-01,1.263863801956176758e+00,1.205095052719116211e-01,1.166274473071098328e-01,-1.730240434408187866e-01,9.412226825952529907e-02,-1.000000000000000000e+00,4.942343235015869141e-01,1.000000000000000000e+00,0.000000000000000000e+00,0.000000000000000000e+00,0.000000000000000000e+00,0.000000000000000000e+00,0.000000000000000000e+00,0.000000000000000000e+00,7.561436672967864099e-03,5.534788663353948923e-01
3.272535489999999641e+02,-6.746320724487304688e-01,1.151765733957290649e-01,-1.711298376321792603e-01,1.343916207551956177e-01,-1.201419949531555176e+00,4.861324429512023926e-01,1.288227081298828125e+00,1.626839637756347656e-01,1.151765733957290649e-01,-1.711298376321792603e-01,1.343916207551956177e-01,-1.000000000000000000e+00,4.861324429512023926e-01,1.000000000000000000e+00,0.000000000000000000e+00,0.000000000000000000e+00,0.000000000000000000e+00,0.000000000000000000e+00,0.000000000000000000e+00,0.000000000000000000e+00,7.561436672967864099e-03,5.526501293239011181e-01
3.272735490000000027e+02,-6.456896662712097168e-01,1.139855086803436279e-01,-1.741701811552047729e-01,1.786512285470962524e-01,-1.216638326644897461e+00,4.807535707950592041e-01,1.295484900474548340e+00,1.771551668643951416e-01,1.139855086803436279e-01,-1.741701811552047729e-01,1.786512285470962524e-01,-1.000000000000000000e+00,4.807535707950592041e-01,1.000000000000000000e+00,0.000000000000000000e+00,0.000000000000000000e+00,0.000000000000000000e+00,0.000000000000000000e+00,0.000000000000000000e+00,0.000000000000000000e+00,7.561436672967864099e-03,5.548958305776869881e-01
3.272935489999999845e+02,-6.261354088783264160e-01,1.038222089409828186e-01,-1.814837306737899780e-01,1.178933754563331604e-01,-1.200554847717285156e+00,4.863662421703338623e-01,1.297346115112304688e+00,1.869322955608367920e-01,1.038222089409828186e-01,-1.814837306737899780e-01,1.178933754563331604e-01,-1.000000000000000000e+00,4.863662421703338623e-01,1.000000000000000000e+00,0.000000000000000000e+00,0.000000000000000000e+00,0.000000000000000000e+00,0.000000000000000000e+00,0.000000000000000000e+00,0.000000000000000000e+00,7.561436672967864099e-03,5.560259111843968149e-01
3.273135489999999663e+02,-6.441810131072998047e-01,1.124400720000267029e-01,-1.640586256980895996e-01,1.494808942079544067e-01,-1.213746309280395508e+00,4.760603308677673340e-01,1.293725132942199707e+00,1.779094934463500977e-01,1.124400720000267029e-01,-1.640586256980895996e-01,1.494808942079544067e-01,-1.000000000000000000e+00,4.760603308677673340e-01,1.000000000000000000e+00,0.000000000000000000e+00,0.000000000000000000e+00,0.000000000000000000e+00,0.000000000000000000e+00,0.000000000000000000e+00,0.000000000000000000e+00,7.561436672967864099e-03,5.563309473540271055e-01
3.273335489999999481e+02,-6.867791414260864258e-01,1.247473433613777161e-01,-1.613932549953460693e-01,1.328840553760528564e-01,-1.186652302742004395e+00,4.973891079425811768e-01,1.280706763267517090e+00,1.566104292869567871e-01,1.247473433613777161e-01,-1.613932549953460693e-01,1.328840553760528564e-01,-1.000000000000000000e+00,4.973891079425811768e-01,1.000000000000000000e+00,0.000000000000000000e+00,0.000000000000000000e+00,0.000000000000000000e+00,0.000000000000000000e+00,0.000000000000000000e+00,0.000000000000000000e+00,7.561436672967864099e-03,5.559293829523328512e-01
3.273535489999999868e+02,-6.988583207130432129e-01,1.140725016593933105e-01,-1.641495227813720703e-01,2.274477928876876831e-01,-1.234040737152099609e+00,4.640473723411560059e-01,1.310850262641906738e+00,1.505708396434783936e-01,1.140725016593933105e-01,-1.641495227813720703e-01,2.274477928876876831e-01,-1.000000000000000000e+00,4.640473723411560059e-01,1.000000000000000000e+00,0.000000000000000000e+00,0.000000000000000000e+00,0.000000000000000000e+00,0.000000000000000000e+00,0.000000000000000000e+00,0.000000000000000000e+00,7.561436672967864099e-03,5.538802697649456430e-01
3.273735489999999686e+02,-6.613482832908630371e-01,1.041887924075126648e-01,-1.837329566478729248e-01,1.113579645752906799e-01,-1.220091938972473145e+00,4.915395677089691162e-01,1.279139876365661621e+00,1.693258583545684814e-01,1.041887924075126648e-01,-1.837329566478729248e-01,1.113579645752906799e-01,-1.000000000000000000e+00,4.915395677089691162e-01,1.000000000000000000e+00,0.000000000000000000e+00,0.000000000000000000e+00,0.000000000000000000e+00,0.000000000000000000e+00,0.000000000000000000e+00,0.000000000000000000e+00,7.561436672967864099e-03,5.543403072798031017e-01
3.273935489999999504e+02,-6.676831245422363281e-01,1.205381825566291809e-01,-1.718246489763259888e-01,1.303137838840484619e-01,-1.170373201370239258e+00,4.619879722595214844e-01,1.319263696670532227e+00,1.661584377288818359e-01,1.205381825566291809e-01,-1.718246489763259888e-01,1.303137838840484619e-01,-1.000000000000000000e+00,4.619879722595214844e-01,1.000000000000000000e+00,0.000000000000000000e+00,0.000000000000000000e+00,0.000000000000000000e+00,0.000000000000000000e+00,0.000000000000000000e+00,0.000000000000000000e+00,7.561436672967864099e-03,5.521610094686886239e-01
3.274135489999999891e+02,-6.885696649551391602e-01,1.098380908370018005e-01,-1.756749451160430908e-01,1.345789730548858643e-01,-1.223535299301147461e+00,4.896100163459777832e-01,1.264274716377258301e+00,1.557151675224304199e-01,1.098380908370018005e-01,-1.756749451160430908e-01,1.345789730548858643e-01,-1.000000000000000000e+00,4.896100163459777832e-01,1.000000000000000000e+00,0.000000000000000000e+00,0.000000000000000000e+00,0.000000000000000000e+00,0.000000000000000000e+00,0.000000000000000000e+00,0.000000000000000000e+00,7.561436672967864099e-03,5.530876586099247039e-01
3.274335489999999709e+02,-7.394762039184570312e-01,1.115828156471252441e-01,-1.688453555107116699e-01,1.703270226716995239e-01,-1.208320617675781250e+00,4.780763685703277588e-01,1.296933412551879883e+00,1.302618980407714844e-01,1.115828156471252441e-01,-1.688453555107116699e-01,1.703270226716995239e-01,-1.000000000000000000e+00,4.780763685703277588e-01,1.000000000000000000e+00,0.000000000000000000e+00,0.000000000000000000e+00,0.000000000000000000e+00,0.000000000000000000e+00,0.000000000000000000e+00,0.000000000000000000e+00,7.561436672967864099e-03,5.527453988687524022e-01
3.274535489999999527e+02,-6.817308068275451660e-01,1.238636076450347900e-01,-1.687097251415252686e-01,1.461558192968368530e-01,-1.192658662796020508e+00,4.718423187732696533e-01,1.295892596244812012e+00,1.591345965862274170e-01,1.238636076450347900e-01,-1.687097251415252686e-01,1.461558192968368530e-01,-1.000000000000000000e+00,4.718423187732696533e-01,1.000000000000000000e+00,0.000000000000000000e+00,0.000000000000000000e+00,0.000000000000000000e+00,0.000000000000000000e+00,0.000000000000000000e+00,0.000000000000000000e+00,7.561436672967864099e-03,5.534948919743369888e-01
3.274735489999999913e+02,-6.133590340614318848e-01,1.177202761173248291e-01,-1.711360514163970947e-01,1.045070812106132507e-01,-1.193793058395385742e+00,4.709224700927734375e-01,1.309880018234252930e+00,1.933204829692840576e-01,1.177202761173248291e-01,-1.711360514163970947e-01,1.045070812106132507e-01,-1.000000000000000000e+00,4.709224700927734375e-01,1.000000000000000000e+00,0.000000000000000000e+00,0.000000000000000000e+00,0.000000000000000000e+00,0.000000000000000000e+00,0.000000000000000000e+00,0.000000000000000000e+00,7.561436672967864099e-03,5.527370936585700445e-01
3.274935489999999731e+02,-7.112118601799011230e-01,1.153417304158210754e-01,-1.687564998865127563e-01,1.359513401985168457e-01,-1.202625632286071777e+00,4.821236729621887207e-01,1.281850337982177734e+00,1.443940699100494385e-01,1.153417304158210754e-01,-1.687564998865127563e-01,1.359513401985168457e-01,-1.000000000000000000e+00,4.821236729621887207e-01,1.000000000000000000e+00,0.000000000000000000e+00,0.000000000000000000e+00,0.000000000000000000e+00,0.000000000000000000e+00,0.000000000000000000e+00,0.000000000000000000e+00,7.561436672967864099e-03,5.521983320984248378e-01
3.275135489999999550e+02,-7.573323249816894531e-01,1.127870678901672363e-01,-1.672708988189697266e-01,1.443821191787719727e-01,-1.196046590805053711e+00,4.803967475891113281e-01,1.282904624938964844e+00,1.213338375091552734e-01,1.127870678901672363e-01,-1.672708988189697266e-01,1.443821191787719727e-01,-1.000000000000000000e+00,4.803967475891113281e-01,1.000000000000000000e+00,0.000000000000000000e+00,0.000000000000000000e+00,0.000000000000000000e+00,0.000000000000000000e+00,0.000000000000000000e+00,0.000000000000000000e+00,7.561436672967864099e-03,5.563733584158778722e-01
3.275335489999999936e+02,-7.233742475509643555e-01,1.195736899971961975e-01,-1.655728965997695923e-01,1.820102334022521973e-01,-1.203218936920166016e+00,4.792983233928680420e-01,1.301437616348266602e+00,1.383128762245178223e-01,1.195736899971961975e-01,-1.655728965997695923e-01,1.820102334022521973e-01,-1.000000000000000000e+00,4.792983233928680420e-01,1.000000000000000000e+00,0.000000000000000000e+00,0.000000000000000000e+00,0.000000000000000000e+00,0.000000000000000000e+00,0.000000000000000000e+00,0.000000000000000000e+00,7.561436672967864099e-03,5.573041894687338349e-01
3.275535489999999754e+02,-6.125357747077941895e-01,9.794385731220245361e-02,-1.856051385402679443e-01,1.165048182010650635e-01,-1.217885494232177734e+00,4.747178554534912109e-01,1.295162796974182129e+00,1.937321126461029053e-01,9.794385731220245361e-02,-1.856051385402679443e-01,1.165048182010650635e-01,-1.000000000000000000e+00,4.747178554534912109e-01,1.000000000000000000e+00,0.000000000000000000e+00,0.000000000000000000e+00,0.000000000000000000e+00,0.000000000000000000e+00,0.000000000000000000e+00,0.000000000000000000e+00,7.561436672967864099e-03,5.586352350247708598e-01
3.275735489999999572e+02,-6.171274185180664062e-01,1.075658276677131653e-01,-1.753577291965484619e-01,1.481381207704544067e-01,-1.201433300971984863e+00,4.622822999954223633e-01,1.314771413803100586e+00,1.914362907409667969e-01,1.075658276677131653e-01,-1.753577291965484619e-01,1.481381207704544067e-01,-1.000000000000000000e+00,4.622822999954223633e-01,1.000000000000000000e+00,0.000000000000000000e+00,0.000000000000000000e+00,0.000000000000000000e+00,0.000000000000000000e+00,0.000000000000000000e+00,0.000000000000000000e+00,7.561436672967864099e-03,5.580486730611873281e-01
3.275935489999999959e+02,-6.662660241127014160e-01,1.135664582252502441e-01,-1.790639311075210571e-01,1.370702385902404785e-01,-1.179963469505310059e+00,4.905605018138885498e-01,1.307494878768920898e+00,1.668669879436492920e-01,1.135664582252502441e-01,-1.790639311075210571e-01,1.370702385902404785e-01,-1.000000000000000000e+00,4.905605018138885498e-01,1.000000000000000000e+00,0.000000000000000000e+00,0.000000000000000000e+00,0.000000000000000000e+00,0.000000000000000000e+00,0.000000000000000000e+00,0.000000000000000000e+00,7.561436672967864099e-03,5.571860345999716246e-01
3.276135489999999777e+02,-6.745606064796447754e-01,1.038457900285720825e-01,-1.783470064401626587e-01,1.748440116643905640e-01,-1.223007678985595703e+00,4.650246202945709229e-01,1.318418979644775391e+00,1.627196967601776123e-01,1.038457900285720825e-01,-1.783470064401626587e-01,1.748440116643905640e-01,-1.000000000000000000e+00,4.650246202945709229e-01,1.000000000000000000e+00,0.000000000000000000e+00,0.000000000000000000e+00,0.000000000000000000e+00,0.000000000000000000e+00,0.000000000000000000e+00,0.000000000000000000e+00,7.561436672967864099e-03,5.561191411227358605e-01
3.276335489999999595e+02,-6.589224338531494141e-01,1.230671405792236328e-01,-1.756556779146194458e-01,8.157245814800262451e-02,-1.178037047386169434e+00,5.034788250923156738e-01,1.271770954132080078e+00,1.705387830734252930e-01,1.230671405792236328e-01,-1.756556779146194458e-01,8.157245814800262451e-02,-1.000000000000000000e+00,5.034788250923156738e-01,1.000000000000000000e+00,0.000000000000000000e+00,0.000000000000000000e+00,0.000000000000000000e+00,0.000000000000000000e+00,0.000000000000000000e+00,0.000000000000000000e+00,7.561436672967864099e-03,5.585285469908390921e-01
3.276535489999999982e+02,-6.754825115203857422e-01,1.259116530418395996e-01,-1.725988537073135376e-01,1.888850480318069458e-01,-1.212828755378723145e+00,4.652951359748840332e-01,1.325205802917480469e+00,1.622587442398071289e-01,1.259116530418395996e-01,-1.725988537073135376e-01,1.888850480318069458e-01,-1.000000000000000000e+00,4.652951359748840332e-01,1.000000000000000000e+00,0.000000000000000000e+00,0.000000000000000000e+00,0.000000000000000000e+00,0.000000000000000000e+00,0.000000000000000000e+00,0.000000000000000000e+00,7.561436672967864099e-03,5.596560186017697225e-01
3.276735489999999800e+02,-7.133145332336425781e-01,1.265068948268890381e-01,-1.712415218353271484e-01,1.470328420400619507e-01,-1.220422625541687012e+00,5.053591132164001465e-01,1.280076503753662109e+00,1.433427333831787109e-01,1.265068948268890381e-01,-1.712415218353271484e-01,1.470328420400619507e-01,-1.000000000000000000e+00,5.053591132164001465e-01,1.000000000000000000e+00,0.000000000000000000e+00,0.000000000000000000e+00,0.000000000000000000e+00,0.000000000000000000e+00,0.000000000000000000e+00,0.000000000000000000e+00,7.561436672967864099e-03,5.586008364268096882e-01
3.276935489999999618e+02,-7.323013544082641602e-01,1.307231783866882324e-01,-1.666952669620513916e-01,1.655667871236801147e-01,-1.190736651420593262e+00,4.999004602432250977e-01,1.303947925567626953e+00,1.338493227958679199e-01,1.307231783866882324e-01,-1.666952669620513916e-01,1.655667871236801147e-01,-1.000000000000000000e+00,4.999004602432250977e-01,1.000000000000000000e+00,0.000000000000000000e+00,0.000000000000000000e+00,0.000000000000000000e+00,0.000000000000000000e+00,0.000000000000000000e+00,0.000000000000000000e+00,7.561436672967864099e-03,5.599967093864559597e-01
3.277135490000000004e+02,-7.029412388801574707e-01,1.228756830096244812e-01,-1.631412208080291748e-01,1.589968502521514893e-01,-1.207736253738403320e+00,4.921365082263946533e-01,1.300107955932617188e+00,1.485293805599212646e-01,1.228756830096244812e-01,-1.631412208080291748e-01,1.589968502521514893e-01,-1.000000000000000000e+00,4.921365082263946533e-01,1.000000000000000000e+00,0.000000000000000000e+00,0.000000000000000000e+00,0.000000000000000000e+00,0.000000000000000000e+00,0.000000000000000000e+00,0.000000000000000000e+00,7.561436672967864099e-03,5.643367103883070168e-01
3.277335489999999822e+02,-6.588221788406372070e-01,1.167221963405609131e-01,-1.645082384347915649e-01,1.469009071588516235e-01,-1.198622822761535645e+00,5.094726681709289551e-01,1.299819111824035645e+00,1.705889105796813965e-01,1.167221963405609131e-01,-1.645082384347915649e-01,1.469009071588516235e-01,-1.000000000000000000e+00,5.094726681709289551e-01,1.000000000000000000e+00,0.000000000000000000e+00,0.000000000000000000e+00,0.000000000000000000e+00,0.000000000000000000e+00,0.000000000000000000e+00,0.000000000000000000e+00,7.561436672967864099e-03,5.651643217328179425e-01
3.277535489999999641e+02,-6.181349158287048340e-01,1.121085584163665771e-01,-1.665035337209701538e-01,2.310597449541091919e-01,-1.228150010108947754e+00,4.524043798446655273e-01,1.326275944709777832e+00,1.909325420856475830e-01,1.121085584163665771e-01,-1.665035337209701538e-01,2.310597449541091919e-01,-1.000000000000000000e+00,4.524043798446655273e-01,1.000000000000000000e+00,0.000000000000000000e+00,0.000000000000000000e+00,0.000000000000000000e+00,0.000000000000000000e+00,0.000000000000000000e+00,0.000000000000000000e+00,7.561436672967864099e-03,5.642307076941402988e-01
3.277735490000000027e+02,-6.385080814361572266e-01,1.052174493670463562e-01,-1.730935573577880859e-01,1.714506745338439941e-01,-1.205809593200683594e+00,4.716636538505554199e-01,1.320522189140319824e+00,1.807459592819213867e-01,1.052174493670463562e-01,-1.730935573577880859e-01,1.714506745338439941e-01,-1.000000000000000000e+00,4.716636538505554199e-01,1.000000000000000000e+00,0.000000000000000000e+00,0.000000000000000000e+00,0.000000000000000000e+00,0.000000000000000000e+00,0.000000000000000000e+00,0.000000000000000000e+00,7.561436672967864099e-03,5.644424047387585075e-01
3.277935489999999845e+02,-6.510269641876220703e-01,1.198034659028053284e-01,-1.680083572864532471e-01,1.861695945262908936e-01,-1.198040485382080078e+00,4.598851501941680908e-01,1.322701215744018555e+00,1.744865179061889648e-01,1.198034659028053284e-01,-1.680083572864532471e-01,1.861695945262908936e-01,-1.000000000000000000e+00,4.598851501941680908e-01,1.000000000000000000e+00,0.000000000000000000e+00,0.000000000000000000e+00,0.000000000000000000e+00,0.000000000000000000e+00,0.000000000000000000e+00,0.000000000000000000e+00,7.561436672967864099e-03,5.631418229216342830e-01
3.278135489999999663e+02,-6.755819320678710938e-01,1.187127009034156799e-01,-1.680871546268463135e-01,1.300135105848312378e-01,-1.200261116027832031e+00,4.924315810203552246e-01,1.283376932144165039e+00,1.622090339660644531e-01,1.187127009034156799e-01,-1.680871546268463135e-01,1.300135105848312378e-01,-1.000000000000000000e+00,4.924315810203552246e-01,1.000000000000000000e+00,0.000000000000000000e+00,0.000000000000000000e+00,0.000000000000000000e+00,0.000000000000000000e+00,0.000000000000000000e+00,0.000000000000000000e+00,7.561436672967864099e-03,5.608741015620327675e-01
3.278335489999999481e+02,-6.914813518524169922e-01,1.240730881690979004e-01,-1.716902703046798706e-01,1.720551103353500366e-01,-1.201117515563964844e+00,4.732537865638732910e-01,1.310638308525085449e+00,1.542593240737915039e-01,1.240730881690979004e-01,-1.716902703046798706e-01,1.720551103353500366e-01,-1.000000000000000000e+00,4.732537865638732910e-01,1.000000000000000000e+00,0.000000000000000000e+00,0.000000000000000000e+00,0.000000000000000000e+00,0.000000000000000000e+00,0.000000000000000000e+00,0.000000000000000000e+00,7.561436672967864099e-03,5.585707760952690615e-01
3.278535489999999868e+02,-7.011682391166687012e-01,1.203186735510826111e-01,-1.771885603666305542e-01,1.675524264574050903e-01,-1.213247537612915039e+00,4.871638417243957520e-01,1.292258024215698242e+00,1.494158804416656494e-01,1.203186735510826111e-01,-1.771885603666305542e-01,1.675524264574050903e-01,-1.000000000000000000e+00,4.871638417243957520e-01,1.000000000000000000e+00,0.000000000000000000e+00,0.000000000000000000e+00,0.000000000000000000e+00,0.000000000000000000e+00,0.000000000000000000e+00,0.000000000000000000e+00,7.561436672967864099e-03,5.575525741578509775e-01
3.278735489999999686e+02,-6.552063822746276855e-01,1.278588324785232544e-01,-1.763109564781188965e-01,1.635176688432693481e-01,-1.194062829017639160e+00,4.684776365756988525e-01,1.317865848541259766e+00,1.723968088626861572e-01,1.278588324785232544e-01,-1.763109564781188965e-01,1.635176688432693481e-01,-1.000000000000000000e+00,4.684776365756988525e-01,1.000000000000000000e+00,0.000000000000000000e+00,0.000000000000000000e+00,0.000000000000000000e+00,0.000000000000000000e+00,0.000000000000000000e+00,0.000000000000000000e+00,7.561436672967864099e-03,5.584889830597308258e-01
3.278935489999999504e+02,-6.571099162101745605e-01,1.206381469964981079e-01,-1.833831965923309326e-01,1.783338934183120728e-01,-1.210678219795227051e+00,4.835844337940216064e-01,1.294426083564758301e+00,1.714450418949127197e-01,1.206381469964981079e-01,-1.833831965923309326e-01,1.783338934183120728e-01,-1.000000000000000000e+00,4.835844337940216064e-01,1.000000000000000000e+00,0.000000000000000000e+00,0.000000000000000000e+00,0.000000000000000000e+00,0.000000000000000000e+00,0.000000000000000000e+00,0.000000000000000000e+00,7.561436672967864099e-03,5.571638119660263788e-01
3.279135489999999891e+02,-6.335775256156921387e-01,1.061827838420867920e-01,-1.828910261392593384e-01,1.739065945148468018e-01,-1.221008062362670898e+00,4.746242165565490723e-01,1.313728570938110352e+00,1.832112371921539307e-01,1.061827838420867920e-01,-1.828910261392593384e-01,1.739065945148468018e-01,-1.000000000000000000e+00,4.746242165565490723e-01,1.000000000000000000e+00,0.000000000000000000e+00,0.000000000000000000e+00,0.000000000000000000e+00,0.000000000000000000e+00,0.000000000000000000e+00,0.000000000000000000e+00,7.561436672967864099e-03,5.584983722908093418e-01
3.279335489999999709e+02,-6.676201224327087402e-01,1.094346418976783752e-01,-1.828321367502212524e-01,1.253995001316070557e-01,-1.202844858169555664e+00,4.895071089267730713e-01,1.299124956130981445e+00,1.661899387836456299e-01,1.094346418976783752e-01,-1.828321367502212524e-01,1.253995001316070557e-01,-1.000000000000000000e+00,4.895071089267730713e-01,1.000000000000000000e+00,0.000000000000000000e+00,0.000000000000000000e+00,0.000000000000000000e+00,0.000000000000000000e+00,0.000000000000000000e+00,0.000000000000000000e+00,7.561436672967864099e-03,5.591851485800252153e-01
3.279535489999999527e+02,-6.396923065185546875e-01,1.084237247705459595e-01,-1.796990633010864258e-01,1.272551566362380981e-01,-1.206309914588928223e+00,4.829276204109191895e-01,1.300384640693664551e+00,1.801538467407226562e-01,1.084237247705459595e-01,-1.796990633010864258e-01,1.272551566362380981e-01,-1.000000000000000000e+00,4.829276204109191895e-01,1.000000000000000000e+00,0.000000000000000000e+00,0.000000000000000000e+00,0.000000000000000000e+00,0.000000000000000000e+00,0.000000000000000000e+00,0.000000000000000000e+00,7.561436672967864099e-03,5.589341600277766275e-01
3.279735489999999913e+02,-6.601197719573974609e-01,1.157156452536582947e-01,-1.755721569061279297e-01,1.960157752037048340e-01,-1.233800768852233887e+00,4.662674963474273682e-01,1.311212658882141113e+00,1.699401140213012695e-01,1.157156452536582947e-01,-1.755721569061279297e-01,1.960157752037048340e-01,-1.000000000000000000e+00,4.662674963474273682e-01,1.000000000000000000e+00,0.000000000000000000e+00,0.000000000000000000e+00,0.000000000000000000e+00,0.000000000000000000e+00,0.000000000000000000e+00,0.000000000000000000e+00,7.561436672967864099e-03,5.616265870722004783e-01
3.279935489999999731e+02,-7.022513747215270996e-01,1.100891977548599243e-01,-1.787926405668258667e-01,1.966345012187957764e-01,-1.240195512771606445e+00,4.821789264678955078e-01,1.301219344139099121e+00,1.488743126392364502e-01,1.100891977548599243e-01,-1.787926405668258667e-01,1.966345012187957764e-01,-1.000000000000000000e+00,4.821789264678955078e-01,1.000000000000000000e+00,0.000000000000000000e+00,0.000000000000000000e+00,0.000000000000000000e+00,0.000000000000000000e+00,0.000000000000000000e+00,0.000000000000000000e+00,7.561436672967864099e-03,5.632257297327051271e-01
3.280135489999999550e+02,-7.361845374107360840e-01,1.089433804154396057e-01,-1.792442947626113892e-01,1.489278078079223633e-01,-1.220418334007263184e+00,4.898907542228698730e-01,1.306454896926879883e+00,1.319077312946319580e-01,1.089433804154396057e-01,-1.792442947626113892e-01,1.489278078079223633e-01,-1.000000000000000000e+00,4.898907542228698730e-01,1.000000000000000000e+00,0.000000000000000000e+00,0.000000000000000000e+00,0.000000000000000000e+00,0.000000000000000000e+00,0.000000000000000000e+00,0.000000000000000000e+00,7.561436672967864099e-03,5.624933940708027880e-01
3.280335489999999936e+02,-7.251483201980590820e-01,1.240679323673248291e-01,-1.682192385196685791e-01,1.467409729957580566e-01,-1.202075839042663574e+00,5.035418272018432617e-01,1.280419468879699707e+00,1.374258399009704590e-01,1.240679323673248291e-01,-1.682192385196685791e-01,1.467409729957580566e-01,-1.000000000000000000e+00,5.035418272018432617e-01,1.000000000000000000e+00,0.000000000000000000e+00,0.000000000000000000e+00,0.000000000000000000e+00,0.000000000000000000e+00,0.000000000000000000e+00,0.000000000000000000e+00,7.561436672967864099e-03,5.599504163108148802e-01
3.280535489999999754e+02,-6.828894019126892090e-01,1.110836714506149292e-01,-1.679225564002990723e-01,2.017120867967605591e-01,-1.246803879737854004e+00,4.874504208564758301e-01,1.292933464050292969e+00,1.585552990436553955e-01,1.110836714506149292e-01,-1.679225564002990723e-01,2.017120867967605591e-01,-1.000000000000000000e+00,4.874504208564758301e-01,1.000000000000000000e+00,0.000000000000000000e+00,0.000000000000000000e+00,0.000000000000000000e+00,0.000000000000000000e+00,0.000000000000000000e+00,0.000000000000000000e+00,7.561436672967864099e-03,5.592719137987924860e-01
3.280735489999999572e+02,-6.997281312942504883e-01,1.094438955187797546e-01,-1.725815683603286743e-01,1.782027184963226318e-01,-1.218629956245422363e+00,4.949259161949157715e-01,1.292381763458251953e+00,1.501359343528747559e-01,1.094438955187797546e-01,-1.725815683603286743e-01,1.782027184963226318e-01,-1.000000000000000000e+00,4.949259161949157715e-01,1.000000000000000000e+00,0.000000000000000000e+00,0.000000000000000000e+00,0.000000000000000000e+00,0.000000000000000000e+00,0.000000000000000000e+00,0.000000000000000000e+00,7.561436672967864099e-03,5.615927487195999657e-01
3.280935489999999959e+02,-6.375327110290527344e-01,1.169400811195373535e-01,-1.701058447360992432e-01,1.807459592819213867e-01,-1.197204351425170898e+00,4.588293433189392090e-01,1.317149400711059570e+00,1.812336444854736328e-01,1.169400811195373535e-01,-1.701058447360992432e-01,1.807459592819213867e-01,-1.000000000000000000e+00,4.588293433189392090e-01,1.000000000000000000e+00,0.000000000000000000e+00,0.000000000000000000e+00,0.000000000000000000e+00,0.000000000000000000e+00,0.000000000000000000e+00,0.000000000000000000e+00,7.561436672967864099e-03,5.611140840812788300e-01
3.281135489999999777e+02,-6.286262869834899902e-01,1.076972261071205139e-01,-1.760281324386596680e-01,1.610567420721054077e-01,-1.219715952873229980e+00,4.835654795169830322e-01,1.288786888122558594e+00,1.856868565082550049e-01,1.076972261071205139e-01,-1.760281324386596680e-01,1.610567420721054077e-01,-1.000000000000000000e+00,4.835654795169830322e-01,1.000000000000000000e+00,0.000000000000000000e+00,0.000000000000000000e+00,0.000000000000000000e+00,0.000000000000000000e+00,0.000000000000000000e+00,0.000000000000000000e+00,7.561436672967864099e-03,5.617939010525671018e-01
3.281335489999999595e+02,-6.634893417358398438e-01,1.064147725701332092e-01,-1.834945678710937500e-01,1.795599758625030518e-01,-1.213784694671630859e+00,4.708784818649291992e-01,1.304849863052368164e+00,1.682553291320800781e-01,1.064147725701332092e-01,-1.834945678710937500e-01,1.795599758625030518e-01,-1.000000000000000000e+00,4.708784818649291992e-01,1.000000000000000000e+00,0.000000000000000000e+00,0.000000000000000000e+00,0.000000000000000000e+00,0.000000000000000000e+00,0.000000000000000000e+00,0.000000000000000000e+00,7.561436672967864099e-03,5.629738440626862461e-01
3.281535489999999982e+02,-6.627293229103088379e-01,1.019135415554046631e-01,-1.789348721504211426e-01,1.358332037925720215e-01,-1.211235046386718750e+00,4.679828882217407227e-01,1.308179140090942383e+00,1.686353385448455811e-01,1.019135415554046631e-01,-1.789348721504211426e-01,1.358332037925720215e-01,-1.000000000000000000e+00,4.679828882217407227e-01,1.000000000000000000e+00,0.000000000000000000e+00,0.000000000000000000e+00,0.000000000000000000e+00,0.000000000000000000e+00,0.000000000000000000e+00,0.000000000000000000e+00,7.561436672967864099e-03,5.636797710014226359e-01
3.281735489999999800e+02,-6.379636526107788086e-01,1.236398145556449890e-01,-1.829537004232406616e-01,1.262199878692626953e-01,-1.161253452301025391e+00,4.715755879878997803e-01,1.296092510223388672e+00,1.810181736946105957e-01,1.236398145556449890e-01,-1.829537004232406616e-01,1.262199878692626953e-01,-1.000000000000000000e+00,4.715755879878997803e-01,1.000000000000000000e+00,0.000000000000000000e+00,0.000000000000000000e+00,0.000000000000000000e+00,0.000000000000000000e+00,0.000000000000000000e+00,0.000000000000000000e+00,7.561436672967864099e-03,5.649906408356695220e-01
3.281935489999999618e+02,-6.488656401634216309e-01,1.138181239366531372e-01,-1.696189343929290771e-01,1.960745751857757568e-01,-1.239503622055053711e+00,4.764464199542999268e-01,1.308275103569030762e+00,1.755671799182891846e-01,1.138181239366531372e-01,-1.696189343929290771e-01,1.960745751857757568e-01,-1.000000000000000000e+00,4.764464199542999268e-01,1.000000000000000000e+00,0.000000000000000000e+00,0.000000000000000000e+00,0.000000000000000000e+00,0.000000000000000000e+00,0.000000000000000000e+00,0.000000000000000000e+00,7.561436672967864099e-03,5.656814136235923662e-01
3.282135490000000004e+02,-7.178964614868164062e-01,1.211647689342498779e-01,-1.688413470983505249e-01,1.275063902139663696e-01,-1.190352559089660645e+00,4.972774684429168701e-01,1.282166361808776855e+00,1.410517692565917969e-01,1.211647689342498779e-01,-1.688413470983505249e-01,1.275063902139663696e-01,-1.000000000000000000e+00,4.972774684429168701e-01,1.000000000000000000e+00,0.000000000000000000e+00,0.000000000000000000e+00,0.000000000000000000e+00,0.000000000000000000e+00,0.000000000000000000e+00,0.000000000000000000e+00,7.561436672967864099e-03,5.651114019129188648e-01
3.282335489999999822e+02,-6.953417062759399414e-01,1.241528317332267761e-01,-1.688659042119979858e-01,1.852002590894699097e-01,-1.192022800445556641e+00,4.738025963306427002e-01,1.316433310508728027e+00,1.523291468620300293e-01,1.241528317332267761e-01,-1.688659042119979858e-01,1.852002590894699097e-01,-1.000000000000000000e+00,4.738025963306427002e-01,1.000000000000000000e+00,0.000000000000000000e+00,0.000000000000000000e+00,0.000000000000000000e+00,0.000000000000000000e+00,0.000000000000000000e+00,0.000000000000000000e+00,7.561436672967864099e-03,5.634970567401730301e-01
3.282535489999999641e+02,-6.354293227195739746e-01,1.195482686161994934e-01,-1.749415546655654907e-01,1.500671356916427612e-01,-1.207867026329040527e+00,4.874037504196166992e-01,1.294794321060180664e+00,1.822853386402130127e-01,1.195482686161994934e-01,-1.749415546655654907e-01,1.500671356916427612e-01,-1.000000000000000000e+00,4.874037504196166992e-01,1.000000000000000000e+00,0.000000000000000000e+00,0.000000000000000000e+00,0.000000000000000000e+00,0.000000000000000000e+00,0.000000000000000000e+00,0.000000000000000000e+00,7.561436672967864099e-03,5.646889253692977118e-01
3.282735490000000027e+02,-6.001734733581542969e-01,1.130399405956268311e-01,-1.763767302036285400e-01,1.048711687326431274e-01,-1.199975371360778809e+00,4.956149160861968994e-01,1.302744865417480469e+00,1.999132633209228516e-01,1.130399405956268311e-01,-1.763767302036285400e-01,1.048711687326431274e-01,-1.000000000000000000e+00,4.956149160861968994e-01,1.000000000000000000e+00,0.000000000000000000e+00,0.000000000000000000e+00,0.000000000000000000e+00,0.000000000000000000e+00,0.000000000000000000e+00,0.000000000000000000e+00,7.561436672967864099e-03,5.652799495409898123e-01
3.282935489999999845e+02,-6.412183046340942383e-01,1.177608743309974670e-01,-1.719603985548019409e-01,1.653888821601867676e-01,-1.218338608741760254e+00,4.727588891983032227e-01,1.301589250564575195e+00,1.793908476829528809e-01,1.177608743309974670e-01,-1.719603985548019409e-01,1.653888821601867676e-01,-1.000000000000000000e+00,4.727588891983032227e-01,1.000000000000000000e+00,0.000000000000000000e+00,0.000000000000000000e+00,0.000000000000000000e+00,0.000000000000000000e+00,0.000000000000000000e+00,0.000000000000000000e+00,7.561436672967864099e-03,5.656644311045931905e-01
3.283135489999999663e+02,-6.919177770614624023e-01,1.138933971524238586e-01,-1.723131090402603149e-01,1.181619316339492798e-01,-1.214301109313964844e+00,5.453782081604003906e-01,1.274999737739562988e+00,1.540411114692687988e-01,1.138933971524238586e-01,-1.723131090402603149e-01,1.181619316339492798e-01,-1.000000000000000000e+00,5.453782081604003906e-01,1.000000000000000000e+00,0.000000000000000000e+00,0.000000000000000000e+00,0.000000000000000000e+00,0.000000000000000000e+00,0.000000000000000000e+00,0.000000000000000000e+00,7.561436672967864099e-03,5.642476711949601098e-01
3.283335489999999481e+02,-6.802992224693298340e-01,1.248258352279663086e-01,-1.714680641889572144e-01,2.418019622564315796e-01,-1.229753255844116211e+00,4.611466228961944580e-01,1.311820387840270996e+00,1.598503887653350830e-01,1.248258352279663086e-01,-1.714680641889572144e-01,2.418019622564315796e-01,-1.000000000000000000e+00,4.611466228961944580e-01,1.000000000000000000e+00,0.000000000000000000e+00,0.000000000000000000e+00,0.000000000000000000e+00,0.000000000000000000e+00,0.000000000000000000e+00,0.000000000000000000e+00,7.561436672967864099e-03,5.665327365361009226e-01
3.283535489999999868e+02,-6.762599945068359375e-01,1.187204793095588684e-01,-1.737382113933563232e-01,1.733067929744720459e-01,-1.246808290481567383e+00,5.078316330909729004e-01,1.280977964401245117e+00,1.618700027465820312e-01,1.187204793095588684e-01,-1.737382113933563232e-01,1.733067929744720459e-01,-1.000000000000000000e+00,5.078316330909729004e-01,1.000000000000000000e+00,0.000000000000000000e+00,0.000000000000000000e+00,0.000000000000000000e+00,0.000000000000000000e+00,0.000000000000000000e+00,0.000000000000000000e+00,7.561436672967864099e-03,5.668043340490276361e-01
3.283735489999999686e+02,-7.065820693969726562e-01,1.261942982673645020e-01,-1.714729219675064087e-01,2.076061069965362549e-01,-1.203136682510375977e+00,4.713090658187866211e-01,1.331338405609130859e+00,1.467089653015136719e-01,1.261942982673645020e-01,-1.714729219675064087e-01,2.076061069965362549e-01,-1.000000000000000000e+00,4.713090658187866211e-01,1.000000000000000000e+00,0.000000000000000000e+00,0.000000000000000000e+00,0.000000000000000000e+00,0.000000000000000000e+00,0.000000000000000000e+00,0.000000000000000000e+00,7.561436672967864099e-03,5.658665035821127676e-01
3.283935489999999504e+02,-6.084449291229248047e-01,1.164768040180206299e-01,-1.721458882093429565e-01,1.862459927797317505e-01,-1.222199678421020508e+00,4.750295281410217285e-01,1.302768349647521973e+00,1.957775354385375977e-01,1.164768040180206299e-01,-1.721458882093429565e-01,1.862459927797317505e-01,-1.000000000000000000e+00,4.750295281410217285e-01,1.000000000000000000e+00,0.000000000000000000e+00,0.000000000000000000e+00,0.000000000000000000e+00,0.000000000000000000e+00,0.000000000000000000e+00,0.000000000000000000e+00,7.561436672967864099e-03,5.692967658915445428e-01
3.284135489999999891e+02,-6.230379939079284668e-01,1.208031326532363892e-01,-1.645764261484146118e-01,1.889125704765319824e-01,-1.209568142890930176e+00,4.831151962280273438e-01,1.312477827072143555e+00,1.884810030460357666e-01,1.208031326532363892e-01,-1.645764261484146118e-01,1.889125704765319824e-01,-1.000000000000000000e+00,4.831151962280273438e-01,1.000000000000000000e+00,0.000000000000000000e+00,0.000000000000000000e+00,0.000000000000000000e+00,0.000000000000000000e+00,0.000000000000000000e+00,0.000000000000000000e+00,7.561436672967864099e-03,5.681118539949958635e-01
3.284335489999999709e+02,-6.421599984169006348e-01,1.138945296406745911e-01,-1.690665781497955322e-01,1.874819993972778320e-01,-1.225143432617187500e+00,4.770484864711761475e-01,1.302883028984069824e+00,1.789200007915496826e-01,1.138945296406745911e-01,-1.690665781497955322e-01,1.874819993972778320e-01,-1.000000000000000000e+00,4.770484864711761475e-01,1.000000000000000000e+00,0.000000000000000000e+00,0.000000000000000000e+00,0.000000000000000000e+00,0.000000000000000000e+00,0.000000000000000000e+00,0.000000000000000000e+00,7.561436672967864099e-03,5.679791475589619498e-01
3.284535489999999527e+02,-5.724751353263854980e-01,1.245669052004814148e-01,-1.674805134534835815e-01,1.818131655454635620e-01,-1.206572175025939941e+00,4.515603780746459961e-01,1.312686085700988770e+00,2.137624323368072510e-01,1.245669052004814148e-01,-1.674805134534835815e-01,1.818131655454635620e-01,-1.000000000000000000e+00,4.515603780746459961e-01,1.000000000000000000e+00,0.000000000000000000e+00,0.000000000000000000e+00,0.000000000000000000e+00,0.000000000000000000e+00,0.000000000000000000e+00,0.000000000000000000e+00,7.561436672967864099e-03,5.672364105266174406e-01
3.284735489999999913e+02,-6.701669096946716309e-01,1.188935041427612305e-01,-1.770500987768173218e-01,1.461522281169891357e-01,-1.212142944335937500e+00,4.906600117683410645e-01,1.296005249023437500e+00,1.649165451526641846e-01,1.188935041427612305e-01,-1.770500987768173218e-01,1.461522281169891357e-01,-1.000000000000000000e+00,4.906600117683410645e-01,1.000000000000000000e+00,0.000000000000000000e+00,0.000000000000000000e+00,0.000000000000000000e+00,0.000000000000000000e+00,0.000000000000000000e+00,0.000000000000000000e+00,7.561436672967864099e-03,5.646645569422737987e-01
3.284935489999999731e+02,-7.126029729843139648e-01,1.034049466252326965e-01,-1.807356476783752441e-01,1.717942655086517334e-01,-1.224449038505554199e+00,4.735925197601318359e-01,1.306002378463745117e+00,1.436985135078430176e-01,1.034049466252326965e-01,-1.807356476783752441e-01,1.717942655086517334e-01,-1.000000000000000000e+00,4.735925197601318359e-01,1.000000000000000000e+00,0.000000000000000000e+00,0.000000000000000000e+00,0.000000000000000000e+00,0.000000000000000000e+00,0.000000000000000000e+00,0.000000000000000000e+00,7.561436672967864099e-03,5.627462166586293391e-01
3.285135489999999550e+02,-7.083062529563903809e-01,1.270080506801605225e-01,-1.753630042076110840e-01,1.349257975816726685e-01,-1.190390586853027344e+00,4.800904691219329834e-01,1.287860870361328125e+00,1.458468735218048096e-01,1.270080506801605225e-01,-1.753630042076110840e-01,1.349257975816726685e-01,-1.000000000000000000e+00,4.800904691219329834e-01,1.000000000000000000e+00,0.000000000000000000e+00,0.000000000000000000e+00,0.000000000000000000e+00,0.000000000000000000e+00,0.000000000000000000e+00,0.000000000000000000e+00,7.561436672967864099e-03,5.624743040517460324e-01
3.285335489999999936e+02,-7.020827531814575195e-01,1.216265335679054260e-01,-1.766737848520278931e-01,1.903906762599945068e-01,-1.214819788932800293e+00,4.832986295223236084e-01,1.298651337623596191e+00,1.489586234092712402e-01,1.216265335679054260e-01,-1.766737848520278931e-01,1.903906762599945068e-01,-1.000000000000000000e+00,4.832986295223236084e-01,1.000000000000000000e+00,0.000000000000000000e+00,0.000000000000000000e+00,0.000000000000000000e+00,0.000000000000000000e+00,0.000000000000000000e+00,0.000000000000000000e+00,7.561436672967864099e-03,5.630343102424678614e-01
3.285535489999999754e+02,-6.113210916519165039e-01,1.324699372053146362e-01,-6.556065380573272705e-02,2.675544917583465576e-01,-1.371279120445251465e+00,5.187547206878662109e-01,1.099513769149780273e+00,1.943394541740417480e-01,1.324699372053146362e-01,-6.556065380573272705e-02,2.675544917583465576e-01,-1.000000000000000000e+00,5.187547206878662109e-01,1.000000000000000000e+00,0.000000000000000000e+00,0.000000000000000000e+00,0.000000000000000000e+00,0.000000000000000000e+00,1.000000000000000000e+00,0.000000000000000000e+00,7.561436672967864099e-03,5.698689331187961615e-01
3.285735489999999572e+02,-6.115304231643676758e-01,1.433893144130706787e-01,-6.645706947892904282e-03,2.878988385200500488e-01,-1.369575619697570801e+00,5.429794788360595703e-01,1.038190484046936035e+00,1.942347884178161621e-01,1.433893144130706787e-01,-6.645706947892904282e-03,2.878988385200500488e-01,-1.000000000000000000e+00,5.429794788360595703e-01,1.000000000000000000e+00,0.000000000000000000e+00,0.000000000000000000e+00,0.000000000000000000e+00,0.000000000000000000e+00,1.000000000000000000e+00,0.000000000000000000e+00,7.561436672967864099e-03,5.700448486278730797e-01
3.285935489999999959e+02,-5.708205699920654297e-01,1.470706164836883545e-01,-6.802987772971391678e-03,3.487761020660400391e-01,-1.366936564445495605e+00,5.072169899940490723e-01,1.046370387077331543e+00,2.145897150039672852e-01,1.470706164836883545e-01,-6.802987772971391678e-03,3.487761020660400391e-01,-1.000000000000000000e+00,5.072169899940490723e-01,1.000000000000000000e+00,0.000000000000000000e+00,0.000000000000000000e+00,0.000000000000000000e+00,0.000000000000000000e+00,1.000000000000000000e+00,0.000000000000000000e+00,7.561436672967864099e-03,5.683898227871659881e-01
3.286135489999999777e+02,-5.027823448181152344e-01,1.262532025575637817e-01,-5.237397551536560059e-02,2.815490663051605225e-01,-1.335722565650939941e+00,4.972864389419555664e-01,1.100944519042968750e+00,2.486088275909423828e-01,1.262532025575637817e-01,-5.237397551536560059e-02,2.815490663051605225e-01,-1.000000000000000000e+00,4.972864389419555664e-01,1.000000000000000000e+00,0.000000000000000000e+00,0.000000000000000000e+00,0.000000000000000000e+00,0.000000000000000000e+00,1.000000000000000000e+00,0.000000000000000000e+00,7.561436672967864099e-03,5.685124515646603482e-01
3.286335489999999595e+02,-5.471209287643432617e-01,1.351986080408096313e-01,2.607093192636966705e-02,3.271838426589965820e-01,-1.337719559669494629e+00,5.023517012596130371e-01,1.011977195739746094e+00,2.264395356178283691e-01,1.351986080408096313e-01,2.607093192636966705e-02,3.271838426589965820e-01,-1.000000000000000000e+00,5.023517012596130371e-01,1.000000000000000000e+00,0.000000000000000000e+00,0.000000000000000000e+00,0.000000000000000000e+00,0.000000000000000000e+00,1.000000000000000000e+00,0.000000000000000000e+00,7.561436672967864099e-03,5.680599231920362424e-01
3.286535489999999982e+02,-5.461145043373107910e-01,1.230326518416404724e-01,3.305689245462417603e-02,3.225275278091430664e-01,-1.342329859733581543e+00,5.075157284736633301e-01,1.019954204559326172e+00,2.269427478313446045e-01,1.230326518416404724e-01,3.305689245462417603e-02,3.225275278091430664e-01,-1.000000000000000000e+00,5.075157284736633301e-01,1.000000000000000000e+00,0.000000000000000000e+00,0.000000000000000000e+00,0.000000000000000000e+00,0.000000000000000000e+00,1.000000000000000000e+00,0.000000000000000000e+00,7.561436672967864099e-03,5.676020122297856796e-01
3.286735489999999800e+02,-4.837351739406585693e-01,1.071617677807807922e-01,-2.190200425684452057e-02,2.892129123210906982e-01,-1.299399852752685547e+00,4.812563657760620117e-01,1.068853735923767090e+00,2.581323981285095215e-01,1.071617677807807922e-01,-2.190200425684452057e-02,2.892129123210906982e-01,-1.000000000000000000e+00,4.812563657760620117e-01,1.000000000000000000e+00,0.000000000000000000e+00,0.000000000000000000e+00,0.000000000000000000e+00,0.000000000000000000e+00,1.000000000000000000e+00,0.000000000000000000e+00,7.561436672967864099e-03,5.690090138349129800e-01
3.286935489999999618e+02,-4.872989952564239502e-01,1.004804074764251709e-01,-5.116936564445495605e-02,3.794903755187988281e-01,-1.329819560050964355e+00,4.605312645435333252e-01,1.106180548667907715e+00,2.563505172729492188e-01,1.004804074764251709e-01,-5.116936564445495605e-02,3.794903755187988281e-01,-1.000000000000000000e+00,4.605312645435333252e-01,1.000000000000000000e+00,0.000000000000000000e+00,0.000000000000000000e+00,0.000000000000000000e+00,0.000000000000000000e+00,1.000000000000000000e+00,0.000000000000000000e+00,7.561436672967864099e-03,5.677150338498380133e-01
3.287135490000000004e+02,-4.558597207069396973e-01,1.013761237263679504e-01,-3.323925659060478210e-02,3.349938690662384033e-01,-1.307744383811950684e+00,4.588679075241088867e-01,1.094737648963928223e+00,2.720701396465301514e-01,1.013761237263679504e-01,-3.323925659060478210e-02,3.349938690662384033e-01,-1.000000000000000000e+00,4.588679075241088867e-01,1.000000000000000000e+00,0.000000000000000000e+00,0.000000000000000000e+00,0.000000000000000000e+00,0.000000000000000000e+00,1.000000000000000000e+00,0.000000000000000000e+00,7.561436672967864099e-03,5.674624789897790844e-01
3.287335489999999822e+02,-4.309866130352020264e-01,1.079786345362663269e-01,-1.355273555964231491e-02,2.707822024822235107e-01,-1.272219061851501465e+00,4.751544296741485596e-01,1.050650358200073242e+00,2.845066785812377930e-01,1.079786345362663269e-01,-1.355273555964231491e-02,2.707822024822235107e-01,-1.000000000000000000e+00,4.751544296741485596e-01,1.000000000000000000e+00,0.000000000000000000e+00,0.000000000000000000e+00,0.000000000000000000e+00,0.000000000000000000e+00,1.000000000000000000e+00,0.000000000000000000e+00,7.561436672967864099e-03,5.677581467814407645e-01
3.287535489999999641e+02,-4.300660490989685059e-01,1.009335219860076904e-01,-1.845987141132354736e-02,3.138952255249023438e-01,-1.297786235809326172e+00,4.656370580196380615e-01,1.096297621726989746e+00,2.849669754505157471e-01,1.009335219860076904e-01,-1.845987141132354736e-02,3.138952255249023438e-01,-1.000000000000000000e+00,4.656370580196380615e-01,1.000000000000000000e+00,0.000000000000000000e+00,0.000000000000000000e+00,0.000000000000000000e+00,0.000000000000000000e+00,1.000000000000000000e+00,0.000000000000000000e+00,7.561436672967864099e-03,5.663373423364577164e-01
3.287735490000000027e+02,-4.596964120864868164e-01,1.133123412728309631e-01,3.564452752470970154e-03,3.289702534675598145e-01,-1.309743881225585938e+00,4.738157689571380615e-01,1.064464688301086426e+00,2.701517939567565918e-01,1.133123412728309631e-01,3.564452752470970154e-03,3.289702534675598145e-01,-1.000000000000000000e+00,4.738157689571380615e-01,1.000000000000000000e+00,0.000000000000000000e+00,0.000000000000000000e+00,0.000000000000000000e+00,0.000000000000000000e+00,1.000000000000000000e+00,0.000000000000000000e+00,7.561436672967864099e-03,5.645042968051530163e-01
3.287935489999999845e+02,-3.813081085681915283e-01,1.262107491493225098e-01,-2.294243313372135162e-02,3.138112127780914307e-01,-1.296187877655029297e+00,4.385300576686859131e-01,1.086927533149719238e+00,3.093459606170654297e-01,1.262107491493225098e-01,-2.294243313372135162e-02,3.138112127780914307e-01,-1.000000000000000000e+00,4.385300576686859131e-01,1.000000000000000000e+00,0.000000000000000000e+00,0.000000000000000000e+00,0.000000000000000000e+00,0.000000000000000000e+00,1.000000000000000000e+00,0.000000000000000000e+00,7.561436672967864099e-03,5.623649016893176311e-01
3.288135489999999663e+02,-3.787343204021453857e-01,1.247469112277030945e-01,1.166626624763011932e-02,3.105545938014984131e-01,-1.300010919570922852e+00,4.698670506477355957e-01,1.064526677131652832e+00,3.106328248977661133e-01,1.247469112277030945e-01,1.166626624763011932e-02,3.105545938014984131e-01,-1.000000000000000000e+00,4.698670506477355957e-01,1.000000000000000000e+00,0.000000000000000000e+00,0.000000000000000000e+00,0.000000000000000000e+00,0.000000000000000000e+00,1.000000000000000000e+00,0.000000000000000000e+00,7.561436672967864099e-03,5.617355888909122408e-01
3.288335489999999481e+02,-4.534198343753814697e-01,1.063265204429626465e-01,3.350565582513809204e-02,3.789811134338378906e-01,-1.336492657661437988e+00,5.043634772300720215e-01,1.039131045341491699e+00,2.732900977134704590e-01,1.063265204429626465e-01,3.350565582513809204e-02,3.789811134338378906e-01,-1.000000000000000000e+00,5.043634772300720215e-01,1.000000000000000000e+00,0.000000000000000000e+00,0.000000000000000000e+00,0.000000000000000000e+00,0.000000000000000000e+00,1.000000000000000000e+00,0.000000000000000000e+00,7.561436672967864099e-03,5.624314913725962928e-01
3.288535489999999868e+02,-5.170413255691528320e-01,9.513547271490097046e-02,2.018646709620952606e-02,3.593950569629669189e-01,-1.350667238235473633e+00,5.076435208320617676e-01,1.078463196754455566e+00,2.414793372154235840e-01,9.513547271490097046e-02,2.018646709620952606e-02,3.593950569629669189e-01,-1.000000000000000000e+00,5.076435208320617676e-01,1.000000000000000000e+00,0.000000000000000000e+00,0.000000000000000000e+00,0.000000000000000000e+00,0.000000000000000000e+00,1.000000000000000000e+00,0.000000000000000000e+00,7.561436672967864099e-03,5.584593247581749464e-01
3.288735489999999686e+02,-4.581936895847320557e-01,1.045961901545524597e-01,3.764716908335685730e-02,3.330688178539276123e-01,-1.308120131492614746e+00,4.899930059909820557e-01,1.056981444358825684e+00,2.709031701087951660e-01,1.045961901545524597e-01,3.764716908335685730e-02,3.330688178539276123e-01,-1.000000000000000000e+00,4.899930059909820557e-01,1.000000000000000000e+00,0.000000000000000000e+00,0.000000000000000000e+00,0.000000000000000000e+00,0.000000000000000000e+00,1.000000000000000000e+00,0.000000000000000000e+00,7.561436672967864099e-03,5.544144639674564168e-01
3.288935489999999504e+02,-4.242148995399475098e-01,9.153140336275100708e-02,2.838871255517005920e-02,3.595246970653533936e-01,-1.300355315208435059e+00,4.752807021141052246e-01,1.066977024078369141e+00,2.878925502300262451e-01,9.153140336275100708e-02,2.838871255517005920e-02,3.595246970653533936e-01,-1.000000000000000000e+00,4.752807021141052246e-01,1.000000000000000000e+00,0.000000000000000000e+00,0.000000000000000000e+00,0.000000000000000000e+00,0.000000000000000000e+00,1.000000000000000000e+00,0.000000000000000000e+00,7.561436672967864099e-03,5.526512102004160765e-01
3.289135489999999891e+02,-4.451609551906585693e-01,7.753600180149078369e-02,2.100716531276702881e-02,3.651130497455596924e-01,-1.316013574600219727e+00,4.996852874755859375e-01,1.079435229301452637e+00,2.774195075035095215e-01,7.753600180149078369e-02,2.100716531276702881e-02,3.651130497455596924e-01,-1.000000000000000000e+00,4.996852874755859375e-01,1.000000000000000000e+00,0.000000000000000000e+00,0.000000000000000000e+00,0.000000000000000000e+00,0.000000000000000000e+00,1.000000000000000000e+00,0.000000000000000000e+00,7.561436672967864099e-03,5.522804771647922273e-01
3.289335489999999709e+02,-4.647198617458343506e-01,8.020019531250000000e-02,4.646027833223342896e-02,4.220764935016632080e-01,-1.322708129882812500e+00,5.126901865005493164e-01,1.037234663963317871e+00,2.676400542259216309e-01,8.020019531250000000e-02,4.646027833223342896e-02,4.220764935016632080e-01,-1.000000000000000000e+00,5.126901865005493164e-01,1.000000000000000000e+00,0.000000000000000000e+00,0.000000000000000000e+00,0.000000000000000000e+00,0.000000000000000000e+00,1.000000000000000000e+00,0.000000000000000000e+00,7.561436672967864099e-03,5.494007023891723795e-01
3.289535489999999527e+02,-4.559516310691833496e-01,8.409243077039718628e-02,3.569625318050384521e-02,3.657051026821136475e-01,-1.306311488151550293e+00,4.807004630565643311e-01,1.086699128150939941e+00,2.720241844654083252e-01,8.409243077039718628e-02,3.569625318050384521e-02,3.657051026821136475e-01,-1.000000000000000000e+00,4.807004630565643311e-01,1.000000000000000000e+00,0.000000000000000000e+00,0.000000000000000000e+00,0.000000000000000000e+00,0.000000000000000000e+00,1.000000000000000000e+00,0.000000000000000000e+00,7.561436672967864099e-03,5.497371322166981766e-01
3.289735489999999913e+02,-4.579351544380187988e-01,8.653734624385833740e-02,6.287775933742523193e-02,4.003004431724548340e-01,-1.295762658119201660e+00,4.999024271965026855e-01,1.034892439842224121e+00,2.710324227809906006e-01,8.653734624385833740e-02,6.287775933742523193e-02,4.003004431724548340e-01,-1.000000000000000000e+00,4.999024271965026855e-01,1.000000000000000000e+00,0.000000000000000000e+00,0.000000000000000000e+00,0.000000000000000000e+00,0.000000000000000000e+00,1.000000000000000000e+00,0.000000000000000000e+00,7.561436672967864099e-03,5.497368586028545945e-01
3.289935489999999731e+02,-4.288799464702606201e-01,9.190440922975540161e-02,8.803031593561172485e-02,4.200195968151092529e-01,-1.293202996253967285e+00,4.969049692153930664e-01,1.027255773544311523e+00,2.855600118637084961e-01,9.190440922975540161e-02,8.803031593561172485e-02,4.200195968151092529e-01,-1.000000000000000000e+00,4.969049692153930664e-01,1.000000000000000000e+00,0.000000000000000000e+00,0.000000000000000000e+00,0.000000000000000000e+00,0.000000000000000000e+00,1.000000000000000000e+00,0.000000000000000000e+00,7.561436672967864099e-03,5.510336274543307100e-01
3.290135489999999550e+02,-4.575359821319580078e-01,8.254311233758926392e-02,6.453784555196762085e-02,4.062597751617431641e-01,-1.309137821197509766e+00,5.406113266944885254e-01,1.024850130081176758e+00,2.712320089340209961e-01,8.254311233758926392e-02,6.453784555196762085e-02,4.062597751617431641e-01,-1.000000000000000000e+00,5.406113266944885254e-01,1.000000000000000000e+00,0.000000000000000000e+00,0.000000000000000000e+00,0.000000000000000000e+00,0.000000000000000000e+00,1.000000000000000000e+00,0.000000000000000000e+00,7.561436672967864099e-03,5.512700821915754723e-01
3.290335489999999936e+02,-4.543651342391967773e-01,8.234751969575881958e-02,5.844740197062492371e-02,3.797473013401031494e-01,-1.303789377212524414e+00,5.370087027549743652e-01,1.003365397453308105e+00,2.728174328804016113e-01,8.234751969575881958e-02,5.844740197062492371e-02,3.797473013401031494e-01,-1.000000000000000000e+00,5.370087027549743652e-01,1.000000000000000000e+00,0.000000000000000000e+00,0.000000000000000000e+00,0.000000000000000000e+00,0.000000000000000000e+00,1.000000000000000000e+00,0.000000000000000000e+00,7.561436672967864099e-03,5.509082218373084761e-01
3.290535489999999754e+02,-4.106705486774444580e-01,8.197942376136779785e-02,4.561160132288932800e-02,3.788547813892364502e-01,-1.300935387611389160e+00,5.419918894767761230e-01,1.061342358589172363e+00,2.946647405624389648e-01,8.197942376136779785e-02,4.561160132288932800e-02,3.788547813892364502e-01,-1.000000000000000000e+00,5.419918894767761230e-01,1.000000000000000000e+00,0.000000000000000000e+00,0.000000000000000000e+00,0.000000000000000000e+00,0.000000000000000000e+00,1.000000000000000000e+00,0.000000000000000000e+00,7.561436672967864099e-03,5.497447635690083656e-01
3.290735489999999572e+02,-3.751638233661651611e-01,8.380004018545150757e-02,3.882995620369911194e-02,3.412486016750335693e-01,-1.291107773780822754e+00,5.441678762435913086e-01,1.052547931671142578e+00,3.124181032180786133e-01,8.380004018545150757e-02,3.882995620369911194e-02,3.412486016750335693e-01,-1.000000000000000000e+00,5.441678762435913086e-01,1.000000000000000000e+00,0.000000000000000000e+00,0.000000000000000000e+00,0.000000000000000000e+00,0.000000000000000000e+00,1.000000000000000000e+00,0.000000000000000000e+00,7.561436672967864099e-03,5.513326153413840025e-01
3.290935489999999959e+02,-4.128176569938659668e-01,8.255901187658309937e-02,5.856409296393394470e-02,3.949176669120788574e-01,-1.316383481025695801e+00,5.503339171409606934e-01,1.059256672859191895e+00,2.935911715030670166e-01,8.255901187658309937e-02,5.856409296393394470e-02,3.949176669120788574e-01,-1.000000000000000000e+00,5.503339171409606934e-01,1.000000000000000000e+00,0.000000000000000000e+00,0.000000000000000000e+00,0.000000000000000000e+00,0.000000000000000000e+00,1.000000000000000000e+00,0.000000000000000000e+00,7.561436672967864099e-03,5.522091553187706836e-01
3.291135489999999777e+02,-3.885557055473327637e-01,8.677289634943008423e-02,9.014183282852172852e-02,3.686205744743347168e-01,-1.292732119560241699e+00,5.999345779418945312e-01,1.006488084793090820e+00,3.057221472263336182e-01,8.677289634943008423e-02,9.014183282852172852e-02,3.686205744743347168e-01,-1.000000000000000000e+00,5.999345779418945312e-01,1.000000000000000000e+00,0.000000000000000000e+00,0.000000000000000000e+00,0.000000000000000000e+00,0.000000000000000000e+00,1.000000000000000000e+00,0.000000000000000000e+00,7.561436672967864099e-03,5.532686544881543211e-01
3.291335489999999595e+02,-3.583452403545379639e-01,8.987409621477127075e-02,5.939942225813865662e-02,3.715081810951232910e-01,-1.304661870002746582e+00,5.453795790672302246e-01,1.082166910171508789e+00,3.208273649215698242e-01,8.987409621477127075e-02,5.939942225813865662e-02,3.715081810951232910e-01,-1.000000000000000000e+00,5.453795790672302246e-01,1.000000000000000000e+00,0.000000000000000000e+00,0.000000000000000000e+00,0.000000000000000000e+00,0.000000000000000000e+00,1.000000000000000000e+00,0.000000000000000000e+00,7.561436672967864099e-03,5.523149541805089102e-01
3.291535489999999982e+02,-3.163429498672485352e-01,8.850105851888656616e-02,5.547324940562248230e-02,3.861371576786041260e-01,-1.290779829025268555e+00,5.997127294540405273e-01,1.065857529640197754e+00,3.418285250663757324e-01,8.850105851888656616e-02,5.547324940562248230e-02,3.861371576786041260e-01,-1.000000000000000000e+00,5.997127294540405273e-01,1.000000000000000000e+00,0.000000000000000000e+00,0.000000000000000000e+00,0.000000000000000000e+00,0.000000000000000000e+00,1.000000000000000000e+00,0.000000000000000000e+00,7.561436672967864099e-03,5.536880948414828474e-01
3.291735489999999800e+02,-3.006297051906585693e-01,9.095148742198944092e-02,7.726104557514190674e-02,4.261945188045501709e-01,-1.274834632873535156e+00,5.842267870903015137e-01,1.013210296630859375e+00,3.496851325035095215e-01,9.095148742198944092e-02,7.726104557514190674e-02,4.261945188045501709e-01,-1.000000000000000000e+00,5.842267870903015137e-01,1.000000000000000000e+00,0.000000000000000000e+00,0.000000000000000000e+00,0.000000000000000000e+00,0.000000000000000000e+00,1.000000000000000000e+00,0.000000000000000000e+00,7.561436672967864099e-03,5.546764965379734624e-01
3.291935489999999618e+02,-2.031015157699584961e-01,7.792428135871887207e-02,4.825615137815475464e-02,3.849409818649291992e-01,-1.254396557807922363e+00,5.744614601135253906e-01,1.087010860443115234e+00,3.984492421150207520e-01,7.792428135871887207e-02,4.825615137815475464e-02,3.849409818649291992e-01,-1.000000000000000000e+00,5.744614601135253906e-01,1.000000000000000000e+00,0.000000000000000000e+00,0.000000000000000000e+00,0.000000000000000000e+00,0.000000000000000000e+00,1.000000000000000000e+00,0.000000000000000000e+00,7.561436672967864099e-03,5.547776117215109659e-01
3.292135490000000004e+02,-2.533835470676422119e-01,8.048899471759796143e-02,5.451895296573638916e-02,4.146393239498138428e-01,-1.278339505195617676e+00,6.132952570915222168e-01,1.051339626312255859e+00,3.733082413673400879e-01,8.048899471759796143e-02,5.451895296573638916e-02,4.146393239498138428e-01,-1.000000000000000000e+00,6.132952570915222168e-01,1.000000000000000000e+00,0.000000000000000000e+00,0.000000000000000000e+00,0.000000000000000000e+00,0.000000000000000000e+00,1.000000000000000000e+00,0.000000000000000000e+00,7.561436672967864099e-03,5.536509548774687373e-01
3.292335489999999822e+02,-2.981285154819488525e-01,8.598821610212326050e-02,9.681242704391479492e-02,4.135973155498504639e-01,-1.287335157394409180e+00,5.930094122886657715e-01,1.043590068817138672e+00,3.509357571601867676e-01,8.598821610212326050e-02,9.681242704391479492e-02,4.135973155498504639e-01,-1.000000000000000000e+00,5.930094122886657715e-01,1.000000000000000000e+00,0.000000000000000000e+00,0.000000000000000000e+00,0.000000000000000000e+00,0.000000000000000000e+00,1.000000000000000000e+00,0.000000000000000000e+00,7.561436672967864099e-03,5.572416237774964198e-01
3.292535489999999641e+02,-3.012622296810150146e-01,7.901378720998764038e-02,7.894570380449295044e-02,3.674915432929992676e-01,-1.275436639785766602e+00,6.176133751869201660e-01,1.035280942916870117e+00,3.493688702583312988e-01,7.901378720998764038e-02,7.894570380449295044e-02,3.674915432929992676e-01,-1.000000000000000000e+00,6.176133751869201660e-01,1.000000000000000000e+00,0.000000000000000000e+00,0.000000000000000000e+00,0.000000000000000000e+00,0.000000000000000000e+00,1.000000000000000000e+00,0.000000000000000000e+00,7.561436672967864099e-03,5.597520748260230716e-01
3.292735490000000027e+02,-2.832617163658142090e-01,8.206063508987426758e-02,6.681565195322036743e-02,4.046151638031005859e-01,-1.288259387016296387e+00,6.074956059455871582e-01,1.038079738616943359e+00,3.583691418170928955e-01,8.206063508987426758e-02,6.681565195322036743e-02,4.046151638031005859e-01,-1.000000000000000000e+00,6.074956059455871582e-01,1.000000000000000000e+00,0.000000000000000000e+00,0.000000000000000000e+00,0.000000000000000000e+00,0.000000000000000000e+00,1.000000000000000000e+00,0.000000000000000000e+00,7.561436672967864099e-03,5.594527380170074560e-01
3.292935489999999845e+02,-2.184154242277145386e-01,7.303591072559356689e-02,3.890971094369888306e-02,4.437734186649322510e-01,-1.278116106986999512e+00,6.055326461791992188e-01,1.095495462417602539e+00,3.907922804355621338e-01,7.303591072559356689e-02,3.890971094369888306e-02,4.437734186649322510e-01,-1.000000000000000000e+00,6.055326461791992188e-01,1.000000000000000000e+00,0.000000000000000000e+00,0.000000000000000000e+00,0.000000000000000000e+00,0.000000000000000000e+00,1.000000000000000000e+00,0.000000000000000000e+00,7.561436672967864099e-03,5.569727393384783509e-01
3.293135489999999663e+02,-1.912757009267807007e-01,7.001138478517532349e-02,6.039872020483016968e-02,3.839301764965057373e-01,-1.255660533905029297e+00,6.349181532859802246e-01,1.033245086669921875e+00,4.043621420860290527e-01,7.001138478517532349e-02,6.039872020483016968e-02,3.839301764965057373e-01,-1.000000000000000000e+00,6.349181532859802246e-01,1.000000000000000000e+00,0.000000000000000000e+00,0.000000000000000000e+00,0.000000000000000000e+00,0.000000000000000000e+00,1.000000000000000000e+00,0.000000000000000000e+00,7.561436672967864099e-03,5.566684217448572003e-01
3.293335489999999481e+02,-1.986520141363143921e-01,7.737176865339279175e-02,6.909568607807159424e-02,4.431792497634887695e-01,-1.274225950241088867e+00,6.268095970153808594e-01,1.042232871055603027e+00,4.006739854812622070e-01,7.737176865339279175e-02,6.909568607807159424e-02,4.431792497634887695e-01,-1.000000000000000000e+00,6.268095970153808594e-01,1.000000000000000000e+00,0.000000000000000000e+00,0.000000000000000000e+00,0.000000000000000000e+00,0.000000000000000000e+00,1.000000000000000000e+00,0.000000000000000000e+00,7.561436672967864099e-03,5.567638245263617502e-01
3.293535489999999868e+02,-1.414041519165039062e-01,6.744059920310974121e-02,4.492626339197158813e-02,4.114512205123901367e-01,-1.270339488983154297e+00,6.228570938110351562e-01,1.128878712654113770e+00,4.292979240417480469e-01,6.744059920310974121e-02,4.492626339197158813e-02,4.114512205123901367e-01,-1.000000000000000000e+00,6.228570938110351562e-01,1.000000000000000000e+00,0.000000000000000000e+00,0.000000000000000000e+00,0.000000000000000000e+00,0.000000000000000000e+00,1.000000000000000000e+00,0.000000000000000000e+00,7.561436672967864099e-03,5.591401270490018449e-01
3.293735489999999686e+02,-2.174482941627502441e-01,7.659598439931869507e-02,5.525639653205871582e-02,3.970179855823516846e-01,-1.299065113067626953e+00,6.436131596565246582e-01,1.115505933761596680e+00,3.912758529186248779e-01,7.659598439931869507e-02,5.525639653205871582e-02,3.970179855823516846e-01,-1.000000000000000000e+00,6.436131596565246582e-01,1.000000000000000000e+00,0.000000000000000000e+00,0.000000000000000000e+00,0.000000000000000000e+00,0.000000000000000000e+00,1.000000000000000000e+00,0.000000000000000000e+00,7.561436672967864099e-03,5.589334528716036754e-01
3.293935489999999504e+02,-1.106727197766304016e-01,7.098131626844406128e-02,4.908218234777450562e-02,3.911599218845367432e-01,-1.279578089714050293e+00,6.477947831153869629e-01,1.137791633605957031e+00,4.446636438369750977e-01,7.098131626844406128e-02,4.908218234777450562e-02,3.911599218845367432e-01,-1.000000000000000000e+00,6.477947831153869629e-01,1.000000000000000000e+00,0.000000000000000000e+00,0.000000000000000000e+00,0.000000000000000000e+00,0.000000000000000000e+00,1.000000000000000000e+00,0.000000000000000000e+00,7.561436672967864099e-03,5.584105398584521263e-01
3.294135489999999891e+02,-1.995842456817626953e-01,5.571516230702400208e-02,4.959393292665481567e-02,4.014642834663391113e-01,-1.283323168754577637e+00,6.600611209869384766e-01,1.141036748886108398e+00,4.002078771591186523e-01,5.571516230702400208e-02,4.959393292665481567e-02,4.014642834663391113e-01,-1.000000000000000000e+00,6.600611209869384766e-01,1.000000000000000000e+00,0.000000000000000000e+00,0.000000000000000000e+00,0.000000000000000000e+00,0.000000000000000000e+00,1.000000000000000000e+00,0.000000000000000000e+00,7.561436672967864099e-03,5.577590799744803762e-01
3.294335489999999709e+02,-1.576575785875320435e-01,6.577062606811523438e-02,4.132159054279327393e-02,4.400786161422729492e-01,-1.301105380058288574e+00,6.488232612609863281e-01,1.159683108329772949e+00,4.211712181568145752e-01,6.577062606811523438e-02,4.132159054279327393e-02,4.400786161422729492e-01,-1.000000000000000000e+00,6.488232612609863281e-01,1.000000000000000000e+00,0.000000000000000000e+00,0.000000000000000000e+00,0.000000000000000000e+00,0.000000000000000000e+00,1.000000000000000000e+00,0.000000000000000000e+00,7.561436672967864099e-03,5.595898351294017470e-01
3.294535489999999527e+02,-1.402280181646347046e-01,6.087905168533325195e-02,3.661946207284927368e-02,4.359593093395233154e-01,-1.284912228584289551e+00,5.896565914154052734e-01,1.192897081375122070e+00,4.298859834671020508e-01,6.087905168533325195e-02,3.661946207284927368e-02,4.359593093395233154e-01,-1.000000000000000000e+00,5.896565914154052734e-01,1.000000000000000000e+00,0.000000000000000000e+00,0.000000000000000000e+00,0.000000000000000000e+00,0.000000000000000000e+00,1.000000000000000000e+00,0.000000000000000000e+00,7.561436672967864099e-03,5.573984702956046311e-01
3.294735489999999913e+02,-1.571334600448608398e-01,6.468044221401214600e-02,8.122970908880233765e-02,4.316537976264953613e-01,-1.276391029357910156e+00,6.761525869369506836e-01,1.113999009132385254e+00,4.214332699775695801e-01,6.468044221401214600e-02,8.122970908880233765e-02,4.316537976264953613e-01,-1.000000000000000000e+00,6.761525869369506836e-01,1.000000000000000000e+00,0.000000000000000000e+00,0.000000000000000000e+00,0.000000000000000000e+00,0.000000000000000000e+00,1.000000000000000000e+00,0.000000000000000000e+00,7.561436672967864099e-03,5.585723086996144948e-01
3.294935489999999731e+02,-1.188237592577934265e-01,6.967715173959732056e-02,5.240862071514129639e-02,4.489193260669708252e-01,-1.281272649765014648e+00,6.263755559921264648e-01,1.151143908500671387e+00,4.405881166458129883e-01,6.967715173959732056e-02,5.240862071514129639e-02,4.489193260669708252e-01,-1.000000000000000000e+00,6.263755559921264648e-01,1.000000000000000000e+00,0.000000000000000000e+00,0.000000000000000000e+00,0.000000000000000000e+00,0.000000000000000000e+00,1.000000000000000000e+00,0.000000000000000000e+00,7.561436672967864099e-03,5.584182082856001816e-01
3.295135489999999550e+02,-9.840387105941772461e-02,5.939819663763046265e-02,6.574019789695739746e-02,4.302875995635986328e-01,-1.267045378684997559e+00,6.627014875411987305e-01,1.161177396774291992e+00,4.507980644702911377e-01,5.939819663763046265e-02,6.574019789695739746e-02,4.302875995635986328e-01,-1.000000000000000000e+00,6.627014875411987305e-01,1.000000000000000000e+00,0.000000000000000000e+00,0.000000000000000000e+00,0.000000000000000000e+00,0.000000000000000000e+00,1.000000000000000000e+00,0.000000000000000000e+00,7.561436672967864099e-03,5.569234981425065234e-01
3.295335489999999936e+02,-1.384173929691314697e-01,6.976770609617233276e-02,7.288651913404464722e-02,4.514728188514709473e-01,-1.283500194549560547e+00,6.370861530303955078e-01,1.122121691703796387e+00,4.307913184165954590e-01,6.976770609617233276e-02,7.288651913404464722e-02,4.514728188514709473e-01,-1.000000000000000000e+00,6.370861530303955078e-01,1.000000000000000000e+00,0.000000000000000000e+00,0.000000000000000000e+00,0.000000000000000000e+00,0.000000000000000000e+00,1.000000000000000000e+00,0.000000000000000000e+00,7.561436672967864099e-03,5.560573857353503513e-01
3.295535489999999754e+02,-1.328559219837188721e-01,6.202252954244613647e-02,7.177169620990753174e-02,4.618604481220245361e-01,-1.276857495307922363e+00,6.486980319023132324e-01,1.149132490158081055e+00,4.335720539093017578e-01,6.202252954244613647e-02,7.177169620990753174e-02,4.618604481220245361e-01,-1.000000000000000000e+00,6.486980319023132324e-01,1.000000000000000000e+00,0.000000000000000000e+00,0.000000000000000000e+00,0.000000000000000000e+00,0.000000000000000000e+00,1.000000000000000000e+00,0.000000000000000000e+00,7.561436672967864099e-03,5.553536330006397792e-01
3.295735489999999572e+02,-8.586015552282333374e-02,5.870611965656280518e-02,7.197637856006622314e-02,4.433051347732543945e-01,-1.262731432914733887e+00,6.553419828414916992e-01,1.136174559593200684e+00,4.570699334144592285e-01,5.870611965656280518e-02,7.197637856006622314e-02,4.433051347732543945e-01,-1.000000000000000000e+00,6.553419828414916992e-01,1.000000000000000000e+00,0.000000000000000000e+00,0.000000000000000000e+00,0.000000000000000000e+00,0.000000000000000000e+00,1.000000000000000000e+00,0.000000000000000000e+00,7.561436672967864099e-03,5.567444332135413898e-01
3.295935489999999959e+02,-1.580204367637634277e-01,5.867327377200126648e-02,2.750836499035358429e-02,4.055902063846588135e-01,-1.292989253997802734e+00,6.470381021499633789e-01,1.165132880210876465e+00,4.209897816181182861e-01,5.867327377200126648e-02,2.750836499035358429e-02,4.055902063846588135e-01,-1.000000000000000000e+00,6.470381021499633789e-01,1.000000000000000000e+00,0.000000000000000000e+00,0.000000000000000000e+00,0.000000000000000000e+00,0.000000000000000000e+00,1.000000000000000000e+00,0.000000000000000000e+00,7.561436672967864099e-03,5.577544793811569646e-01
3.296135489999999777e+02,-7.681306451559066772e-02,6.364029645919799805e-02,3.615976497530937195e-02,4.099385738372802734e-01,-1.262185335159301758e+00,6.503764986991882324e-01,1.156324028968811035e+00,4.615934789180755615e-01,6.364029645919799805e-02,3.615976497530937195e-02,4.099385738372802734e-01,-1.000000000000000000e+00,6.503764986991882324e-01,1.000000000000000000e+00,0.000000000000000000e+00,0.000000000000000000e+00,0.000000000000000000e+00,0.000000000000000000e+00,1.000000000000000000e+00,0.000000000000000000e+00,7.561436672967864099e-03,5.583182986643882018e-01
3.296335489999999595e+02,-3.866427019238471985e-02,6.045442074537277222e-02,1.404386386275291443e-02,3.957605659961700439e-01,-1.264020085334777832e+00,6.207535862922668457e-01,1.187842011451721191e+00,4.806678593158721924e-01,6.045442074537277222e-02,1.404386386275291443e-02,3.957605659961700439e-01,-1.000000000000000000e+00,6.207535862922668457e-01,1.000000000000000000e+00,0.000000000000000000e+00,0.000000000000000000e+00,0.000000000000000000e+00,0.000000000000000000e+00,1.000000000000000000e+00,0.000000000000000000e+00,7.561436672967864099e-03,5.584910648216521167e-01
3.296535489999999982e+02,-5.006403475999832153e-02,7.029676437377929688e-02,2.044467628002166748e-02,3.932334780693054199e-01,-1.278522610664367676e+00,6.602659225463867188e-01,1.149464607238769531e+00,4.749679863452911377e-01,7.029676437377929688e-02,2.044467628002166748e-02,3.932334780693054199e-01,-1.000000000000000000e+00,6.602659225463867188e-01,1.000000000000000000e+00,0.000000000000000000e+00,0.000000000000000000e+00,0.000000000000000000e+00,0.000000000000000000e+00,1.000000000000000000e+00,0.000000000000000000e+00,7.561436672967864099e-03,5.567806447099317158e-01
3.296735489999999800e+02,-1.245255395770072937e-01,6.447800248861312866e-02,6.344892829656600952e-02,4.411412179470062256e-01,-1.281954646110534668e+00,6.785056591033935547e-01,1.120644569396972656e+00,4.377372264862060547e-01,6.447800248861312866e-02,6.344892829656600952e-02,4.411412179470062256e-01,-1.000000000000000000e+00,6.785056591033935547e-01,1.000000000000000000e+00,0.000000000000000000e+00,0.000000000000000000e+00,0.000000000000000000e+00,0.000000000000000000e+00,1.000000000000000000e+00,0.000000000000000000e+00,7.561436672967864099e-03,5.556301544782418222e-01
3.296935489999999618e+02,-3.933176025748252869e-02,6.934136152267456055e-02,3.141809627413749695e-02,4.005702435970306396e-01,-1.276611685752868652e+00,6.504766941070556641e-01,1.179080486297607422e+00,4.803341329097747803e-01,6.934136152267456055e-02,3.141809627413749695e-02,4.005702435970306396e-01,-1.000000000000000000e+00,6.504766941070556641e-01,1.000000000000000000e+00,0.000000000000000000e+00,0.000000000000000000e+00,0.000000000000000000e+00,0.000000000000000000e+00,1.000000000000000000e+00,0.000000000000000000e+00,7.561436672967864099e-03,5.556744735949368241e-01
3.297135490000000004e+02,6.287623941898345947e-02,8.167282491922378540e-02,-2.764307893812656403e-03,3.885930180549621582e-01,-1.268928050994873047e+00,6.066597700119018555e-01,1.219337224960327148e+00,5.314381122589111328e-01,8.167282491922378540e-02,-2.764307893812656403e-03,3.885930180549621582e-01,-1.000000000000000000e+00,6.066597700119018555e-01,1.000000000000000000e+00,0.000000000000000000e+00,0.000000000000000000e+00,0.000000000000000000e+00,0.000000000000000000e+00,1.000000000000000000e+00,0.000000000000000000e+00,7.561436672967864099e-03,5.579295326924159637e-01
3.297335489999999822e+02,1.957810856401920319e-02,7.061276584863662720e-02,2.329538576304912567e-02,3.866627812385559082e-01,-1.260707259178161621e+00,6.433518528938293457e-01,1.180890202522277832e+00,5.097890496253967285e-01,7.061276584863662720e-02,2.329538576304912567e-02,3.866627812385559082e-01,-1.000000000000000000e+00,6.433518528938293457e-01,1.000000000000000000e+00,0.000000000000000000e+00,0.000000000000000000e+00,0.000000000000000000e+00,0.000000000000000000e+00,1.000000000000000000e+00,0.000000000000000000e+00,7.561436672967864099e-03,5.549957683866192371e-01
3.297535489999999641e+02,7.840325683355331421e-02,6.149860471487045288e-02,3.453956171870231628e-02,4.277934432029724121e-01,-1.267382502555847168e+00,6.699863672256469727e-01,1.161662340164184570e+00,5.392016172409057617e-01,6.149860471487045288e-02,3.453956171870231628e-02,4.277934432029724121e-01,-1.000000000000000000e+00,6.699863672256469727e-01,1.000000000000000000e+00,0.000000000000000000e+00,0.000000000000000000e+00,0.000000000000000000e+00,0.000000000000000000e+00,1.000000000000000000e+00,0.000000000000000000e+00,7.561436672967864099e-03,5.567486187986065982e-01
3.297735490000000027e+02,5.837782099843025208e-02,6.082484871149063110e-02,2.795772394165396690e-03,3.788181245326995850e-01,-1.278999447822570801e+00,6.476221084594726562e-01,1.189553260803222656e+00,5.291889309883117676e-01,6.082484871149063110e-02,2.795772394165396690e-03,3.788181245326995850e-01,-1.000000000000000000e+00,6.476221084594726562e-01,1.000000000000000000e+00,0.000000000000000000e+00,0.000000000000000000e+00,0.000000000000000000e+00,0.000000000000000000e+00,1.000000000000000000e+00,0.000000000000000000e+00,7.561436672967864099e-03,5.573719002280304036e-01
3.297935489999999845e+02,-1.468743104487657547e-02,6.345215439796447754e-02,1.279120892286300659e-02,3.707680702209472656e-01,-1.277310729026794434e+00,6.631486415863037109e-01,1.195939660072326660e+00,4.926562905311584473e-01,6.345215439796447754e-02,1.279120892286300659e-02,3.707680702209472656e-01,-1.000000000000000000e+00,6.631486415863037109e-01,1.000000000000000000e+00,0.000000000000000000e+00,0.000000000000000000e+00,0.000000000000000000e+00,0.000000000000000000e+00,1.000000000000000000e+00,0.000000000000000000e+00,7.561436672967864099e-03,5.599265668419047826e-01
3.298135489999999663e+02,-4.790932685136795044e-02,7.552211731672286987e-02,1.648633554577827454e-02,3.964447081089019775e-01,-1.293616294860839844e+00,6.323083639144897461e-01,1.192091584205627441e+00,4.760453402996063232e-01,7.552211731672286987e-02,1.648633554577827454e-02,3.964447081089019775e-01,-1.000000000000000000e+00,6.323083639144897461e-01,1.000000000000000000e+00,0.000000000000000000e+00,0.000000000000000000e+00,0.000000000000000000e+00,0.000000000000000000e+00,1.000000000000000000e+00,0.000000000000000000e+00,7.561436672967864099e-03,5.607542907959375267e-01
3.298335489999999481e+02,8.446484804153442383e-02,7.660686224699020386e-02,-1.031613443046808243e-02,3.888438642024993896e-01,-1.281967163085937500e+00,6.364709138870239258e-01,1.239955782890319824e+00,5.422323942184448242e-01,7.660686224699020386e-02,-1.031613443046808243e-02,3.888438642024993896e-01,-1.000000000000000000e+00,6.364709138870239258e-01,1.000000000000000000e+00,0.000000000000000000e+00,0.000000000000000000e+00,0.000000000000000000e+00,0.000000000000000000e+00,1.000000000000000000e+00,0.000000000000000000e+00,7.561436672967864099e-03,5.606132032011418298e-01
3.298535489999999868e+02,4.210586845874786377e-02,7.339873164892196655e-02,2.347199711948633194e-03,4.090721607208251953e-01,-1.292582273483276367e+00,6.678712368011474609e-01,1.183597564697265625e+00,5.210529565811157227e-01,7.339873164892196655e-02,2.347199711948633194e-03,4.090721607208251953e-01,-1.000000000000000000e+00,6.678712368011474609e-01,1.000000000000000000e+00,0.000000000000000000e+00,0.000000000000000000e+00,0.000000000000000000e+00,0.000000000000000000e+00,1.000000000000000000e+00,0.000000000000000000e+00,7.561436672967864099e-03,5.588879692644511676e-01
3.298735489999999686e+02,1.118004228919744492e-02,6.825426220893859863e-02,1.851671747863292694e-02,4.266806244850158691e-01,-1.280336022377014160e+00,6.301321983337402344e-01,1.196255564689636230e+00,5.055900216102600098e-01,6.825426220893859863e-02,1.851671747863292694e-02,4.266806244850158691e-01,-1.000000000000000000e+00,6.301321983337402344e-01,1.000000000000000000e+00,0.000000000000000000e+00,0.000000000000000000e+00,0.000000000000000000e+00,0.000000000000000000e+00,1.000000000000000000e+00,0.000000000000000000e+00,7.561436672967864099e-03,5.613360042777268966e-01
3.298935489999999504e+02,2.622259408235549927e-02,6.706994771957397461e-02,3.616328537464141846e-02,3.956204056739807129e-01,-1.268499970436096191e+00,6.658831834793090820e-01,1.176989555358886719e+00,5.131112933158874512e-01,6.706994771957397461e-02,3.616328537464141846e-02,3.956204056739807129e-01,-1.000000000000000000e+00,6.658831834793090820e-01,1.000000000000000000e+00,0.000000000000000000e+00,0.000000000000000000e+00,0.000000000000000000e+00,0.000000000000000000e+00,1.000000000000000000e+00,0.000000000000000000e+00,7.561436672967864099e-03,5.602037322976946010e-01
3.299135489999999891e+02,-1.872701570391654968e-02,7.552260905504226685e-02,1.288270670920610428e-02,3.894429802894592285e-01,-1.292221903800964355e+00,6.527018547058105469e-01,1.202072381973266602e+00,4.906364977359771729e-01,7.552260905504226685e-02,1.288270670920610428e-02,3.894429802894592285e-01,-1.000000000000000000e+00,6.527018547058105469e-01,1.000000000000000000e+00,0.000000000000000000e+00,0.000000000000000000e+00,0.000000000000000000e+00,0.000000000000000000e+00,1.000000000000000000e+00,0.000000000000000000e+00,7.561436672967864099e-03,5.614830020943407662e-01
3.299335489999999709e+02,-7.320696749957278371e-05,7.406222820281982422e-02,3.379941731691360474e-02,4.446607530117034912e-01,-1.280645608901977539e+00,6.437632441520690918e-01,1.200687766075134277e+00,4.999634027481079102e-01,7.406222820281982422e-02,3.379941731691360474e-02,4.446607530117034912e-01,-1.000000000000000000e+00,6.437632441520690918e-01,1.000000000000000000e+00,0.000000000000000000e+00,0.000000000000000000e+00,0.000000000000000000e+00,0.000000000000000000e+00,1.000000000000000000e+00,0.000000000000000000e+00,7.561436672967864099e-03,5.599849672088844654e-01
3.299535489999999527e+02,2.735563926398754120e-02,6.866565346717834473e-02,1.012580096721649170e-02,4.045420885086059570e-01,-1.282288670539855957e+00,6.465200781822204590e-01,1.203585863113403320e+00,5.136778354644775391e-01,6.866565346717834473e-02,1.012580096721649170e-02,4.045420885086059570e-01,-1.000000000000000000e+00,6.465200781822204590e-01,1.000000000000000000e+00,0.000000000000000000e+00,0.000000000000000000e+00,0.000000000000000000e+00,0.000000000000000000e+00,1.000000000000000000e+00,0.000000000000000000e+00,7.561436672967864099e-03,5.630359362345981333e-01
3.299735489999999913e+02,5.771483480930328369e-02,7.378272712230682373e-02,3.140652319416403770e-03,4.418321847915649414e-01,-1.291338562965393066e+00,6.486556529998779297e-01,1.198208689689636230e+00,5.288574099540710449e-01,7.378272712230682373e-02,3.140652319416403770e-03,4.418321847915649414e-01,-1.000000000000000000e+00,6.486556529998779297e-01,1.000000000000000000e+00,0.000000000000000000e+00,0.000000000000000000e+00,0.000000000000000000e+00,0.000000000000000000e+00,1.000000000000000000e+00,0.000000000000000000e+00,7.561436672967864099e-03,5.653012797148407875e-01
3.299935489999999731e+02,6.754799187183380127e-02,7.150863856077194214e-02,1.266734302043914795e-02,4.515789151191711426e-01,-1.276207089424133301e+00,6.287581920623779297e-01,1.213506698608398438e+00,5.337740182876586914e-01,7.150863856077194214e-02,1.266734302043914795e-02,4.515789151191711426e-01,-1.000000000000000000e+00,6.287581920623779297e-01,1.000000000000000000e+00,0.000000000000000000e+00,0.000000000000000000e+00,0.000000000000000000e+00,0.000000000000000000e+00,1.000000000000000000e+00,0.000000000000000000e+00,7.561436672967864099e-03,5.636412088493127914e-01
3.300135489999999550e+02,3.470974415540695190e-02,8.214516937732696533e-02,3.215633705258369446e-02,4.195758402347564697e-01,-1.267193675041198730e+00,6.502268314361572266e-01,1.182299256324768066e+00,5.173548460006713867e-01,8.214516937732696533e-02,3.215633705258369446e-02,4.195758402347564697e-01,-1.000000000000000000e+00,6.502268314361572266e-01,1.000000000000000000e+00,0.000000000000000000e+00,0.000000000000000000e+00,0.000000000000000000e+00,0.000000000000000000e+00,1.000000000000000000e+00,0.000000000000000000e+00,7.561436672967864099e-03,5.614468879923857347e-01
3.300335489999999936e+02,1.785066872835159302e-01,9.149160236120223999e-02,-3.474524011835455894e-03,3.527634739875793457e-01,-1.244556665420532227e+00,6.001757383346557617e-01,1.207205772399902344e+00,5.892533659934997559e-01,9.149160236120223999e-02,-3.474524011835455894e-03,3.527634739875793457e-01,-1.000000000000000000e+00,6.001757383346557617e-01,1.000000000000000000e+00,0.000000000000000000e+00,0.000000000000000000e+00,0.000000000000000000e+00,0.000000000000000000e+00,1.000000000000000000e+00,0.000000000000000000e+00,7.561436672967864099e-03,5.639194792128828793e-01
3.300535489999999754e+02,9.521315246820449829e-02,7.770150899887084961e-02,8.567067794501781464e-03,3.624992668628692627e-01,-1.257786393165588379e+00,6.658291220664978027e-01,1.195295453071594238e+00,5.476065874099731445e-01,7.770150899887084961e-02,8.567067794501781464e-03,3.624992668628692627e-01,-1.000000000000000000e+00,6.658291220664978027e-01,1.000000000000000000e+00,0.000000000000000000e+00,0.000000000000000000e+00,0.000000000000000000e+00,0.000000000000000000e+00,1.000000000000000000e+00,0.000000000000000000e+00,7.561436672967864099e-03,5.619075464291053423e-01
3.300735489999999572e+02,1.454570442438125610e-01,8.309126645326614380e-02,-1.592066138982772827e-02,3.494984209537506104e-01,-1.284136056900024414e+00,6.574006080627441406e-01,1.207720875740051270e+00,5.727285146713256836e-01,8.309126645326614380e-02,-1.592066138982772827e-02,3.494984209537506104e-01,-1.000000000000000000e+00,6.574006080627441406e-01,1.000000000000000000e+00,0.000000000000000000e+00,0.000000000000000000e+00,0.000000000000000000e+00,0.000000000000000000e+00,1.000000000000000000e+00,0.000000000000000000e+00,7.561436672967864099e-03,5.611279078070180448e-01
3.300935489999999959e+02,1.514670252799987793e-01,8.004821091890335083e-02,-7.434248179197311401e-02,3.268648386001586914e-01,-1.288535594940185547e+00,5.933062434196472168e-01,1.281185269355773926e+00,5.757335424423217773e-01,8.004821091890335083e-02,-7.434248179197311401e-02,3.268648386001586914e-01,-1.000000000000000000e+00,5.933062434196472168e-01,1.000000000000000000e+00,0.000000000000000000e+00,0.000000000000000000e+00,0.000000000000000000e+00,0.000000000000000000e+00,1.000000000000000000e+00,0.000000000000000000e+00,7.561436672967864099e-03,5.581148389952012012e-01
3.301135489999999777e+02,2.504712045192718506e-01,9.526561200618743896e-02,-3.586272150278091431e-02,3.139506280422210693e-01,-1.255343317985534668e+00,6.372177004814147949e-01,1.218846440315246582e+00,6.252356171607971191e-01,9.526561200618743896e-02,-3.586272150278091431e-02,3.139506280422210693e-01,-1.000000000000000000e+00,6.372177004814147949e-01,1.000000000000000000e+00,0.000000000000000000e+00,0.000000000000000000e+00,0.000000000000000000e+00,0.000000000000000000e+00,1.000000000000000000e+00,0.000000000000000000e+00,7.561436672967864099e-03,5.591072954948885787e-01
3.301335489999999595e+02,2.060124129056930542e-01,9.224049001932144165e-02,-6.064236909151077271e-02,3.689525425434112549e-01,-1.283676981925964355e+00,5.698561668395996094e-01,1.228939771652221680e+00,6.030061841011047363e-01,9.224049001932144165e-02,-6.064236909151077271e-02,3.689525425434112549e-01,-1.000000000000000000e+00,5.698561668395996094e-01,1.000000000000000000e+00,0.000000000000000000e+00,0.000000000000000000e+00,0.000000000000000000e+00,0.000000000000000000e+00,1.000000000000000000e+00,0.000000000000000000e+00,7.561436672967864099e-03,5.596735349293501249e-01
3.301535489999999982e+02,3.810162544250488281e-01,9.661892801523208618e-02,-5.466162040829658508e-02,2.798407971858978271e-01,-1.249003648757934570e+00,6.203007102012634277e-01,1.238570809364318848e+00,6.905081272125244141e-01,9.661892801523208618e-02,-5.466162040829658508e-02,2.798407971858978271e-01,-1.000000000000000000e+00,6.203007102012634277e-01,1.000000000000000000e+00,0.000000000000000000e+00,0.000000000000000000e+00,0.000000000000000000e+00,0.000000000000000000e+00,1.000000000000000000e+00,0.000000000000000000e+00,7.561436672967864099e-03,5.589297832429226398e-01
3.301735489999999800e+02,2.872135937213897705e-01,8.516327291727066040e-02,-5.851123109459877014e-02,3.213632702827453613e-01,-1.279715061187744141e+00,5.999381542205810547e-01,1.198879599571228027e+00,6.436067819595336914e-01,8.516327291727066040e-02,-5.851123109459877014e-02,3.213632702827453613e-01,-1.000000000000000000e+00,5.999381542205810547e-01,1.000000000000000000e+00,0.000000000000000000e+00,0.000000000000000000e+00,0.000000000000000000e+00,0.000000000000000000e+00,1.000000000000000000e+00,0.000000000000000000e+00,7.561436672967864099e-03,5.595946701762419817e-01
3.301935489999999618e+02,2.527226805686950684e-01,8.376053720712661743e-02,-6.200995668768882751e-02,2.590663135051727295e-01,-1.284884929656982422e+00,6.022840142250061035e-01,1.265482187271118164e+00,6.263613700866699219e-01,8.376053720712661743e-02,-6.200995668768882751e-02,2.590663135051727295e-01,-1.000000000000000000e+00,6.022840142250061035e-01,1.000000000000000000e+00,0.000000000000000000e+00,0.000000000000000000e+00,0.000000000000000000e+00,0.000000000000000000e+00,1.000000000000000000e+00,0.000000000000000000e+00,7.561436672967864099e-03,5.621269747985261356e-01
3.302135490000000004e+02,1.940241605043411255e-01,8.864059299230575562e-02,-4.976230114698410034e-02,3.075214624404907227e-01,-1.301383614540100098e+00,6.652393937110900879e-01,1.211609482765197754e+00,5.970121026039123535e-01,8.864059299230575562e-02,-4.976230114698410034e-02,3.075214624404907227e-01,-1.000000000000000000e+00,6.652393937110900879e-01,1.000000000000000000e+00,0.000000000000000000e+00,0.000000000000000000e+00,0.000000000000000000e+00,0.000000000000000000e+00,1.000000000000000000e+00,0.000000000000000000e+00,7.561436672967864099e-03,5.601685537604547127e-01
3.302335489999999822e+02,2.808581590652465820e-01,8.337110280990600586e-02,-6.794179975986480713e-02,3.002799749374389648e-01,-1.289155244827270508e+00,5.902414321899414062e-01,1.266732096672058105e+00,6.404290795326232910e-01,8.337110280990600586e-02,-6.794179975986480713e-02,3.002799749374389648e-01,-1.000000000000000000e+00,5.902414321899414062e-01,1.000000000000000000e+00,0.000000000000000000e+00,0.000000000000000000e+00,0.000000000000000000e+00,0.000000000000000000e+00,1.000000000000000000e+00,0.000000000000000000e+00,7.561436672967864099e-03,5.624814320603175322e-01
3.302535489999999641e+02,2.526050209999084473e-01,8.564620465040206909e-02,-7.605609297752380371e-02,3.264963626861572266e-01,-1.291518926620483398e+00,5.919718146324157715e-01,1.271888971328735352e+00,6.263024806976318359e-01,8.564620465040206909e-02,-7.605609297752380371e-02,3.264963626861572266e-01,-1.000000000000000000e+00,5.919718146324157715e-01,1.000000000000000000e+00,0.000000000000000000e+00,0.000000000000000000e+00,0.000000000000000000e+00,0.000000000000000000e+00,1.000000000000000000e+00,0.000000000000000000e+00,7.561436672967864099e-03,5.623117151096238553e-01
3.302735490000000027e+02,3.110394179821014404e-01,7.756987959146499634e-02,-7.019988447427749634e-02,2.928771078586578369e-01,-1.277097344398498535e+00,5.996529459953308105e-01,1.256516575813293457e+00,6.555197238922119141e-01,7.756987959146499634e-02,-7.019988447427749634e-02,2.928771078586578369e-01,-1.000000000000000000e+00,5.996529459953308105e-01,1.000000000000000000e+00,0.000000000000000000e+00,0.000000000000000000e+00,0.000000000000000000e+00,0.000000000000000000e+00,1.000000000000000000e+00,0.000000000000000000e+00,7.561436672967864099e-03,5.630249175648988080e-01
3.302935489999999845e+02,2.235214859247207642e-01,8.582516759634017944e-02,-4.231206327676773071e-02,3.716765642166137695e-01,-1.294206380844116211e+00,6.029147505760192871e-01,1.256399512290954590e+00,6.117607355117797852e-01,8.582516759634017944e-02,-4.231206327676773071e-02,3.716765642166137695e-01,-1.000000000000000000e+00,6.029147505760192871e-01,1.000000000000000000e+00,0.000000000000000000e+00,0.000000000000000000e+00,0.000000000000000000e+00,0.000000000000000000e+00,1.000000000000000000e+00,0.000000000000000000e+00,7.561436672967864099e-03,5.654890946547651565e-01
3.303135489999999663e+02,2.669381499290466309e-01,8.322832733392715454e-02,-5.214178189635276794e-02,3.052770197391510010e-01,-1.279824137687683105e+00,6.123143434524536133e-01,1.262353897094726562e+00,6.334691047668457031e-01,8.322832733392715454e-02,-5.214178189635276794e-02,3.052770197391510010e-01,-1.000000000000000000e+00,6.123143434524536133e-01,1.000000000000000000e+00,0.000000000000000000e+00,0.000000000000000000e+00,0.000000000000000000e+00,0.000000000000000000e+00,1.000000000000000000e+00,0.000000000000000000e+00,7.561436672967864099e-03,5.661261867536169223e-01
3.303335489999999481e+02,2.262421250343322754e-01,9.612865000963211060e-02,-6.031141057610511780e-02,3.168610632419586182e-01,-1.281868338584899902e+00,5.538797378540039062e-01,1.280767321586608887e+00,6.131210327148437500e-01,9.612865000963211060e-02,-6.031141057610511780e-02,3.168610632419586182e-01,-1.000000000000000000e+00,5.538797378540039062e-01,1.000000000000000000e+00,0.000000000000000000e+00,0.000000000000000000e+00,0.000000000000000000e+00,0.000000000000000000e+00,1.000000000000000000e+00,0.000000000000000000e+00,7.561436672967864099e-03,5.663656444603322182e-01
3.303535489999999868e+02,3.986327052116394043e-01,9.062012284994125366e-02,-7.369783520698547363e-02,2.418003231287002563e-01,-1.259094953536987305e+00,6.071227192878723145e-01,1.281620502471923828e+00,6.993163824081420898e-01,9.062012284994125366e-02,-7.369783520698547363e-02,2.418003231287002563e-01,-1.000000000000000000e+00,6.071227192878723145e-01,1.000000000000000000e+00,0.000000000000000000e+00,0.000000000000000000e+00,0.000000000000000000e+00,0.000000000000000000e+00,1.000000000000000000e+00,0.000000000000000000e+00,7.561436672967864099e-03,5.663849483160050546e-01
3.303735489999999686e+02,2.182200700044631958e-01,8.229000121355056763e-02,-7.143597304821014404e-02,3.007355630397796631e-01,-1.286873221397399902e+00,5.832917094230651855e-01,1.255124330520629883e+00,6.091100573539733887e-01,8.229000121355056763e-02,-7.143597304821014404e-02,3.007355630397796631e-01,-1.000000000000000000e+00,5.832917094230651855e-01,1.000000000000000000e+00,0.000000000000000000e+00,0.000000000000000000e+00,0.000000000000000000e+00,0.000000000000000000e+00,1.000000000000000000e+00,0.000000000000000000e+00,7.561436672967864099e-03,5.686073446755564031e-01
3.303935489999999504e+02,3.154372274875640869e-01,9.326891601085662842e-02,-6.097837537527084351e-02,3.164100944995880127e-01,-1.281162500381469727e+00,5.634690523147583008e-01,1.274181842803955078e+00,6.577185988426208496e-01,9.326891601085662842e-02,-6.097837537527084351e-02,3.164100944995880127e-01,-1.000000000000000000e+00,5.634690523147583008e-01,1.000000000000000000e+00,0.000000000000000000e+00,0.000000000000000000e+00,0.000000000000000000e+00,0.000000000000000000e+00,1.000000000000000000e+00,0.000000000000000000e+00,7.561436672967864099e-03,5.686343349136976366e-01
3.304135489999999891e+02,1.972742974758148193e-01,8.983278274536132812e-02,-8.380319178104400635e-02,2.998935878276824951e-01,-1.290288209915161133e+00,5.285938382148742676e-01,1.301705002784729004e+00,5.986371636390686035e-01,8.983278274536132812e-02,-8.380319178104400635e-02,2.998935878276824951e-01,-1.000000000000000000e+00,5.285938382148742676e-01,1.000000000000000000e+00,0.000000000000000000e+00,0.000000000000000000e+00,0.000000000000000000e+00,0.000000000000000000e+00,1.000000000000000000e+00,0.000000000000000000e+00,7.561436672967864099e-03,5.702091811272479438e-01
3.304335489999999709e+02,2.932324409484863281e-01,9.098183363676071167e-02,-7.337982952594757080e-02,2.720484733581542969e-01,-1.279517769813537598e+00,6.077150702476501465e-01,1.268502712249755859e+00,6.466162204742431641e-01,9.098183363676071167e-02,-7.337982952594757080e-02,2.720484733581542969e-01,-1.000000000000000000e+00,6.077150702476501465e-01,1.000000000000000000e+00,0.000000000000000000e+00,0.000000000000000000e+00,0.000000000000000000e+00,0.000000000000000000e+00,1.000000000000000000e+00,0.000000000000000000e+00,7.561436672967864099e-03,5.685896341281241329e-01
3.304535489999999527e+02,2.753407955169677734e-01,9.074817597866058350e-02,-6.761772185564041138e-02,2.979352176189422607e-01,-1.283969879150390625e+00,5.935723185539245605e-01,1.259168744087219238e+00,6.376703977584838867e-01,9.074817597866058350e-02,-6.761772185564041138e-02,2.979352176189422607e-01,-1.000000000000000000e+00,5.935723185539245605e-01,1.000000000000000000e+00,0.000000000000000000e+00,0.000000000000000000e+00,0.000000000000000000e+00,0.000000000000000000e+00,1.000000000000000000e+00,0.000000000000000000e+00,7.561436672967864099e-03,5.677616785424915991e-01
3.304735489999999913e+02,2.033877074718475342e-01,8.723243325948715210e-02,-7.372610270977020264e-02,2.543138861656188965e-01,-1.285139203071594238e+00,6.050297617912292480e-01,1.271148324012756348e+00,6.016938686370849609e-01,8.723243325948715210e-02,-7.372610270977020264e-02,2.543138861656188965e-01,-1.000000000000000000e+00,6.050297617912292480e-01,1.000000000000000000e+00,0.000000000000000000e+00,0.000000000000000000e+00,0.000000000000000000e+00,0.000000000000000000e+00,1.000000000000000000e+00,0.000000000000000000e+00,7.561436672967864099e-03,5.686480569276680663e-01
3.304935489999999731e+02,9.844951331615447998e-02,8.722934126853942871e-02,-8.563812822103500366e-02,3.068675398826599121e-01,-1.298810482025146484e+00,5.381056666374206543e-01,1.288644552230834961e+00,5.492247343063354492e-01,8.722934126853942871e-02,-8.563812822103500366e-02,3.068675398826599121e-01,-1.000000000000000000e+00,5.381056666374206543e-01,1.000000000000000000e+00,0.000000000000000000e+00,0.000000000000000000e+00,0.000000000000000000e+00,0.000000000000000000e+00,1.000000000000000000e+00,0.000000000000000000e+00,7.561436672967864099e-03,5.679703385705083818e-01
3.305135489999999550e+02,2.310018688440322876e-01,9.455430507659912109e-02,-7.098454236984252930e-02,3.028654754161834717e-01,-1.279861450195312500e+00,5.603490471839904785e-01,1.315144062042236328e+00,6.155009269714355469e-01,9.455430507659912109e-02,-7.098454236984252930e-02,3.028654754161834717e-01,-1.000000000000000000e+00,5.603490471839904785e-01,1.000000000000000000e+00,0.000000000000000000e+00,0.000000000000000000e+00,0.000000000000000000e+00,0.000000000000000000e+00,1.000000000000000000e+00,0.000000000000000000e+00,7.561436672967864099e-03,5.681520344584095605e-01
3.305335489999999936e+02,2.150925695896148682e-01,1.065868064761161804e-01,-5.695027112960815430e-02,3.289681971073150635e-01,-1.275912523269653320e+00,5.447136163711547852e-01,1.281352639198303223e+00,6.075462698936462402e-01,1.065868064761161804e-01,-5.695027112960815430e-02,3.289681971073150635e-01,-1.000000000000000000e+00,5.447136163711547852e-01,1.000000000000000000e+00,0.000000000000000000e+00,0.000000000000000000e+00,0.000000000000000000e+00,0.000000000000000000e+00,1.000000000000000000e+00,0.000000000000000000e+00,7.561436672967864099e-03,5.667733396906280419e-01
3.305535489999999754e+02,2.311748564243316650e-01,7.653100043535232544e-02,-8.784798532724380493e-02,3.069603145122528076e-01,-1.284087657928466797e+00,5.464056134223937988e-01,1.305905938148498535e+00,6.155874133110046387e-01,7.653100043535232544e-02,-8.784798532724380493e-02,3.069603145122528076e-01,-1.000000000000000000e+00,5.464056134223937988e-01,1.000000000000000000e+00,0.000000000000000000e+00,0.000000000000000000e+00,0.000000000000000000e+00,0.000000000000000000e+00,1.000000000000000000e+00,0.000000000000000000e+00,7.561436672967864099e-03,5.659391024328973563e-01
3.305735489999999572e+02,1.944750249385833740e-01,9.461552649736404419e-02,-6.109041348099708557e-02,2.993811070919036865e-01,-1.267985701560974121e+00,5.839332342147827148e-01,1.240860819816589355e+00,5.972375273704528809e-01,9.461552649736404419e-02,-6.109041348099708557e-02,2.993811070919036865e-01,-1.000000000000000000e+00,5.839332342147827148e-01,1.000000000000000000e+00,0.000000000000000000e+00,0.000000000000000000e+00,0.000000000000000000e+00,0.000000000000000000e+00,1.000000000000000000e+00,0.000000000000000000e+00,7.561436672967864099e-03,5.641682630698875434e-01
3.305935489999999959e+02,1.930158436298370361e-01,9.065152704715728760e-02,-7.552176713943481445e-02,3.258642256259918213e-01,-1.277656674385070801e+00,5.013088583946228027e-01,1.287626504898071289e+00,5.965079069137573242e-01,9.065152704715728760e-02,-7.552176713943481445e-02,3.258642256259918213e-01,-1.000000000000000000e+00,5.013088583946228027e-01,1.000000000000000000e+00,0.000000000000000000e+00,0.000000000000000000e+00,0.000000000000000000e+00,0.000000000000000000e+00,1.000000000000000000e+00,0.000000000000000000e+00,7.561436672967864099e-03,5.647632229641094126e-01
3.306135489999999777e+02,2.145664840936660767e-01,8.980938792228698730e-02,-8.195023238658905029e-02,2.658095657825469971e-01,-1.271686434745788574e+00,5.830966830253601074e-01,1.272649765014648438e+00,6.072832345962524414e-01,8.980938792228698730e-02,-8.195023238658905029e-02,2.658095657825469971e-01,-1.000000000000000000e+00,5.830966830253601074e-01,1.000000000000000000e+00,0.000000000000000000e+00,0.000000000000000000e+00,0.000000000000000000e+00,0.000000000000000000e+00,1.000000000000000000e+00,0.000000000000000000e+00,7.561436672967864099e-03,5.648132945692889706e-01
3.306335489999999595e+02,2.045113593339920044e-01,9.402713179588317871e-02,-6.668288260698318481e-02,2.995071709156036377e-01,-1.279129743576049805e+00,5.747400522232055664e-01,1.219876646995544434e+00,6.022557020187377930e-01,9.402713179588317871e-02,-6.668288260698318481e-02,2.995071709156036377e-01,-1.000000000000000000e+00,5.747400522232055664e-01,1.000000000000000000e+00,0.000000000000000000e+00,0.000000000000000000e+00,0.000000000000000000e+00,0.000000000000000000e+00,1.000000000000000000e+00,0.000000000000000000e+00,7.561436672967864099e-03,5.637563328311171462e-01
3.306535489999999982e+02,1.473395377397537231e-01,9.648463875055313110e-02,-9.558185189962387085e-02,2.526141703128814697e-01,-1.288769483566284180e+00,4.975026249885559082e-01,1.308595776557922363e+00,5.736697912216186523e-01,9.648463875055313110e-02,-9.558185189962387085e-02,2.526141703128814697e-01,-1.000000000000000000e+00,4.975026249885559082e-01,1.000000000000000000e+00,0.000000000000000000e+00,0.000000000000000000e+00,0.000000000000000000e+00,0.000000000000000000e+00,1.000000000000000000e+00,0.000000000000000000e+00,7.561436672967864099e-03,5.642325931647114157e-01
3.306735489999999800e+02,2.782323956489562988e-01,1.029072925448417664e-01,-8.936972171068191528e-02,2.106821238994598389e-01,-1.262016057968139648e+00,5.543295145034790039e-01,1.266186118125915527e+00,6.391161680221557617e-01,1.029072925448417664e-01,-8.936972171068191528e-02,2.106821238994598389e-01,-1.000000000000000000e+00,5.543295145034790039e-01,1.000000000000000000e+00,0.000000000000000000e+00,0.000000000000000000e+00,0.000000000000000000e+00,0.000000000000000000e+00,1.000000000000000000e+00,0.000000000000000000e+00,7.561436672967864099e-03,5.632631107714809460e-01
3.306935489999999618e+02,2.730817198753356934e-01,9.224671870470046997e-02,-9.582640230655670166e-02,2.408785223960876465e-01,-1.268982768058776855e+00,5.097850561141967773e-01,1.258171439170837402e+00,6.365408897399902344e-01,9.224671870470046997e-02,-9.582640230655670166e-02,2.408785223960876465e-01,-1.000000000000000000e+00,5.097850561141967773e-01,1.000000000000000000e+00,0.000000000000000000e+00,0.000000000000000000e+00,0.000000000000000000e+00,0.000000000000000000e+00,1.000000000000000000e+00,0.000000000000000000e+00,7.561436672967864099e-03,5.627488496712934607e-01
3.307135490000000004e+02,3.383360207080841064e-01,1.029337197542190552e-01,-8.672335743904113770e-02,2.327937930822372437e-01,-1.265853166580200195e+00,5.348152518272399902e-01,1.283606290817260742e+00,6.691679954528808594e-01,1.029337197542190552e-01,-8.672335743904113770e-02,2.327937930822372437e-01,-1.000000000000000000e+00,5.348152518272399902e-01,1.000000000000000000e+00,0.000000000000000000e+00,0.000000000000000000e+00,0.000000000000000000e+00,0.000000000000000000e+00,1.000000000000000000e+00,0.000000000000000000e+00,7.561436672967864099e-03,5.622626122579409413e-01
3.307335489999999822e+02,3.862486779689788818e-01,7.611478120088577271e-02,-1.058378964662551880e-01,1.852718591690063477e-01,-1.254491925239562988e+00,5.234434604644775391e-01,1.243705987930297852e+00,6.931243538856506348e-01,7.611478120088577271e-02,-1.058378964662551880e-01,1.852718591690063477e-01,-1.000000000000000000e+00,5.234434604644775391e-01,1.000000000000000000e+00,0.000000000000000000e+00,0.000000000000000000e+00,0.000000000000000000e+00,0.000000000000000000e+00,1.000000000000000000e+00,0.000000000000000000e+00,7.561436672967864099e-03,5.653336446285808226e-01
3.307535489999999641e+02,5.808457732200622559e-01,6.249558180570602417e-02,-1.076345741748809814e-01,2.445113360881805420e-01,-1.261319756507873535e+00,5.360979437828063965e-01,1.217340111732482910e+00,7.904229164123535156e-01,6.249558180570602417e-02,-1.076345741748809814e-01,2.445113360881805420e-01,-1.000000000000000000e+00,5.360979437828063965e-01,1.000000000000000000e+00,0.000000000000000000e+00,0.000000000000000000e+00,0.000000000000000000e+00,0.000000000000000000e+00,1.000000000000000000e+00,0.000000000000000000e+00,7.561436672967864099e-03,5.717400067460062241e-01
3.307735490000000027e+02,5.968534350395202637e-01,8.141031861305236816e-02,-1.090893745422363281e-01,6.024928763508796692e-02,-1.281201243400573730e+00,5.610535144805908203e-01,1.294508099555969238e+00,7.984267473220825195e-01,8.141031861305236816e-02,-1.090893745422363281e-01,6.024928763508796692e-02,-1.000000000000000000e+00,5.610535144805908203e-01,1.000000000000000000e+00,0.000000000000000000e+00,0.000000000000000000e+00,0.000000000000000000e+00,0.000000000000000000e+00,1.000000000000000000e+00,0.000000000000000000e+00,7.561436672967864099e-03,5.756011111990688711e-01
3.307935489999999845e+02,5.543354153633117676e-01,7.294679433107376099e-02,-1.035882085561752319e-01,1.223669275641441345e-01,-1.294120430946350098e+00,5.100790262222290039e-01,1.294924736022949219e+00,7.771676778793334961e-01,7.294679433107376099e-02,-1.035882085561752319e-01,1.223669275641441345e-01,-1.000000000000000000e+00,5.100790262222290039e-01,1.000000000000000000e+00,0.000000000000000000e+00,0.000000000000000000e+00,0.000000000000000000e+00,0.000000000000000000e+00,1.000000000000000000e+00,0.000000000000000000e+00,7.561436672967864099e-03,5.738676287042120405e-01
3.308135489999999663e+02,7.247782945632934570e-01,5.604007095098495483e-02,-1.313817203044891357e-01,5.777617916464805603e-02,-1.303692460060119629e+00,5.107070207595825195e-01,1.297207713127136230e+00,8.623891472816467285e-01,5.604007095098495483e-02,-1.313817203044891357e-01,5.777617916464805603e-02,-1.000000000000000000e+00,5.107070207595825195e-01,1.000000000000000000e+00,0.000000000000000000e+00,0.000000000000000000e+00,0.000000000000000000e+00,0.000000000000000000e+00,1.000000000000000000e+00,0.000000000000000000e+00,7.561436672967864099e-03,5.843166481656253408e-01
3.308335489999999481e+02,5.506777763366699219e-01,5.009726434946060181e-02,-1.234602704644203186e-01,5.089829117059707642e-02,-1.348345398902893066e+00,4.593825042247772217e-01,1.352941632270812988e+00,7.753388881683349609e-01,5.009726434946060181e-02,-1.234602704644203186e-01,5.089829117059707642e-02,-1.000000000000000000e+00,4.593825042247772217e-01,1.000000000000000000e+00,0.000000000000000000e+00,0.000000000000000000e+00,0.000000000000000000e+00,0.000000000000000000e+00,1.000000000000000000e+00,0.000000000000000000e+00,7.561436672967864099e-03,5.868854118856819957e-01
3.308535489999999868e+02,6.525377035140991211e-01,4.376538842916488647e-02,-1.211633682250976562e-01,8.080206066370010376e-02,-1.337872147560119629e+00,4.993842542171478271e-01,1.314447879791259766e+00,8.262688517570495605e-01,4.376538842916488647e-02,-1.211633682250976562e-01,8.080206066370010376e-02,-1.000000000000000000e+00,4.993842542171478271e-01,1.000000000000000000e+00,0.000000000000000000e+00,0.000000000000000000e+00,0.000000000000000000e+00,0.000000000000000000e+00,1.000000000000000000e+00,0.000000000000000000e+00,7.561436672967864099e-03,5.857378170518814375e-01
3.308735489999999686e+02,5.921700596809387207e-01,3.065853007137775421e-02,-1.369954645633697510e-01,6.845416128635406494e-02,-1.362778663635253906e+00,3.934738337993621826e-01,1.343035697937011719e+00,7.960850000381469727e-01,3.065853007137775421e-02,-1.369954645633697510e-01,6.845416128635406494e-02,-1.000000000000000000e+00,3.934738337993621826e-01,1.000000000000000000e+00,0.000000000000000000e+00,0.000000000000000000e+00,0.000000000000000000e+00,0.000000000000000000e+00,1.000000000000000000e+00,0.000000000000000000e+00,7.561436672967864099e-03,5.912074536251090695e-01
3.308935489999999504e+02,6.088300943374633789e-01,3.260977193713188171e-02,-1.464976817369461060e-01,4.759557917714118958e-02,-1.356047868728637695e+00,4.385404288768768311e-01,1.354001164436340332e+00,8.044150471687316895e-01,3.260977193713188171e-02,-1.464976817369461060e-01,4.759557917714118958e-02,-1.000000000000000000e+00,4.385404288768768311e-01,1.000000000000000000e+00,0.000000000000000000e+00,0.000000000000000000e+00,0.000000000000000000e+00,0.000000000000000000e+00,1.000000000000000000e+00,0.000000000000000000e+00,9.451795841209829907e-03,5.928074607650940520e-01
3.309135489999999891e+02,5.766761898994445801e-01,2.622419036924839020e-02,-1.330919712781906128e-01,5.520299822092056274e-02,-1.375088453292846680e+00,4.110867083072662354e-01,1.366405844688415527e+00,7.883380651473999023e-01,2.622419036924839020e-02,-1.330919712781906128e-01,5.520299822092056274e-02,-1.000000000000000000e+00,4.110867083072662354e-01,1.000000000000000000e+00,0.000000000000000000e+00,0.000000000000000000e+00,0.000000000000000000e+00,0.000000000000000000e+00,1.000000000000000000e+00,0.000000000000000000e+00,9.451795841209829907e-03,5.912033606281922316e-01
3.309335489999999709e+02,7.195296287536621094e-01,5.329804867506027222e-02,-1.056965887546539307e-01,1.571963876485824585e-01,-1.351203322410583496e+00,5.199411511421203613e-01,1.375810742378234863e+00,8.597648143768310547e-01,5.329804867506027222e-02,-1.056965887546539307e-01,1.571963876485824585e-01,-1.000000000000000000e+00,5.199411511421203613e-01,1.000000000000000000e+00,0.000000000000000000e+00,0.000000000000000000e+00,0.000000000000000000e+00,0.000000000000000000e+00,1.000000000000000000e+00,0.000000000000000000e+00,9.451795841209829907e-03,5.911474967166150396e-01
3.309535489999999527e+02,5.832354426383972168e-01,1.789569854736328125e-02,-1.488336324691772461e-01,9.851618856191635132e-02,-1.373573422431945801e+00,4.100446701049804688e-01,1.374053239822387695e+00,7.916177511215209961e-01,1.789569854736328125e-02,-1.488336324691772461e-01,9.851618856191635132e-02,-1.000000000000000000e+00,4.100446701049804688e-01,1.000000000000000000e+00,0.000000000000000000e+00,0.000000000000000000e+00,0.000000000000000000e+00,0.000000000000000000e+00,1.000000000000000000e+00,0.000000000000000000e+00,9.451795841209829907e-03,5.936631920374985105e-01
3.309735489999999913e+02,7.737102508544921875e-01,4.302564263343811035e-02,-1.158953681588172913e-01,6.617615930736064911e-03,-1.377329826354980469e+00,4.342750906944274902e-01,1.357513308525085449e+00,8.868551254272460938e-01,4.302564263343811035e-02,-1.158953681588172913e-01,6.617615930736064911e-03,-1.000000000000000000e+00,4.342750906944274902e-01,1.000000000000000000e+00,0.000000000000000000e+00,0.000000000000000000e+00,0.000000000000000000e+00,0.000000000000000000e+00,1.000000000000000000e+00,0.000000000000000000e+00,9.451795841209829907e-03,5.939731908479696232e-01
3.309935489999999731e+02,7.015629410743713379e-01,7.661925256252288818e-02,-8.827894181013107300e-02,3.962808102369308472e-02,-1.361479878425598145e+00,4.998195171356201172e-01,1.368945121765136719e+00,8.507814407348632812e-01,7.661925256252288818e-02,-8.827894181013107300e-02,3.962808102369308472e-02,-1.000000000000000000e+00,4.998195171356201172e-01,1.000000000000000000e+00,0.000000000000000000e+00,0.000000000000000000e+00,0.000000000000000000e+00,0.000000000000000000e+00,1.000000000000000000e+00,0.000000000000000000e+00,9.451795841209829907e-03,5.944630735161590129e-01
3.310135489999999550e+02,6.850366592407226562e-01,5.440128967165946960e-02,-9.380827844142913818e-02,8.133087307214736938e-02,-1.398364782333374023e+00,4.240717887878417969e-01,1.375448346138000488e+00,8.425183296203613281e-01,5.440128967165946960e-02,-9.380827844142913818e-02,8.133087307214736938e-02,-1.000000000000000000e+00,4.240717887878417969e-01,1.000000000000000000e+00,0.000000000000000000e+00,0.000000000000000000e+00,0.000000000000000000e+00,0.000000000000000000e+00,1.000000000000000000e+00,0.000000000000000000e+00,9.451795841209829907e-03,5.934189447049987853e-01
3.310335489999999936e+02,7.948346734046936035e-01,4.523627460002899170e-02,-1.059460118412971497e-01,7.822519540786743164e-02,-1.403772830963134766e+00,4.526802897453308105e-01,1.404460310935974121e+00,8.974173069000244141e-01,4.523627460002899170e-02,-1.059460118412971497e-01,7.822519540786743164e-02,-1.000000000000000000e+00,4.526802897453308105e-01,1.000000000000000000e+00,0.000000000000000000e+00,0.000000000000000000e+00,0.000000000000000000e+00,0.000000000000000000e+00,1.000000000000000000e+00,0.000000000000000000e+00,9.451795841209829907e-03,5.915491092020742636e-01
3.310535489999999754e+02,7.330315709114074707e-01,5.197655782103538513e-02,-8.728869259357452393e-02,9.075969457626342773e-02,-1.409586548805236816e+00,4.559174180030822754e-01,1.416613101959228516e+00,8.665157556533813477e-01,5.197655782103538513e-02,-8.728869259357452393e-02,9.075969457626342773e-02,-1.000000000000000000e+00,4.559174180030822754e-01,1.000000000000000000e+00,0.000000000000000000e+00,0.000000000000000000e+00,0.000000000000000000e+00,0.000000000000000000e+00,1.000000000000000000e+00,0.000000000000000000e+00,9.451795841209829907e-03,5.848601457803136450e-01
3.310735489999999572e+02,8.609362244606018066e-01,6.646686792373657227e-02,-7.217531651258468628e-02,2.954346500337123871e-02,-1.417716264724731445e+00,4.550840258598327637e-01,1.404541373252868652e+00,9.304680824279785156e-01,6.646686792373657227e-02,-7.217531651258468628e-02,2.954346500337123871e-02,-1.000000000000000000e+00,4.550840258598327637e-01,1.000000000000000000e+00,0.000000000000000000e+00,0.000000000000000000e+00,0.000000000000000000e+00,0.000000000000000000e+00,1.000000000000000000e+00,0.000000000000000000e+00,9.451795841209829907e-03,5.836942919276322250e-01
3.310935489999999959e+02,8.456863760948181152e-01,-6.657747086137533188e-03,-1.107493415474891663e-01,4.939744994044303894e-02,-1.422146558761596680e+00,3.397524356842041016e-01,1.378176212310791016e+00,9.228432178497314453e-01,-6.657747086137533188e-03,-1.107493415474891663e-01,4.939744994044303894e-02,-1.000000000000000000e+00,3.397524356842041016e-01,1.000000000000000000e+00,0.000000000000000000e+00,0.000000000000000000e+00,0.000000000000000000e+00,0.000000000000000000e+00,1.000000000000000000e+00,0.000000000000000000e+00,9.451795841209829907e-03,5.869200341799645226e-01
3.311135489999999777e+02,9.172157645225524902e-01,4.243182484060525894e-03,-7.167531549930572510e-02,-8.329460397362709045e-03,-1.364645361900329590e+00,4.207308590412139893e-01,1.310914278030395508e+00,9.586079120635986328e-01,4.243182484060525894e-03,-7.167531549930572510e-02,-8.329460397362709045e-03,-1.000000000000000000e+00,4.207308590412139893e-01,1.000000000000000000e+00,0.000000000000000000e+00,0.000000000000000000e+00,0.000000000000000000e+00,0.000000000000000000e+00,1.000000000000000000e+00,0.000000000000000000e+00,9.451795841209829907e-03,5.887487704005845979e-01
3.311335489999999595e+02,9.098854064941406250e-01,2.658740244805812836e-02,-7.688634842634201050e-02,-1.096096336841583252e-01,-1.427265644073486328e+00,4.572426080703735352e-01,1.354859113693237305e+00,9.549427032470703125e-01,2.658740244805812836e-02,-7.688634842634201050e-02,-1.096096336841583252e-01,-1.000000000000000000e+00,4.572426080703735352e-01,1.000000000000000000e+00,0.000000000000000000e+00,0.000000000000000000e+00,0.000000000000000000e+00,0.000000000000000000e+00,1.000000000000000000e+00,0.000000000000000000e+00,9.451795841209829907e-03,5.881947033912089395e-01
3.311535489999999982e+02,9.317072033882141113e-01,5.141208320856094360e-02,-9.023243933916091919e-02,-1.221370771527290344e-01,-1.405795097351074219e+00,4.225155115127563477e-01,1.305579066276550293e+00,9.658535718917846680e-01,5.141208320856094360e-02,-9.023243933916091919e-02,-1.221370771527290344e-01,-1.000000000000000000e+00,4.225155115127563477e-01,1.000000000000000000e+00,0.000000000000000000e+00,0.000000000000000000e+00,0.000000000000000000e+00,0.000000000000000000e+00,1.000000000000000000e+00,0.000000000000000000e+00,9.451795841209829907e-03,5.906431719485233378e-01
3.311735489999999800e+02,9.077143669128417969e-01,3.913431614637374878e-02,-1.030768901109695435e-01,-8.785625547170639038e-02,-1.445867776870727539e+00,4.187686443328857422e-01,1.375667810440063477e+00,9.538571834564208984e-01,3.913431614637374878e-02,-1.030768901109695435e-01,-8.785625547170639038e-02,-1.000000000000000000e+00,4.187686443328857422e-01,1.000000000000000000e+00,0.000000000000000000e+00,0.000000000000000000e+00,0.000000000000000000e+00,0.000000000000000000e+00,1.000000000000000000e+00,0.000000000000000000e+00,9.451795841209829907e-03,5.985068259994492657e-01
3.311935489999999618e+02,7.431275844573974609e-01,5.921497941017150879e-02,-9.606359899044036865e-02,1.629443652927875519e-02,-1.393102645874023438e+00,4.570915102958679199e-01,1.381368041038513184e+00,8.715637922286987305e-01,5.921497941017150879e-02,-9.606359899044036865e-02,1.629443652927875519e-02,-1.000000000000000000e+00,4.570915102958679199e-01,1.000000000000000000e+00,0.000000000000000000e+00,0.000000000000000000e+00,0.000000000000000000e+00,0.000000000000000000e+00,1.000000000000000000e+00,0.000000000000000000e+00,9.451795841209829907e-03,5.967472141962747445e-01
3.312135490000000004e+02,6.070052385330200195e-01,1.531450543552637100e-02,-1.660544723272323608e-01,8.402892202138900757e-02,-1.411588907241821289e+00,3.490659594535827637e-01,1.415354967117309570e+00,8.035026192665100098e-01,1.531450543552637100e-02,-1.660544723272323608e-01,8.402892202138900757e-02,-1.000000000000000000e+00,3.490659594535827637e-01,1.000000000000000000e+00,0.000000000000000000e+00,0.000000000000000000e+00,0.000000000000000000e+00,0.000000000000000000e+00,1.000000000000000000e+00,0.000000000000000000e+00,9.451795841209829907e-03,5.970318345869028986e-01
3.312335489999999822e+02,4.919901788234710693e-01,2.110394649207592010e-02,-2.113676667213439941e-01,1.220701262354850769e-01,-1.376154780387878418e+00,2.555304467678070068e-01,1.365948438644409180e+00,7.459951043128967285e-01,2.110394649207592010e-02,-2.113676667213439941e-01,1.220701262354850769e-01,-1.000000000000000000e+00,2.555304467678070068e-01,1.000000000000000000e+00,0.000000000000000000e+00,0.000000000000000000e+00,0.000000000000000000e+00,0.000000000000000000e+00,1.000000000000000000e+00,0.000000000000000000e+00,9.451795841209829907e-03,5.971448416545799276e-01
3.312535489999999641e+02,3.463255465030670166e-01,4.157156869769096375e-02,-2.108207195997238159e-01,1.322685480117797852e-01,-1.357092380523681641e+00,3.119972348213195801e-01,1.348270773887634277e+00,6.731627583503723145e-01,4.157156869769096375e-02,-2.108207195997238159e-01,1.322685480117797852e-01,-1.000000000000000000e+00,3.119972348213195801e-01,1.000000000000000000e+00,0.000000000000000000e+00,0.000000000000000000e+00,0.000000000000000000e+00,0.000000000000000000e+00,1.000000000000000000e+00,0.000000000000000000e+00,9.451795841209829907e-03,5.929234815777484346e-01
3.312735490000000027e+02,5.268970131874084473e-01,6.240528449416160583e-02,-1.316270977258682251e-01,1.292009651660919189e-01,-1.373075604438781738e+00,3.389944434165954590e-01,1.354276657104492188e+00,7.634484767913818359e-01,6.240528449416160583e-02,-1.316270977258682251e-01,1.292009651660919189e-01,-1.000000000000000000e+00,3.389944434165954590e-01,1.000000000000000000e+00,0.000000000000000000e+00,0.000000000000000000e+00,0.000000000000000000e+00,0.000000000000000000e+00,1.000000000000000000e+00,0.000000000000000000e+00,9.451795841209829907e-03,5.925419472918851405e-01
3.312935489999999845e+02,4.597248136997222900e-01,9.344529360532760620e-02,-1.012935265898704529e-01,2.170623838901519775e-01,-1.365592598915100098e+00,3.780956566333770752e-01,1.373032927513122559e+00,7.298623919486999512e-01,9.344529360532760620e-02,-1.012935265898704529e-01,2.170623838901519775e-01,-1.000000000000000000e+00,3.780956566333770752e-01,1.000000000000000000e+00,0.000000000000000000e+00,0.000000000000000000e+00,0.000000000000000000e+00,0.000000000000000000e+00,1.000000000000000000e+00,0.000000000000000000e+00,9.451795841209829907e-03,5.889487405943056864e-01
3.313135489999999663e+02,3.853010535240173340e-01,6.033433973789215088e-02,-1.375726014375686646e-01,2.562775015830993652e-01,-1.349756002426147461e+00,3.066999912261962891e-01,1.333794474601745605e+00,6.926505565643310547e-01,6.033433973789215088e-02,-1.375726014375686646e-01,2.562775015830993652e-01,-1.000000000000000000e+00,3.066999912261962891e-01,1.000000000000000000e+00,0.000000000000000000e+00,0.000000000000000000e+00,0.000000000000000000e+00,0.000000000000000000e+00,1.000000000000000000e+00,0.000000000000000000e+00,9.451795841209829907e-03,5.909938524020659223e-01
3.313335489999999481e+02,5.357786417007446289e-01,1.036068722605705261e-01,-9.433898329734802246e-02,1.899427920579910278e-01,-1.324268102645874023e+00,3.491881191730499268e-01,1.344349622726440430e+00,7.678893208503723145e-01,1.036068722605705261e-01,-9.433898329734802246e-02,1.899427920579910278e-01,-1.000000000000000000e+00,3.491881191730499268e-01,1.000000000000000000e+00,0.000000000000000000e+00,0.000000000000000000e+00,0.000000000000000000e+00,0.000000000000000000e+00,1.000000000000000000e+00,0.000000000000000000e+00,9.451795841209829907e-03,5.934000165709203412e-01
3.313535489999999868e+02,5.560283064842224121e-01,1.044292002916336060e-01,-7.600563019514083862e-02,2.754430770874023438e-01,-1.349774837493896484e+00,3.027934134006500244e-01,1.339853763580322266e+00,7.780141830444335938e-01,1.044292002916336060e-01,-7.600563019514083862e-02,2.754430770874023438e-01,-1.000000000000000000e+00,3.027934134006500244e-01,1.000000000000000000e+00,0.000000000000000000e+00,0.000000000000000000e+00,0.000000000000000000e+00,0.000000000000000000e+00,1.000000000000000000e+00,0.000000000000000000e+00,9.451795841209829907e-03,5.934092189909350168e-01
3.313735489999999686e+02,6.761584877967834473e-01,7.471073418855667114e-02,-9.900520741939544678e-02,2.469353675842285156e-01,-1.380955934524536133e+00,2.911043763160705566e-01,1.331689000129699707e+00,8.380792140960693359e-01,7.471073418855667114e-02,-9.900520741939544678e-02,2.469353675842285156e-01,-1.000000000000000000e+00,2.911043763160705566e-01,1.000000000000000000e+00,0.000000000000000000e+00,0.000000000000000000e+00,0.000000000000000000e+00,0.000000000000000000e+00,1.000000000000000000e+00,0.000000000000000000e+00,9.451795841209829907e-03,5.940970548499453496e-01
3.313935489999999504e+02,6.279048919677734375e-01,5.429261177778244019e-02,-1.249763220548629761e-01,2.390430867671966553e-01,-1.396849513053894043e+00,2.698086500167846680e-01,1.353843927383422852e+00,8.139524459838867188e-01,5.429261177778244019e-02,-1.249763220548629761e-01,2.390430867671966553e-01,-1.000000000000000000e+00,2.698086500167846680e-01,1.000000000000000000e+00,0.000000000000000000e+00,0.000000000000000000e+00,0.000000000000000000e+00,0.000000000000000000e+00,1.000000000000000000e+00,0.000000000000000000e+00,9.451795841209829907e-03,5.871872034358533998e-01
3.314135489999999891e+02,7.178941965103149414e-01,3.683298826217651367e-02,-1.277934461832046509e-01,1.309404522180557251e-01,-1.417936325073242188e+00,2.766702771186828613e-01,1.353521585464477539e+00,8.589470982551574707e-01,3.683298826217651367e-02,-1.277934461832046509e-01,1.309404522180557251e-01,-1.000000000000000000e+00,2.766702771186828613e-01,1.000000000000000000e+00,0.000000000000000000e+00,0.000000000000000000e+00,0.000000000000000000e+00,0.000000000000000000e+00,1.000000000000000000e+00,0.000000000000000000e+00,9.451795841209829907e-03,5.858796601924337599e-01
3.314335489999999709e+02,6.517193317413330078e-01,6.552100926637649536e-02,-1.121111214160919189e-01,1.448169499635696411e-01,-1.380933403968811035e+00,3.195014595985412598e-01,1.336790442466735840e+00,8.258596658706665039e-01,6.552100926637649536e-02,-1.121111214160919189e-01,1.448169499635696411e-01,-1.000000000000000000e+00,3.195014595985412598e-01,1.000000000000000000e+00,0.000000000000000000e+00,0.000000000000000000e+00,0.000000000000000000e+00,0.000000000000000000e+00,1.000000000000000000e+00,0.000000000000000000e+00,9.451795841209829907e-03,5.821241289834095944e-01
3.314535489999999527e+02,5.152094960212707520e-01,5.465327948331832886e-02,-1.344757527112960815e-01,1.871683299541473389e-01,-1.377183556556701660e+00,3.022783696651458740e-01,1.355622172355651855e+00,7.576047182083129883e-01,5.465327948331832886e-02,-1.344757527112960815e-01,1.871683299541473389e-01,-1.000000000000000000e+00,3.022783696651458740e-01,1.000000000000000000e+00,0.000000000000000000e+00,0.000000000000000000e+00,0.000000000000000000e+00,0.000000000000000000e+00,1.000000000000000000e+00,0.000000000000000000e+00,9.451795841209829907e-03,5.763844274174056981e-01
3.314735489999999913e+02,5.580441951751708984e-01,5.926661193370819092e-02,-1.258697807788848877e-01,1.695089191198348999e-01,-1.370890259742736816e+00,3.320764601230621338e-01,1.348021030426025391e+00,7.790220975875854492e-01,5.926661193370819092e-02,-1.258697807788848877e-01,1.695089191198348999e-01,-1.000000000000000000e+00,3.320764601230621338e-01,1.000000000000000000e+00,0.000000000000000000e+00,0.000000000000000000e+00,0.000000000000000000e+00,0.000000000000000000e+00,1.000000000000000000e+00,0.000000000000000000e+00,9.451795841209829907e-03,5.773382990877317100e-01
3.314935489999999731e+02,6.750308275222778320e-01,8.288183808326721191e-02,-9.258151799440383911e-02,2.118212282657623291e-01,-1.394838929176330566e+00,3.231852352619171143e-01,1.373702645301818848e+00,8.375154137611389160e-01,8.288183808326721191e-02,-9.258151799440383911e-02,2.118212282657623291e-01,-1.000000000000000000e+00,3.231852352619171143e-01,1.000000000000000000e+00,0.000000000000000000e+00,0.000000000000000000e+00,0.000000000000000000e+00,0.000000000000000000e+00,1.000000000000000000e+00,0.000000000000000000e+00,9.451795841209829907e-03,5.727144935227621581e-01
3.315135489999999550e+02,6.317518353462219238e-01,5.741983652114868164e-02,-1.100342348217964172e-01,1.501823514699935913e-01,-1.384913682937622070e+00,3.530597090721130371e-01,1.333713769912719727e+00,8.158758878707885742e-01,5.741983652114868164e-02,-1.100342348217964172e-01,1.501823514699935913e-01,-1.000000000000000000e+00,3.530597090721130371e-01,1.000000000000000000e+00,0.000000000000000000e+00,0.000000000000000000e+00,0.000000000000000000e+00,0.000000000000000000e+00,1.000000000000000000e+00,0.000000000000000000e+00,9.451795841209829907e-03,5.717922462100326619e-01
3.315335489999999936e+02,4.684073030948638916e-01,5.547131970524787903e-02,-1.323709785938262939e-01,2.241932153701782227e-01,-1.342607736587524414e+00,3.319107890129089355e-01,1.301898479461669922e+00,7.342036366462707520e-01,5.547131970524787903e-02,-1.323709785938262939e-01,2.241932153701782227e-01,-1.000000000000000000e+00,3.319107890129089355e-01,1.000000000000000000e+00,0.000000000000000000e+00,0.000000000000000000e+00,0.000000000000000000e+00,0.000000000000000000e+00,1.000000000000000000e+00,0.000000000000000000e+00,9.451795841209829907e-03,5.688276931914162393e-01
3.315535489999999754e+02,5.871036052703857422e-01,1.841195859014987946e-02,-1.569117307662963867e-01,2.090195566415786743e-01,-1.391048312187194824e+00,2.551212310791015625e-01,1.358604550361633301e+00,7.935518026351928711e-01,1.841195859014987946e-02,-1.569117307662963867e-01,2.090195566415786743e-01,-1.000000000000000000e+00,2.551212310791015625e-01,1.000000000000000000e+00,0.000000000000000000e+00,0.000000000000000000e+00,0.000000000000000000e+00,0.000000000000000000e+00,1.000000000000000000e+00,0.000000000000000000e+00,9.451795841209829907e-03,5.719847228726486765e-01
3.315735489999999572e+02,5.319100022315979004e-01,4.420286044478416443e-02,-1.211458072066307068e-01,2.554893791675567627e-01,-1.345625519752502441e+00,3.308365046977996826e-01,1.304792046546936035e+00,7.659549713134765625e-01,4.420286044478416443e-02,-1.211458072066307068e-01,2.554893791675567627e-01,-1.000000000000000000e+00,3.308365046977996826e-01,1.000000000000000000e+00,0.000000000000000000e+00,0.000000000000000000e+00,0.000000000000000000e+00,0.000000000000000000e+00,1.000000000000000000e+00,0.000000000000000000e+00,9.451795841209829907e-03,5.768066294580166398e-01
3.315935489999999959e+02,6.403008103370666504e-01,4.424480348825454712e-02,-1.348722279071807861e-01,1.009741798043251038e-01,-1.388384461402893066e+00,2.786225974559783936e-01,1.324473977088928223e+00,8.201503753662109375e-01,4.424480348825454712e-02,-1.348722279071807861e-01,1.009741798043251038e-01,-1.000000000000000000e+00,2.786225974559783936e-01,1.000000000000000000e+00,0.000000000000000000e+00,0.000000000000000000e+00,0.000000000000000000e+00,0.000000000000000000e+00,1.000000000000000000e+00,0.000000000000000000e+00,9.451795841209829907e-03,5.783697546288574243e-01
3.316135489999999777e+02,4.308908581733703613e-01,6.754267215728759766e-02,-1.338539719581604004e-01,1.588270515203475952e-01,-1.341891884803771973e+00,3.699845373630523682e-01,1.316682815551757812e+00,7.154453992843627930e-01,6.754267215728759766e-02,-1.338539719581604004e-01,1.588270515203475952e-01,-1.000000000000000000e+00,3.699845373630523682e-01,1.000000000000000000e+00,0.000000000000000000e+00,0.000000000000000000e+00,0.000000000000000000e+00,0.000000000000000000e+00,1.000000000000000000e+00,0.000000000000000000e+00,9.451795841209829907e-03,5.790526534662229219e-01
3.316335489999999595e+02,3.521740138530731201e-01,7.996074110269546509e-02,-1.289335936307907104e-01,2.312457263469696045e-01,-1.319980144500732422e+00,3.253527581691741943e-01,1.293164253234863281e+00,6.760870218276977539e-01,7.996074110269546509e-02,-1.289335936307907104e-01,2.312457263469696045e-01,-1.000000000000000000e+00,3.253527581691741943e-01,1.000000000000000000e+00,0.000000000000000000e+00,0.000000000000000000e+00,0.000000000000000000e+00,0.000000000000000000e+00,1.000000000000000000e+00,0.000000000000000000e+00,9.451795841209829907e-03,5.798795668993483865e-01
3.316535489999999982e+02,5.813332796096801758e-01,6.157080084085464478e-02,-1.361317485570907593e-01,1.665202528238296509e-01,-1.394596457481384277e+00,2.662662565708160400e-01,1.372574806213378906e+00,7.906666398048400879e-01,6.157080084085464478e-02,-1.361317485570907593e-01,1.665202528238296509e-01,-1.000000000000000000e+00,2.662662565708160400e-01,1.000000000000000000e+00,0.000000000000000000e+00,0.000000000000000000e+00,0.000000000000000000e+00,0.000000000000000000e+00,1.000000000000000000e+00,0.000000000000000000e+00,9.451795841209829907e-03,5.784538735865942805e-01
3.316735489999999800e+02,5.502059459686279297e-01,9.499166905879974365e-02,-1.045026406645774841e-01,2.209330350160598755e-01,-1.346788287162780762e+00,3.362976908683776855e-01,1.329011321067810059e+00,7.751029729843139648e-01,9.499166905879974365e-02,-1.045026406645774841e-01,2.209330350160598755e-01,-1.000000000000000000e+00,3.362976908683776855e-01,1.000000000000000000e+00,0.000000000000000000e+00,0.000000000000000000e+00,0.000000000000000000e+00,0.000000000000000000e+00,1.000000000000000000e+00,0.000000000000000000e+00,9.451795841209829907e-03,5.779960494234005486e-01
3.316935489999999618e+02,4.862990975379943848e-01,6.602299958467483521e-02,-1.258877813816070557e-01,1.999704241752624512e-01,-1.361665606498718262e+00,2.744035422801971436e-01,1.347180843353271484e+00,7.431495189666748047e-01,6.602299958467483521e-02,-1.258877813816070557e-01,1.999704241752624512e-01,-1.000000000000000000e+00,2.744035422801971436e-01,1.000000000000000000e+00,0.000000000000000000e+00,0.000000000000000000e+00,0.000000000000000000e+00,0.000000000000000000e+00,1.000000000000000000e+00,0.000000000000000000e+00,9.451795841209829907e-03,5.762213097399753181e-01
3.317135490000000004e+02,5.717364549636840820e-01,5.179639905691146851e-02,-1.318162530660629272e-01,1.635017693042755127e-01,-1.378568410873413086e+00,3.039910793304443359e-01,1.350797653198242188e+00,7.858682274818420410e-01,5.179639905691146851e-02,-1.318162530660629272e-01,1.635017693042755127e-01,-1.000000000000000000e+00,3.039910793304443359e-01,1.000000000000000000e+00,0.000000000000000000e+00,0.000000000000000000e+00,0.000000000000000000e+00,0.000000000000000000e+00,1.000000000000000000e+00,0.000000000000000000e+00,9.451795841209829907e-03,5.759087456278630945e-01
3.317335489999999822e+02,5.129221677780151367e-01,8.382618427276611328e-02,-1.089165061712265015e-01,1.764792501926422119e-01,-1.367362976074218750e+00,3.022516965866088867e-01,1.340631365776062012e+00,7.564610838890075684e-01,8.382618427276611328e-02,-1.089165061712265015e-01,1.764792501926422119e-01,-1.000000000000000000e+00,3.022516965866088867e-01,1.000000000000000000e+00,0.000000000000000000e+00,0.000000000000000000e+00,0.000000000000000000e+00,0.000000000000000000e+00,1.000000000000000000e+00,0.000000000000000000e+00,9.451795841209829907e-03,5.832296660317399795e-01
3.317535489999999641e+02,5.341144204139709473e-01,1.220363080501556396e-01,-1.067897155880928040e-01,1.416392326354980469e-01,-1.403585910797119141e+00,2.892748713493347168e-01,1.403259277343750000e+00,7.670571804046630859e-01,1.220363080501556396e-01,-1.067897155880928040e-01,1.416392326354980469e-01,-1.000000000000000000e+00,2.892748713493347168e-01,1.000000000000000000e+00,0.000000000000000000e+00,0.000000000000000000e+00,0.000000000000000000e+00,0.000000000000000000e+00,1.000000000000000000e+00,0.000000000000000000e+00,9.451795841209829907e-03,5.853355950045161515e-01
3.317735490000000027e+02,4.871478080749511719e-01,7.592189311981201172e-02,-1.245059669017791748e-01,2.499137371778488159e-01,-1.395911931991577148e+00,2.856534421443939209e-01,1.375125408172607422e+00,7.435739040374755859e-01,7.592189311981201172e-02,-1.245059669017791748e-01,2.499137371778488159e-01,-1.000000000000000000e+00,2.856534421443939209e-01,1.000000000000000000e+00,0.000000000000000000e+00,0.000000000000000000e+00,0.000000000000000000e+00,0.000000000000000000e+00,1.000000000000000000e+00,0.000000000000000000e+00,9.451795841209829907e-03,5.875808752049300754e-01
3.317935489999999845e+02,6.107419133186340332e-01,6.632500886917114258e-02,-1.264435201883316040e-01,1.434057056903839111e-01,-1.398132085800170898e+00,2.878961563110351562e-01,1.370643019676208496e+00,8.053709268569946289e-01,6.632500886917114258e-02,-1.264435201883316040e-01,1.434057056903839111e-01,-1.000000000000000000e+00,2.878961563110351562e-01,1.000000000000000000e+00,0.000000000000000000e+00,0.000000000000000000e+00,0.000000000000000000e+00,0.000000000000000000e+00,1.000000000000000000e+00,0.000000000000000000e+00,9.451795841209829907e-03,5.875943598641366616e-01
3.318135489999999663e+02,4.917733371257781982e-01,8.025375753641128540e-02,-1.024656295776367188e-01,2.516368925571441650e-01,-1.365963697433471680e+00,3.202173709869384766e-01,1.359549403190612793e+00,7.458866834640502930e-01,8.025375753641128540e-02,-1.024656295776367188e-01,2.516368925571441650e-01,-1.000000000000000000e+00,3.202173709869384766e-01,1.000000000000000000e+00,0.000000000000000000e+00,0.000000000000000000e+00,0.000000000000000000e+00,0.000000000000000000e+00,1.000000000000000000e+00,0.000000000000000000e+00,9.451795841209829907e-03,5.825082666869910719e-01
3.318335489999999481e+02,5.941185951232910156e-01,4.796369001269340515e-02,-1.297844350337982178e-01,1.439932286739349365e-01,-1.391233086585998535e+00,2.734223306179046631e-01,1.349635362625122070e+00,7.970592975616455078e-01,4.796369001269340515e-02,-1.297844350337982178e-01,1.439932286739349365e-01,-1.000000000000000000e+00,2.734223306179046631e-01,1.000000000000000000e+00,0.000000000000000000e+00,0.000000000000000000e+00,0.000000000000000000e+00,0.000000000000000000e+00,1.000000000000000000e+00,0.000000000000000000e+00,9.451795841209829907e-03,5.882439842744119352e-01
3.318535489999999868e+02,5.809011459350585938e-01,5.241714790463447571e-02,-1.370371729135513306e-01,2.315742969512939453e-01,-1.381759047508239746e+00,2.717595398426055908e-01,1.360536575317382812e+00,7.904505729675292969e-01,5.241714790463447571e-02,-1.370371729135513306e-01,2.315742969512939453e-01,-1.000000000000000000e+00,2.717595398426055908e-01,1.000000000000000000e+00,0.000000000000000000e+00,0.000000000000000000e+00,0.000000000000000000e+00,0.000000000000000000e+00,1.000000000000000000e+00,0.000000000000000000e+00,9.451795841209829907e-03,5.863196781294152116e-01
3.318735489999999686e+02,4.641236960887908936e-01,3.930406272411346436e-02,-1.615361124277114868e-01,2.382079064846038818e-01,-1.399174094200134277e+00,2.541126906871795654e-01,1.372835993766784668e+00,7.320618629455566406e-01,3.930406272411346436e-02,-1.615361124277114868e-01,2.382079064846038818e-01,-1.000000000000000000e+00,2.541126906871795654e-01,1.000000000000000000e+00,0.000000000000000000e+00,0.000000000000000000e+00,0.000000000000000000e+00,0.000000000000000000e+00,1.000000000000000000e+00,0.000000000000000000e+00,9.451795841209829907e-03,5.831618780122882484e-01
3.318935489999999504e+02,4.875133037567138672e-01,5.023636668920516968e-02,-1.293221563100814819e-01,2.615984678268432617e-01,-1.345744013786315918e+00,3.030863106250762939e-01,1.324396491050720215e+00,7.437566518783569336e-01,5.023636668920516968e-02,-1.293221563100814819e-01,2.615984678268432617e-01,-1.000000000000000000e+00,3.030863106250762939e-01,1.000000000000000000e+00,0.000000000000000000e+00,0.000000000000000000e+00,0.000000000000000000e+00,0.000000000000000000e+00,1.000000000000000000e+00,0.000000000000000000e+00,9.451795841209829907e-03,5.833244819828616867e-01
3.319135489999999891e+02,4.893540441989898682e-01,4.375680536031723022e-02,-1.427567750215530396e-01,2.394014745950698853e-01,-1.354995012283325195e+00,2.638286948204040527e-01,1.322645664215087891e+00,7.446770071983337402e-01,4.375680536031723022e-02,-1.427567750215530396e-01,2.394014745950698853e-01,-1.000000000000000000e+00,2.638286948204040527e-01,1.000000000000000000e+00,0.000000000000000000e+00,0.000000000000000000e+00,0.000000000000000000e+00,0.000000000000000000e+00,1.000000000000000000e+00,0.000000000000000000e+00,9.451795841209829907e-03,5.805999977223895714e-01
3.319335489999999709e+02,3.760147690773010254e-01,4.398738592863082886e-02,-1.534445881843566895e-01,2.852795422077178955e-01,-1.360811352729797363e+00,2.594899535179138184e-01,1.359477519989013672e+00,6.880073547363281250e-01,4.398738592863082886e-02,-1.534445881843566895e-01,2.852795422077178955e-01,-1.000000000000000000e+00,2.594899535179138184e-01,1.000000000000000000e+00,0.000000000000000000e+00,0.000000000000000000e+00,0.000000000000000000e+00,0.000000000000000000e+00,1.000000000000000000e+00,0.000000000000000000e+00,9.451795841209829907e-03,5.798102706522912930e-01
3.319535489999999527e+02,6.439525485038757324e-01,5.459069833159446716e-02,-1.017233505845069885e-01,1.812120676040649414e-01,-1.354969501495361328e+00,3.021050691604614258e-01,1.310319542884826660e+00,8.219763040542602539e-01,5.459069833159446716e-02,-1.017233505845069885e-01,1.812120676040649414e-01,-1.000000000000000000e+00,3.021050691604614258e-01,1.000000000000000000e+00,0.000000000000000000e+00,0.000000000000000000e+00,0.000000000000000000e+00,0.000000000000000000e+00,1.000000000000000000e+00,0.000000000000000000e+00,9.451795841209829907e-03,5.848666999600746763e-01
3.319735489999999913e+02,6.823390126228332520e-01,8.030407130718231201e-02,-8.185641467571258545e-02,2.436210662126541138e-01,-1.377670407295227051e+00,2.877494990825653076e-01,1.329391002655029297e+00,8.411694765090942383e-01,8.030407130718231201e-02,-8.185641467571258545e-02,2.436210662126541138e-01,-1.000000000000000000e+00,2.877494990825653076e-01,1.000000000000000000e+00,0.000000000000000000e+00,0.000000000000000000e+00,0.000000000000000000e+00,0.000000000000000000e+00,1.000000000000000000e+00,0.000000000000000000e+00,9.451795841209829907e-03,5.836595848195972325e-01
3.319935489999999731e+02,5.499176383018493652e-01,5.705605447292327881e-02,-1.184846758842468262e-01,2.457570582628250122e-01,-1.377151012420654297e+00,3.126136958599090576e-01,1.327706217765808105e+00,7.749588489532470703e-01,5.705605447292327881e-02,-1.184846758842468262e-01,2.457570582628250122e-01,-1.000000000000000000e+00,3.126136958599090576e-01,1.000000000000000000e+00,0.000000000000000000e+00,0.000000000000000000e+00,0.000000000000000000e+00,0.000000000000000000e+00,1.000000000000000000e+00,0.000000000000000000e+00,9.451795841209829907e-03,5.866284447920003808e-01
3.320135489999999550e+02,4.840417802333831787e-01,5.015454441308975220e-02,-1.386227160692214966e-01,1.984742134809494019e-01,-1.366377949714660645e+00,2.690100371837615967e-01,1.340362191200256348e+00,7.420209050178527832e-01,5.015454441308975220e-02,-1.386227160692214966e-01,1.984742134809494019e-01,-1.000000000000000000e+00,2.690100371837615967e-01,1.000000000000000000e+00,0.000000000000000000e+00,0.000000000000000000e+00,0.000000000000000000e+00,0.000000000000000000e+00,1.000000000000000000e+00,0.000000000000000000e+00,9.451795841209829907e-03,5.873881638162254948e-01
3.320335489999999936e+02,6.791901588439941406e-01,6.831089407205581665e-02,-8.899695426225662231e-02,2.528015971183776855e-01,-1.393743276596069336e+00,3.191097378730773926e-01,1.374468564987182617e+00,8.395950794219970703e-01,6.831089407205581665e-02,-8.899695426225662231e-02,2.528015971183776855e-01,-1.000000000000000000e+00,3.191097378730773926e-01,1.000000000000000000e+00,0.000000000000000000e+00,0.000000000000000000e+00,0.000000000000000000e+00,0.000000000000000000e+00,1.000000000000000000e+00,0.000000000000000000e+00,9.451795841209829907e-03,5.856470049600170924e-01
3.320535489999999754e+02,4.960312247276306152e-01,5.024478957056999207e-02,-1.332336068153381348e-01,1.908240616321563721e-01,-1.395826935768127441e+00,2.652107477188110352e-01,1.354000329971313477e+00,7.480156421661376953e-01,5.024478957056999207e-02,-1.332336068153381348e-01,1.908240616321563721e-01,-1.000000000000000000e+00,2.652107477188110352e-01,1.000000000000000000e+00,0.000000000000000000e+00,0.000000000000000000e+00,0.000000000000000000e+00,0.000000000000000000e+00,1.000000000000000000e+00,0.000000000000000000e+00,9.451795841209829907e-03,5.797474964845228396e-01
3.320735489999999572e+02,6.288309097290039062e-01,5.857681855559349060e-02,-1.113690882921218872e-01,2.068769782781600952e-01,-1.384721517562866211e+00,2.849929332733154297e-01,1.343068480491638184e+00,8.144154548645019531e-01,5.857681855559349060e-02,-1.113690882921218872e-01,2.068769782781600952e-01,-1.000000000000000000e+00,2.849929332733154297e-01,1.000000000000000000e+00,0.000000000000000000e+00,0.000000000000000000e+00,0.000000000000000000e+00,0.000000000000000000e+00,1.000000000000000000e+00,0.000000000000000000e+00,9.451795841209829907e-03,5.801436335109270148e-01
3.320935489999999959e+02,5.407096743583679199e-01,7.173161208629608154e-02,-9.017322212457656860e-02,2.351906746625900269e-01,-1.387698769569396973e+00,2.936106920242309570e-01,1.349774241447448730e+00,7.703548669815063477e-01,7.173161208629608154e-02,-9.017322212457656860e-02,2.351906746625900269e-01,-1.000000000000000000e+00,2.936106920242309570e-01,1.000000000000000000e+00,0.000000000000000000e+00,0.000000000000000000e+00,0.000000000000000000e+00,0.000000000000000000e+00,1.000000000000000000e+00,0.000000000000000000e+00,9.451795841209829907e-03,5.794077033292420742e-01
3.321135489999999777e+02,5.344516634941101074e-01,6.425032019615173340e-02,-1.154890134930610657e-01,2.486945241689682007e-01,-1.396867156028747559e+00,2.835020422935485840e-01,1.367558836936950684e+00,7.672258615493774414e-01,6.425032019615173340e-02,-1.154890134930610657e-01,2.486945241689682007e-01,-1.000000000000000000e+00,2.835020422935485840e-01,1.000000000000000000e+00,0.000000000000000000e+00,0.000000000000000000e+00,0.000000000000000000e+00,0.000000000000000000e+00,1.000000000000000000e+00,0.000000000000000000e+00,9.451795841209829907e-03,5.788946755940173050e-01
3.321335489999999595e+02,4.799162447452545166e-01,6.403785943984985352e-02,-1.221126168966293335e-01,2.334140688180923462e-01,-1.387847065925598145e+00,2.927582859992980957e-01,1.359836578369140625e+00,7.399581074714660645e-01,6.403785943984985352e-02,-1.221126168966293335e-01,2.334140688180923462e-01,-1.000000000000000000e+00,2.927582859992980957e-01,1.000000000000000000e+00,0.000000000000000000e+00,0.000000000000000000e+00,0.000000000000000000e+00,0.000000000000000000e+00,1.000000000000000000e+00,0.000000000000000000e+00,9.451795841209829907e-03,5.765988758952158566e-01
3.321535489999999982e+02,5.214281678199768066e-01,6.869337707757949829e-02,-1.124162599444389343e-01,2.436657845973968506e-01,-1.392171978950500488e+00,2.817526459693908691e-01,1.376971602439880371e+00,7.607140541076660156e-01,6.869337707757949829e-02,-1.124162599444389343e-01,2.436657845973968506e-01,-1.000000000000000000e+00,2.817526459693908691e-01,1.000000000000000000e+00,0.000000000000000000e+00,0.000000000000000000e+00,0.000000000000000000e+00,0.000000000000000000e+00,1.000000000000000000e+00,0.000000000000000000e+00,9.451795841209829907e-03,5.732429335700615081e-01
3.321735489999999800e+02,5.063421726226806641e-01,6.284193694591522217e-02,-1.238770484924316406e-01,2.008057385683059692e-01,-1.389979600906372070e+00,2.866503596305847168e-01,1.360639691352844238e+00,7.531710863113403320e-01,6.284193694591522217e-02,-1.238770484924316406e-01,2.008057385683059692e-01,-1.000000000000000000e+00,2.866503596305847168e-01,1.000000000000000000e+00,0.000000000000000000e+00,0.000000000000000000e+00,0.000000000000000000e+00,0.000000000000000000e+00,1.000000000000000000e+00,0.000000000000000000e+00,9.451795841209829907e-03,5.736946345641595890e-01
3.321935489999999618e+02,4.614398777484893799e-01,6.158906221389770508e-02,-1.229471191763877869e-01,2.740070819854736328e-01,-1.380243420600891113e+00,2.732371687889099121e-01,1.359395861625671387e+00,7.307199239730834961e-01,6.158906221389770508e-02,-1.229471191763877869e-01,2.740070819854736328e-01,-1.000000000000000000e+00,2.732371687889099121e-01,1.000000000000000000e+00,0.000000000000000000e+00,0.000000000000000000e+00,0.000000000000000000e+00,0.000000000000000000e+00,1.000000000000000000e+00,0.000000000000000000e+00,9.451795841209829907e-03,5.724695676566484703e-01
3.322135490000000004e+02,4.156803786754608154e-01,5.891859531402587891e-02,-1.249374225735664368e-01,3.037683367729187012e-01,-1.376388669013977051e+00,2.842530310153961182e-01,1.349245190620422363e+00,7.078402042388916016e-01,5.891859531402587891e-02,-1.249374225735664368e-01,3.037683367729187012e-01,-1.000000000000000000e+00,2.842530310153961182e-01,1.000000000000000000e+00,0.000000000000000000e+00,0.000000000000000000e+00,0.000000000000000000e+00,0.000000000000000000e+00,1.000000000000000000e+00,0.000000000000000000e+00,9.451795841209829907e-03,5.728161717465291014e-01
3.322335489999999822e+02,3.722931444644927979e-01,4.980576038360595703e-02,-1.590796262025833130e-01,2.952764332294464111e-01,-1.372019052505493164e+00,2.525282800197601318e-01,1.364099025726318359e+00,6.861465573310852051e-01,4.980576038360595703e-02,-1.590796262025833130e-01,2.952764332294464111e-01,-1.000000000000000000e+00,2.525282800197601318e-01,1.000000000000000000e+00,0.000000000000000000e+00,0.000000000000000000e+00,0.000000000000000000e+00,0.000000000000000000e+00,1.000000000000000000e+00,0.000000000000000000e+00,9.451795841209829907e-03,5.749105376845848880e-01
3.322535489999999641e+02,6.812862157821655273e-01,7.942521572113037109e-02,-1.053873747587203979e-01,2.017025202512741089e-01,-1.390446543693542480e+00,2.912659347057342529e-01,1.358581781387329102e+00,8.406431078910827637e-01,7.942521572113037109e-02,-1.053873747587203979e-01,2.017025202512741089e-01,-1.000000000000000000e+00,2.912659347057342529e-01,1.000000000000000000e+00,0.000000000000000000e+00,0.000000000000000000e+00,0.000000000000000000e+00,0.000000000000000000e+00,1.000000000000000000e+00,0.000000000000000000e+00,9.451795841209829907e-03,5.784126635010810036e-01
3.322735490000000027e+02,5.668003559112548828e-01,9.545445442199707031e-02,-9.616397321224212646e-02,2.653517127037048340e-01,-1.408185601234436035e+00,2.666115164756774902e-01,1.386070847511291504e+00,7.834001779556274414e-01,9.545445442199707031e-02,-9.616397321224212646e-02,2.653517127037048340e-01,-1.000000000000000000e+00,2.666115164756774902e-01,1.000000000000000000e+00,0.000000000000000000e+00,0.000000000000000000e+00,0.000000000000000000e+00,0.000000000000000000e+00,1.000000000000000000e+00,0.000000000000000000e+00,9.451795841209829907e-03,5.739968718529163683e-01
3.322935489999999845e+02,6.520601511001586914e-01,7.171561568975448608e-02,-1.035020872950553894e-01,2.332430630922317505e-01,-1.416343927383422852e+00,2.810125648975372314e-01,1.379663467407226562e+00,8.260300755500793457e-01,7.171561568975448608e-02,-1.035020872950553894e-01,2.332430630922317505e-01,-1.000000000000000000e+00,2.810125648975372314e-01,1.000000000000000000e+00,0.000000000000000000e+00,0.000000000000000000e+00,0.000000000000000000e+00,0.000000000000000000e+00,1.000000000000000000e+00,0.000000000000000000e+00,9.451795841209829907e-03,5.746148547147882368e-01
3.323135489999999663e+02,6.904886364936828613e-01,7.735861837863922119e-02,-8.489124476909637451e-02,2.702180445194244385e-01,-1.408517599105834961e+00,2.943918704986572266e-01,1.376902461051940918e+00,8.452442884445190430e-01,7.735861837863922119e-02,-8.489124476909637451e-02,2.702180445194244385e-01,-1.000000000000000000e+00,2.943918704986572266e-01,1.000000000000000000e+00,0.000000000000000000e+00,0.000000000000000000e+00,0.000000000000000000e+00,0.000000000000000000e+00,1.000000000000000000e+00,0.000000000000000000e+00,9.451795841209829907e-03,5.761749352167282456e-01
3.323335489999999481e+02,7.965151667594909668e-01,1.183848455548286438e-01,-9.181446582078933716e-02,-1.597332060337066650e-01,-1.379653811454772949e+00,3.080971240997314453e-01,1.296819806098937988e+00,8.982576131820678711e-01,1.183848455548286438e-01,-9.181446582078933716e-02,-1.597332060337066650e-01,-1.000000000000000000e+00,3.080971240997314453e-01,1.000000000000000000e+00,0.000000000000000000e+00,0.000000000000000000e+00,0.000000000000000000e+00,0.000000000000000000e+00,1.000000000000000000e+00,0.000000000000000000e+00,9.451795841209829907e-03,5.855413664897407555e-01
3.323535489999999868e+02,5.634940266609191895e-01,2.872987687587738037e-01,2.991133555769920349e-02,-8.942818641662597656e-02,-1.329396367073059082e+00,2.510687410831451416e-01,1.402248740196228027e+00,7.817469835281372070e-01,2.872987687587738037e-01,2.991133555769920349e-02,-8.942818641662597656e-02,-1.000000000000000000e+00,2.510687410831451416e-01,1.000000000000000000e+00,0.000000000000000000e+00,0.000000000000000000e+00,0.000000000000000000e+00,0.000000000000000000e+00,1.000000000000000000e+00,0.000000000000000000e+00,9.451795841209829907e-03,6.086169056326550253e-01
3.323735489999999686e+02,5.644491314888000488e-01,2.941453754901885986e-01,4.056954011321067810e-02,-1.046143844723701477e-02,-1.379955768585205078e+00,2.661973536014556885e-01,1.434456944465637207e+00,7.822245359420776367e-01,2.941453754901885986e-01,4.056954011321067810e-02,-1.046143844723701477e-02,-1.000000000000000000e+00,2.661973536014556885e-01,1.000000000000000000e+00,0.000000000000000000e+00,0.000000000000000000e+00,0.000000000000000000e+00,0.000000000000000000e+00,1.000000000000000000e+00,0.000000000000000000e+00,9.451795841209829907e-03,6.190955713052253007e-01
3.323935489999999504e+02,7.569556832313537598e-01,2.091366946697235107e-01,1.467784028500318527e-02,4.350322857499122620e-02,-1.409159779548645020e+00,3.514920473098754883e-01,1.430172324180603027e+00,8.784778118133544922e-01,2.091366946697235107e-01,1.467784028500318527e-02,4.350322857499122620e-02,-1.000000000000000000e+00,3.514920473098754883e-01,1.000000000000000000e+00,0.000000000000000000e+00,0.000000000000000000e+00,0.000000000000000000e+00,0.000000000000000000e+00,1.000000000000000000e+00,0.000000000000000000e+00,9.451795841209829907e-03,6.220931070142794450e-01
3.324135489999999891e+02,1.000903487205505371e+00,1.091659069061279297e-01,-4.679178074002265930e-02,9.531033784151077271e-02,-1.440588831901550293e+00,3.893641233444213867e-01,1.392004251480102539e+00,1.000000000000000000e+00,1.091659069061279297e-01,-4.679178074002265930e-02,9.531033784151077271e-02,-1.000000000000000000e+00,3.893641233444213867e-01,1.000000000000000000e+00,0.000000000000000000e+00,0.000000000000000000e+00,0.000000000000000000e+00,0.000000000000000000e+00,1.000000000000000000e+00,0.000000000000000000e+00,9.451795841209829907e-03,6.237594152143024484e-01
3.324335489999999709e+02,9.636815190315246582e-01,9.593661129474639893e-02,-5.918833985924720764e-02,6.703354418277740479e-02,-1.443821430206298828e+00,3.730749487876892090e-01,1.392436861991882324e+00,9.818407297134399414e-01,9.593661129474639893e-02,-5.918833985924720764e-02,6.703354418277740479e-02,-1.000000000000000000e+00,3.730749487876892090e-01,1.000000000000000000e+00,0.000000000000000000e+00,0.000000000000000000e+00,0.000000000000000000e+00,0.000000000000000000e+00,1.000000000000000000e+00,0.000000000000000000e+00,9.451795841209829907e-03,6.261400231053509957e-01
3.324535489999999527e+02,8.366951942443847656e-01,7.889518141746520996e-02,-8.758238703012466431e-02,4.390247911214828491e-02,-1.434279918670654297e+00,3.102840781211853027e-01,1.374851465225219727e+00,9.183475971221923828e-01,7.889518141746520996e-02,-8.758238703012466431e-02,4.390247911214828491e-02,-1.000000000000000000e+00,3.102840781211853027e-01,1.000000000000000000e+00,0.000000000000000000e+00,0.000000000000000000e+00,0.000000000000000000e+00,0.000000000000000000e+00,1.000000000000000000e+00,0.000000000000000000e+00,9.451795841209829907e-03,6.277447452757898283e-01
3.324735489999999913e+02,7.920664548873901367e-01,6.371030211448669434e-02,-1.255336701869964600e-01,8.521914482116699219e-02,-1.426161289215087891e+00,2.720521390438079834e-01,1.353871464729309082e+00,8.960332274436950684e-01,6.371030211448669434e-02,-1.255336701869964600e-01,8.521914482116699219e-02,-1.000000000000000000e+00,2.720521390438079834e-01,1.000000000000000000e+00,0.000000000000000000e+00,0.000000000000000000e+00,0.000000000000000000e+00,0.000000000000000000e+00,1.000000000000000000e+00,0.000000000000000000e+00,9.451795841209829907e-03,6.331675329739615554e-01
3.324935489999999731e+02,7.704060673713684082e-01,7.264931499958038330e-02,-9.577742218971252441e-02,2.443632930517196655e-01,-1.419857501983642578e+00,3.031547963619232178e-01,1.398218035697937012e+00,8.852030038833618164e-01,7.264931499958038330e-02,-9.577742218971252441e-02,2.443632930517196655e-01,-1.000000000000000000e+00,3.031547963619232178e-01,1.000000000000000000e+00,0.000000000000000000e+00,0.000000000000000000e+00,0.000000000000000000e+00,0.000000000000000000e+00,1.000000000000000000e+00,0.000000000000000000e+00,9.451795841209829907e-03,6.327076652930752054e-01
3.325135489999999550e+02,5.569794178009033203e-01,5.079874023795127869e-02,-1.494278609752655029e-01,2.203275412321090698e-01,-1.414808869361877441e+00,2.557394802570343018e-01,1.391175866127014160e+00,7.784897089004516602e-01,5.079874023795127869e-02,-1.494278609752655029e-01,2.203275412321090698e-01,-1.000000000000000000e+00,2.557394802570343018e-01,1.000000000000000000e+00,0.000000000000000000e+00,0.000000000000000000e+00,0.000000000000000000e+00,0.000000000000000000e+00,1.000000000000000000e+00,0.000000000000000000e+00,9.451795841209829907e-03,6.315856899050655837e-01
3.325335489999999936e+02,5.099333524703979492e-01,5.782702192664146423e-02,-1.632537245750427246e-01,2.367166876792907715e-01,-1.376380443572998047e+00,2.517909407615661621e-01,1.365377664566040039e+00,7.549666762351989746e-01,5.782702192664146423e-02,-1.632537245750427246e-01,2.367166876792907715e-01,-1.000000000000000000e+00,2.517909407615661621e-01,1.000000000000000000e+00,0.000000000000000000e+00,0.000000000000000000e+00,0.000000000000000000e+00,0.000000000000000000e+00,1.000000000000000000e+00,0.000000000000000000e+00,9.451795841209829907e-03,6.303503375674111009e-01
3.325535489999999754e+02,4.530536830425262451e-01,6.347684562206268311e-02,-1.589080691337585449e-01,2.374800443649291992e-01,-1.350705146789550781e+00,2.556740641593933105e-01,1.341476559638977051e+00,7.265268564224243164e-01,6.347684562206268311e-02,-1.589080691337585449e-01,2.374800443649291992e-01,-1.000000000000000000e+00,2.556740641593933105e-01,1.000000000000000000e+00,0.000000000000000000e+00,0.000000000000000000e+00,0.000000000000000000e+00,0.000000000000000000e+00,1.000000000000000000e+00,0.000000000000000000e+00,9.451795841209829907e-03,6.293171865252950026e-01
3.325735489999999572e+02,6.083063483238220215e-01,2.864626608788967133e-02,-1.756934374570846558e-01,2.050536423921585083e-01,-1.365036368370056152e+00,2.361385375261306763e-01,1.333660602569580078e+00,8.041532039642333984e-01,2.864626608788967133e-02,-1.756934374570846558e-01,2.050536423921585083e-01,-1.000000000000000000e+00,2.361385375261306763e-01,1.000000000000000000e+00,0.000000000000000000e+00,0.000000000000000000e+00,0.000000000000000000e+00,0.000000000000000000e+00,1.000000000000000000e+00,0.000000000000000000e+00,9.451795841209829907e-03,6.254368926714044541e-01
3.325935489999999959e+02,8.088414072990417480e-01,4.597211256623268127e-02,-1.338723897933959961e-01,1.730562299489974976e-01,-1.419141411781311035e+00,2.239205688238143921e-01,1.315873503684997559e+00,9.044207334518432617e-01,4.597211256623268127e-02,-1.338723897933959961e-01,1.730562299489974976e-01,-1.000000000000000000e+00,2.239205688238143921e-01,1.000000000000000000e+00,0.000000000000000000e+00,0.000000000000000000e+00,0.000000000000000000e+00,0.000000000000000000e+00,1.000000000000000000e+00,0.000000000000000000e+00,9.451795841209829907e-03,6.239564265710388913e-01
3.326135489999999777e+02,8.296337723731994629e-01,3.475750237703323364e-02,-1.650805473327636719e-01,9.547495841979980469e-02,-1.433542251586914062e+00,2.146530449390411377e-01,1.316785812377929688e+00,9.148168563842773438e-01,3.475750237703323364e-02,-1.650805473327636719e-01,9.547495841979980469e-02,-1.000000000000000000e+00,2.146530449390411377e-01,1.000000000000000000e+00,0.000000000000000000e+00,0.000000000000000000e+00,0.000000000000000000e+00,0.000000000000000000e+00,1.000000000000000000e+00,0.000000000000000000e+00,9.451795841209829907e-03,6.253004268237846164e-01
3.326335489999999595e+02,4.838733971118927002e-01,7.269965857267379761e-02,-1.335867643356323242e-01,1.809878796339035034e-01,-1.332836508750915527e+00,2.690825164318084717e-01,1.262822151184082031e+00,7.419366836547851562e-01,7.269965857267379761e-02,-1.335867643356323242e-01,1.809878796339035034e-01,-1.000000000000000000e+00,2.690825164318084717e-01,1.000000000000000000e+00,0.000000000000000000e+00,0.000000000000000000e+00,0.000000000000000000e+00,0.000000000000000000e+00,1.000000000000000000e+00,0.000000000000000000e+00,9.451795841209829907e-03,6.233995703981366487e-01
3.326535489999999982e+02,5.830598473548889160e-01,8.044428378343582153e-02,-1.284881830215454102e-01,1.898859739303588867e-01,-1.369637250900268555e+00,2.573124468326568604e-01,1.306851983070373535e+00,7.915298938751220703e-01,8.044428378343582153e-02,-1.284881830215454102e-01,1.898859739303588867e-01,-1.000000000000000000e+00,2.573124468326568604e-01,1.000000000000000000e+00,0.000000000000000000e+00,0.000000000000000000e+00,0.000000000000000000e+00,0.000000000000000000e+00,1.000000000000000000e+00,0.000000000000000000e+00,9.451795841209829907e-03,6.011415948994871528e-01
3.326735489999999800e+02,6.907532811164855957e-01,9.220585227012634277e-02,-8.787610381841659546e-02,2.027378529310226440e-01,-1.402809381484985352e+00,2.854970991611480713e-01,1.338398814201354980e+00,8.453766107559204102e-01,9.220585227012634277e-02,-8.787610381841659546e-02,2.027378529310226440e-01,-1.000000000000000000e+00,2.854970991611480713e-01,1.000000000000000000e+00,0.000000000000000000e+00,0.000000000000000000e+00,0.000000000000000000e+00,0.000000000000000000e+00,1.000000000000000000e+00,0.000000000000000000e+00,9.451795841209829907e-03,5.904168839165666594e-01
3.326935489999999618e+02,6.867327094078063965e-01,8.831609040498733521e-02,-9.126704186201095581e-02,2.776896059513092041e-01,-1.430231571197509766e+00,2.527061700820922852e-01,1.345372557640075684e+00,8.433663845062255859e-01,8.831609040498733521e-02,-9.126704186201095581e-02,2.776896059513092041e-01,-1.000000000000000000e+00,2.527061700820922852e-01,1.000000000000000000e+00,0.000000000000000000e+00,0.000000000000000000e+00,0.000000000000000000e+00,0.000000000000000000e+00,1.000000000000000000e+00,0.000000000000000000e+00,9.451795841209829907e-03,5.853150512417282236e-01
3.327135490000000004e+02,7.507668137550354004e-01,8.049125969409942627e-02,-9.444102644920349121e-02,2.836198508739471436e-01,-1.464147210121154785e+00,2.570188045501708984e-01,1.385557174682617188e+00,8.753833770751953125e-01,8.049125969409942627e-02,-9.444102644920349121e-02,2.836198508739471436e-01,-1.000000000000000000e+00,2.570188045501708984e-01,1.000000000000000000e+00,0.000000000000000000e+00,0.000000000000000000e+00,0.000000000000000000e+00,0.000000000000000000e+00,1.000000000000000000e+00,0.000000000000000000e+00,9.451795841209829907e-03,5.868719633962281579e-01
3.327335489999999822e+02,7.110714912414550781e-01,9.225083887577056885e-02,-1.176801845431327820e-01,2.154149413108825684e-01,-1.429458618164062500e+00,2.683795094490051270e-01,1.367075443267822266e+00,8.555357456207275391e-01,9.225083887577056885e-02,-1.176801845431327820e-01,2.154149413108825684e-01,-1.000000000000000000e+00,2.683795094490051270e-01,1.000000000000000000e+00,0.000000000000000000e+00,0.000000000000000000e+00,0.000000000000000000e+00,0.000000000000000000e+00,1.000000000000000000e+00,0.000000000000000000e+00,9.451795841209829907e-03,5.897882344631023566e-01
3.327535489999999641e+02,7.023093700408935547e-01,1.157397180795669556e-01,-1.120703518390655518e-01,2.222484648227691650e-01,-1.425598740577697754e+00,2.588756680488586426e-01,1.341321229934692383e+00,8.511546850204467773e-01,1.157397180795669556e-01,-1.120703518390655518e-01,2.222484648227691650e-01,-1.000000000000000000e+00,2.588756680488586426e-01,1.000000000000000000e+00,0.000000000000000000e+00,0.000000000000000000e+00,0.000000000000000000e+00,0.000000000000000000e+00,1.000000000000000000e+00,0.000000000000000000e+00,9.451795841209829907e-03,5.890968534442982962e-01
3.327735490000000027e+02,6.020901203155517578e-01,8.887933194637298584e-02,-9.629842638969421387e-02,2.756115496158599854e-01,-1.387115478515625000e+00,2.870757877826690674e-01,1.349274635314941406e+00,8.010450601577758789e-01,8.887933194637298584e-02,-9.629842638969421387e-02,2.756115496158599854e-01,-1.000000000000000000e+00,2.870757877826690674e-01,1.000000000000000000e+00,0.000000000000000000e+00,0.000000000000000000e+00,0.000000000000000000e+00,0.000000000000000000e+00,1.000000000000000000e+00,0.000000000000000000e+00,9.451795841209829907e-03,5.919975229723678511e-01
3.327935489999999845e+02,4.363507330417633057e-01,7.525557279586791992e-02,-1.308909654617309570e-01,2.764390408992767334e-01,-1.373203992843627930e+00,2.602232992649078369e-01,1.336467623710632324e+00,7.181753516197204590e-01,7.525557279586791992e-02,-1.308909654617309570e-01,2.764390408992767334e-01,-1.000000000000000000e+00,2.602232992649078369e-01,1.000000000000000000e+00,0.000000000000000000e+00,0.000000000000000000e+00,0.000000000000000000e+00,0.000000000000000000e+00,1.000000000000000000e+00,0.000000000000000000e+00,9.451795841209829907e-03,5.925380487087745784e-01
3.328135489999999663e+02,3.905197679996490479e-01,7.103405892848968506e-02,-1.311464160680770874e-01,3.709186911582946777e-01,-1.369662284851074219e+00,2.514699101448059082e-01,1.358404278755187988e+00,6.952598690986633301e-01,7.103405892848968506e-02,-1.311464160680770874e-01,3.709186911582946777e-01,-1.000000000000000000e+00,2.514699101448059082e-01,1.000000000000000000e+00,0.000000000000000000e+00,0.000000000000000000e+00,0.000000000000000000e+00,0.000000000000000000e+00,1.000000000000000000e+00,0.000000000000000000e+00,9.451795841209829907e-03,5.935747222162115477e-01
3.328335489999999481e+02,4.189301729202270508e-01,7.477301359176635742e-02,-1.283355802297592163e-01,3.273591697216033936e-01,-1.356713533401489258e+00,2.628517448902130127e-01,1.340740561485290527e+00,7.094650864601135254e-01,7.477301359176635742e-02,-1.283355802297592163e-01,3.273591697216033936e-01,-1.000000000000000000e+00,2.628517448902130127e-01,1.000000000000000000e+00,0.000000000000000000e+00,0.000000000000000000e+00,0.000000000000000000e+00,0.000000000000000000e+00,1.000000000000000000e+00,0.000000000000000000e+00,9.451795841209829907e-03,5.971916623292068405e-01
3.328535489999999868e+02,5.762314200401306152e-01,8.634800463914871216e-02,-1.060452014207839966e-01,3.322407901287078857e-01,-1.400899648666381836e+00,2.451443523168563843e-01,1.357852935791015625e+00,7.881157398223876953e-01,8.634800463914871216e-02,-1.060452014207839966e-01,3.322407901287078857e-01,-1.000000000000000000e+00,2.451443523168563843e-01,1.000000000000000000e+00,0.000000000000000000e+00,0.000000000000000000e+00,0.000000000000000000e+00,0.000000000000000000e+00,1.000000000000000000e+00,0.000000000000000000e+00,9.451795841209829907e-03,5.964333675229853693e-01
3.328735489999999686e+02,6.317179799079895020e-01,8.833920955657958984e-02,-7.993423938751220703e-02,3.648473322391510010e-01,-1.416944622993469238e+00,2.478627413511276245e-01,1.364220380783081055e+00,8.158589601516723633e-01,8.833920955657958984e-02,-7.993423938751220703e-02,3.648473322391510010e-01,-1.000000000000000000e+00,2.478627413511276245e-01,1.000000000000000000e+00,0.000000000000000000e+00,0.000000000000000000e+00,0.000000000000000000e+00,0.000000000000000000e+00,1.000000000000000000e+00,0.000000000000000000e+00,9.451795841209829907e-03,5.978145533377544618e-01
3.328935489999999504e+02,6.463147997856140137e-01,9.116732329130172729e-02,-7.394854724407196045e-02,3.387959599494934082e-01,-1.387768268585205078e+00,2.491336315870285034e-01,1.335982918739318848e+00,8.231574296951293945e-01,9.116732329130172729e-02,-7.394854724407196045e-02,3.387959599494934082e-01,-1.000000000000000000e+00,2.491336315870285034e-01,1.000000000000000000e+00,0.000000000000000000e+00,0.000000000000000000e+00,0.000000000000000000e+00,0.000000000000000000e+00,1.000000000000000000e+00,0.000000000000000000e+00,9.451795841209829907e-03,5.983006447036616215e-01
3.329135489999999891e+02,6.132987737655639648e-01,8.508759737014770508e-02,-7.091614603996276855e-02,3.925796449184417725e-01,-1.424992084503173828e+00,2.402505874633789062e-01,1.357831001281738281e+00,8.066493868827819824e-01,8.508759737014770508e-02,-7.091614603996276855e-02,3.925796449184417725e-01,-1.000000000000000000e+00,2.402505874633789062e-01,1.000000000000000000e+00,0.000000000000000000e+00,0.000000000000000000e+00,0.000000000000000000e+00,0.000000000000000000e+00,1.000000000000000000e+00,0.000000000000000000e+00,9.451795841209829907e-03,5.996205219116397256e-01
3.329335489999999709e+02,4.793321788311004639e-01,7.552289962768554688e-02,-9.383200854063034058e-02,4.049472212791442871e-01,-1.397179603576660156e+00,2.404156625270843506e-01,1.350729584693908691e+00,7.396661043167114258e-01,7.552289962768554688e-02,-9.383200854063034058e-02,4.049472212791442871e-01,-1.000000000000000000e+00,2.404156625270843506e-01,1.000000000000000000e+00,0.000000000000000000e+00,0.000000000000000000e+00,0.000000000000000000e+00,0.000000000000000000e+00,1.000000000000000000e+00,0.000000000000000000e+00,9.451795841209829907e-03,6.022693083009194037e-01
3.329535489999999527e+02,3.501757681369781494e-01,5.951213836669921875e-02,-1.165629848837852478e-01,4.056354165077209473e-01,-1.370988249778747559e+00,2.453575134277343750e-01,1.359366416931152344e+00,6.750878691673278809e-01,5.951213836669921875e-02,-1.165629848837852478e-01,4.056354165077209473e-01,-1.000000000000000000e+00,2.453575134277343750e-01,1.000000000000000000e+00,0.000000000000000000e+00,0.000000000000000000e+00,0.000000000000000000e+00,0.000000000000000000e+00,1.000000000000000000e+00,0.000000000000000000e+00,9.451795841209829907e-03,6.059792869650780789e-01
3.329735489999999913e+02,4.437527656555175781e-01,6.215962022542953491e-02,-1.115890592336654663e-01,3.829807937145233154e-01,-1.422497630119323730e+00,2.283753454685211182e-01,1.374520778656005859e+00,7.218763828277587891e-01,6.215962022542953491e-02,-1.115890592336654663e-01,3.829807937145233154e-01,-1.000000000000000000e+00,2.283753454685211182e-01,1.000000000000000000e+00,0.000000000000000000e+00,0.000000000000000000e+00,0.000000000000000000e+00,0.000000000000000000e+00,1.000000000000000000e+00,0.000000000000000000e+00,9.451795841209829907e-03,6.087326976481904905e-01
3.329935489999999731e+02,4.945257306098937988e-01,7.214341312646865845e-02,-9.799361974000930786e-02,4.198785424232482910e-01,-1.444835901260375977e+00,2.301833480596542358e-01,1.383486390113830566e+00,7.472628355026245117e-01,7.214341312646865845e-02,-9.799361974000930786e-02,4.198785424232482910e-01,-1.000000000000000000e+00,2.301833480596542358e-01,1.000000000000000000e+00,0.000000000000000000e+00,0.000000000000000000e+00,0.000000000000000000e+00,0.000000000000000000e+00,1.000000000000000000e+00,0.000000000000000000e+00,9.451795841209829907e-03,6.124997992807343916e-01
3.330135489999999550e+02,4.244619607925415039e-01,8.081985265016555786e-02,-1.101818904280662537e-01,4.814746677875518799e-01,-1.446081757545471191e+00,2.210837602615356445e-01,1.397727847099304199e+00,7.122309803962707520e-01,8.081985265016555786e-02,-1.101818904280662537e-01,4.814746677875518799e-01,-1.000000000000000000e+00,2.210837602615356445e-01,1.000000000000000000e+00,0.000000000000000000e+00,0.000000000000000000e+00,0.000000000000000000e+00,0.000000000000000000e+00,1.000000000000000000e+00,0.000000000000000000e+00,9.451795841209829907e-03,6.125191413803307006e-01
3.330335489999999936e+02,4.585443139076232910e-01,7.527266442775726318e-02,-4.749803990125656128e-02,4.862326085567474365e-01,-1.450192093849182129e+00,2.311331927776336670e-01,1.388558387756347656e+00,7.292721271514892578e-01,7.527266442775726318e-02,-4.749803990125656128e-02,4.862326085567474365e-01,-1.000000000000000000e+00,2.311331927776336670e-01,1.000000000000000000e+00,0.000000000000000000e+00,0.000000000000000000e+00,0.000000000000000000e+00,0.000000000000000000e+00,1.000000000000000000e+00,0.000000000000000000e+00,1.134215500945179658e-02,6.327030952525162233e-01
3.330535489999999754e+02,2.389842122793197632e-01,-4.268083721399307251e-02,-2.683809995651245117e-01,3.961725831031799316e-01,-1.330451726913452148e+00,2.087777853012084961e-01,1.356622099876403809e+00,6.194921135902404785e-01,-4.268083721399307251e-02,-2.683809995651245117e-01,3.961725831031799316e-01,-1.000000000000000000e+00,2.087777853012084961e-01,1.000000000000000000e+00,0.000000000000000000e+00,0.000000000000000000e+00,0.000000000000000000e+00,0.000000000000000000e+00,1.000000000000000000e+00,0.000000000000000000e+00,1.134215500945179658e-02,6.531489234114958853e-01
3.330735489999999572e+02,2.186027020215988159e-01,-3.001823648810386658e-02,-2.177505642175674438e-01,4.530232548713684082e-01,-1.369529604911804199e+00,2.142533212900161743e-01,1.394734382629394531e+00,6.093013286590576172e-01,-3.001823648810386658e-02,-2.177505642175674438e-01,4.530232548713684082e-01,-1.000000000000000000e+00,2.142533212900161743e-01,1.000000000000000000e+00,0.000000000000000000e+00,0.000000000000000000e+00,0.000000000000000000e+00,0.000000000000000000e+00,1.000000000000000000e+00,0.000000000000000000e+00,1.323251417769376152e-02,6.633142184151820109e-01
3.330935489999999959e+02,3.341164290904998779e-01,4.868268221616744995e-02,-1.030695661902427673e-01,5.234506130218505859e-01,-1.470468163490295410e+00,2.128047347068786621e-01,1.380772948265075684e+00,6.670582294464111328e-01,4.868268221616744995e-02,-1.030695661902427673e-01,5.234506130218505859e-01,-1.000000000000000000e+00,2.128047347068786621e-01,1.000000000000000000e+00,0.000000000000000000e+00,0.000000000000000000e+00,0.000000000000000000e+00,0.000000000000000000e+00,1.000000000000000000e+00,0.000000000000000000e+00,1.323251417769376152e-02,6.725394628820811072e-01
3.331135489999999777e+02,3.844317793846130371e-01,5.819268897175788879e-02,-5.095981061458587646e-02,5.996020436286926270e-01,-1.438582181930541992e+00,2.120651751756668091e-01,1.371812701225280762e+00,6.922159194946289062e-01,5.819268897175788879e-02,-5.095981061458587646e-02,5.996020436286926270e-01,-1.000000000000000000e+00,2.120651751756668091e-01,1.000000000000000000e+00,0.000000000000000000e+00,0.000000000000000000e+00,0.000000000000000000e+00,0.000000000000000000e+00,1.000000000000000000e+00,0.000000000000000000e+00,1.512287334593572820e-02,6.875888113619734732e-01
3.331335489999999595e+02,4.202615022659301758e-01,1.378224045038223267e-01,1.436420623213052750e-02,5.501530170440673828e-01,-1.407736539840698242e+00,2.078343629837036133e-01,1.382929325103759766e+00,7.101307511329650879e-01,1.378224045038223267e-01,1.436420623213052750e-02,5.501530170440673828e-01,-1.000000000000000000e+00,2.078343629837036133e-01,1.000000000000000000e+00,0.000000000000000000e+00,0.000000000000000000e+00,0.000000000000000000e+00,0.000000000000000000e+00,1.000000000000000000e+00,0.000000000000000000e+00,1.890359168241965981e-02,7.070320217438612609e-01
3.331535489999999982e+02,2.496589571237564087e-01,-5.311693064868450165e-03,-3.077642917633056641e-01,3.785265386104583740e-01,-1.364352941513061523e+00,2.273534089326858521e-01,1.289191484451293945e+00,6.248294711112976074e-01,-5.311693064868450165e-03,-3.077642917633056641e-01,3.785265386104583740e-01,-1.000000000000000000e+00,2.273534089326858521e-01,1.000000000000000000e+00,0.000000000000000000e+00,0.000000000000000000e+00,0.000000000000000000e+00,0.000000000000000000e+00,1.000000000000000000e+00,0.000000000000000000e+00,2.457466918714555637e-02,7.394402384816974871e-01
3.331735489999999800e+02,3.293766379356384277e-01,-7.427644729614257812e-02,-4.790467917919158936e-01,1.937043219804763794e-01,-1.282685756683349609e+00,2.214681357145309448e-01,1.231952190399169922e+00,6.646883487701416016e-01,-7.427644729614257812e-02,-4.790467917919158936e-01,1.937043219804763794e-01,-1.000000000000000000e+00,2.214681357145309448e-01,1.000000000000000000e+00,0.000000000000000000e+00,0.000000000000000000e+00,0.000000000000000000e+00,0.000000000000000000e+00,1.000000000000000000e+00,0.000000000000000000e+00,2.835538752362948972e-02,7.660057101488703113e-01
3.331935489999999618e+02,3.358866274356842041e-01,-2.441298589110374451e-02,-3.820210993289947510e-01,3.260208070278167725e-01,-1.389859318733215332e+00,2.250084429979324341e-01,1.259250640869140625e+00,6.679432988166809082e-01,-2.441298589110374451e-02,-3.820210993289947510e-01,3.260208070278167725e-01,-1.000000000000000000e+00,2.250084429979324341e-01,1.000000000000000000e+00,0.000000000000000000e+00,0.000000000000000000e+00,0.000000000000000000e+00,0.000000000000000000e+00,1.000000000000000000e+00,0.000000000000000000e+00,2.835538752362948972e-02,7.819423575066313248e-01
3.332135490000000004e+02,3.356491327285766602e-01,5.361350998282432556e-02,-1.224237382411956787e-01,5.936489701271057129e-01,-1.459213852882385254e+00,2.034637778997421265e-01,1.354071259498596191e+00,6.678245663642883301e-01,5.361350998282432556e-02,-1.224237382411956787e-01,5.936489701271057129e-01,-1.000000000000000000e+00,2.034637778997421265e-01,1.000000000000000000e+00,0.000000000000000000e+00,0.000000000000000000e+00,0.000000000000000000e+00,0.000000000000000000e+00,1.000000000000000000e+00,0.000000000000000000e+00,3.024574669187145640e-02,7.913222898965959207e-01
3.332335489999999822e+02,4.580677449703216553e-01,7.727090269327163696e-02,-2.144284732639789581e-02,6.178728342056274414e-01,-1.470268368721008301e+00,2.200331538915634155e-01,1.361722111701965332e+00,7.290338873863220215e-01,7.727090269327163696e-02,-2.144284732639789581e-02,6.178728342056274414e-01,-1.000000000000000000e+00,2.200331538915634155e-01,1.000000000000000000e+00,0.000000000000000000e+00,0.000000000000000000e+00,0.000000000000000000e+00,0.000000000000000000e+00,1.000000000000000000e+00,0.000000000000000000e+00,3.024574669187145640e-02,7.950358259623137025e-01
3.332535489999999641e+02,4.924526512622833252e-01,1.381583511829376221e-01,3.376145288348197937e-02,5.425533652305603027e-01,-1.454736113548278809e+00,2.068224400281906128e-01,1.395156860351562500e+00,7.462263107299804688e-01,1.381583511829376221e-01,3.376145288348197937e-02,5.425533652305603027e-01,-1.000000000000000000e+00,2.068224400281906128e-01,1.000000000000000000e+00,0.000000000000000000e+00,0.000000000000000000e+00,0.000000000000000000e+00,0.000000000000000000e+00,1.000000000000000000e+00,0.000000000000000000e+00,3.024574669187145640e-02,8.010945587999961370e-01
3.332735490000000027e+02,4.218873083591461182e-01,2.035295665264129639e-01,7.512847334146499634e-02,4.700825512409210205e-01,-1.347517848014831543e+00,2.079541981220245361e-01,1.412093639373779297e+00,7.109436392784118652e-01,2.035295665264129639e-01,7.512847334146499634e-02,4.700825512409210205e-01,-1.000000000000000000e+00,2.079541981220245361e-01,1.000000000000000000e+00,0.000000000000000000e+00,0.000000000000000000e+00,0.000000000000000000e+00,0.000000000000000000e+00,1.000000000000000000e+00,0.000000000000000000e+00,3.024574669187145640e-02,8.064278693679832744e-01
3.332935489999999845e+02,5.009844303131103516e-01,2.112980782985687256e-01,1.014842316508293152e-01,3.976388871669769287e-01,-1.375173807144165039e+00,2.101797014474868774e-01,1.388166308403015137e+00,7.504922151565551758e-01,2.112980782985687256e-01,1.014842316508293152e-01,3.976388871669769287e-01,-1.000000000000000000e+00,2.101797014474868774e-01,1.000000000000000000e+00,0.000000000000000000e+00,0.000000000000000000e+00,0.000000000000000000e+00,0.000000000000000000e+00,1.000000000000000000e+00,0.000000000000000000e+00,3.024574669187145640e-02,8.156897680556586261e-01
3.333135489999999663e+02,4.530543088912963867e-01,1.789683699607849121e-01,1.345219165086746216e-01,3.977624773979187012e-01,-1.302462816238403320e+00,2.653055489063262939e-01,1.466565608978271484e+00,7.265271544456481934e-01,1.789683699607849121e-01,1.345219165086746216e-01,3.977624773979187012e-01,-1.000000000000000000e+00,2.653055489063262939e-01,1.000000000000000000e+00,0.000000000000000000e+00,0.000000000000000000e+00,0.000000000000000000e+00,0.000000000000000000e+00,1.000000000000000000e+00,0.000000000000000000e+00,3.024574669187145640e-02,8.276228243331996692e-01
3.333335489999999481e+02,4.893319010734558105e-01,1.725554764270782471e-01,1.187529861927032471e-01,2.972303926944732666e-01,-1.312534332275390625e+00,2.763278186321258545e-01,1.437977790832519531e+00,7.446659803390502930e-01,1.725554764270782471e-01,1.187529861927032471e-01,2.972303926944732666e-01,-1.000000000000000000e+00,2.763278186321258545e-01,1.000000000000000000e+00,0.000000000000000000e+00,0.000000000000000000e+00,0.000000000000000000e+00,0.000000000000000000e+00,1.000000000000000000e+00,0.000000000000000000e+00,3.024574669187145640e-02,8.397624041336794187e-01
3.333535489999999868e+02,5.468925833702087402e-01,1.613360792398452759e-01,1.116165295243263245e-01,1.201951205730438232e-01,-1.284000635147094727e+00,3.428857028484344482e-01,1.451758742332458496e+00,7.734463214874267578e-01,1.613360792398452759e-01,1.116165295243263245e-01,1.201951205730438232e-01,-1.000000000000000000e+00,3.428857028484344482e-01,1.000000000000000000e+00,0.000000000000000000e+00,0.000000000000000000e+00,0.000000000000000000e+00,0.000000000000000000e+00,1.000000000000000000e+00,0.000000000000000000e+00,2.835538752362948972e-02,8.250909366196240713e-01
3.333735489999999686e+02,5.677800774574279785e-01,1.697129309177398682e-01,1.160167604684829712e-01,1.228692661970853806e-02,-1.282392621040344238e+00,3.353998363018035889e-01,1.429500102996826172e+00,7.838900089263916016e-01,1.697129309177398682e-01,1.160167604684829712e-01,1.228692661970853806e-02,-1.000000000000000000e+00,3.353998363018035889e-01,1.000000000000000000e+00,0.000000000000000000e+00,0.000000000000000000e+00,0.000000000000000000e+00,0.000000000000000000e+00,1.000000000000000000e+00,0.000000000000000000e+00,2.835538752362948972e-02,8.239411337920565792e-01
3.333935489999999504e+02,5.655645132064819336e-01,1.392748504877090454e-01,1.021584421396255493e-01,9.082580916583538055e-03,-1.274539470672607422e+00,3.169245719909667969e-01,1.408727407455444336e+00,7.827822566032409668e-01,1.392748504877090454e-01,1.021584421396255493e-01,9.082580916583538055e-03,-1.000000000000000000e+00,3.169245719909667969e-01,1.000000000000000000e+00,0.000000000000000000e+00,0.000000000000000000e+00,0.000000000000000000e+00,0.000000000000000000e+00,1.000000000000000000e+00,0.000000000000000000e+00,2.457466918714555637e-02,8.298994715264841338e-01
3.334135489999999891e+02,5.682842135429382324e-01,1.466131806373596191e-01,1.402380615472793579e-01,2.180380001664161682e-02,-1.224994301795959473e+00,3.396383225917816162e-01,1.430612802505493164e+00,7.841421365737915039e-01,1.466131806373596191e-01,1.402380615472793579e-01,2.180380001664161682e-02,-1.000000000000000000e+00,3.396383225917816162e-01,1.000000000000000000e+00,0.000000000000000000e+00,0.000000000000000000e+00,0.000000000000000000e+00,0.000000000000000000e+00,1.000000000000000000e+00,0.000000000000000000e+00,2.457466918714555637e-02,8.387634050076303582e-01
3.334335489999999709e+02,7.161791920661926270e-01,1.038176193833351135e-01,1.600136309862136841e-01,1.040520146489143372e-02,-1.254020333290100098e+00,2.992881536483764648e-01,1.414430737495422363e+00,8.580895662307739258e-01,1.038176193833351135e-01,1.600136309862136841e-01,1.040520146489143372e-02,-1.000000000000000000e+00,2.992881536483764648e-01,1.000000000000000000e+00,0.000000000000000000e+00,0.000000000000000000e+00,0.000000000000000000e+00,0.000000000000000000e+00,1.000000000000000000e+00,0.000000000000000000e+00,2.457466918714555637e-02,8.561257887081906714e-01
3.334535489999999527e+02,8.327053189277648926e-01,1.034533232450485229e-01,1.341308206319808960e-01,-1.180806756019592285e-02,-1.306749105453491211e+00,3.431296646595001221e-01,1.447312831878662109e+00,9.163526296615600586e-01,1.034533232450485229e-01,1.341308206319808960e-01,-1.180806756019592285e-02,-1.000000000000000000e+00,3.431296646595001221e-01,1.000000000000000000e+00,0.000000000000000000e+00,0.000000000000000000e+00,0.000000000000000000e+00,0.000000000000000000e+00,1.000000000000000000e+00,0.000000000000000000e+00,1.701323251417769314e-02,8.469136509035737337e-01
3.334735489999999913e+02,9.071924686431884766e-01,1.405824422836303711e-01,9.842206537723541260e-02,-1.261006202548742294e-02,-1.362175345420837402e+00,3.744939565658569336e-01,1.456780076026916504e+00,9.535962343215942383e-01,1.405824422836303711e-01,9.842206537723541260e-02,-1.261006202548742294e-02,-1.000000000000000000e+00,3.744939565658569336e-01,1.000000000000000000e+00,0.000000000000000000e+00,0.000000000000000000e+00,0.000000000000000000e+00,0.000000000000000000e+00,1.000000000000000000e+00,0.000000000000000000e+00,1.323251417769376152e-02,8.487111329815077987e-01
3.334935489999999731e+02,9.020093083381652832e-01,1.476602852344512939e-01,9.713037312030792236e-02,-1.349443104118108749e-02,-1.386096000671386719e+00,4.048296809196472168e-01,1.482419848442077637e+00,9.510046243667602539e-01,1.476602852344512939e-01,9.713037312030792236e-02,-1.349443104118108749e-02,-1.000000000000000000e+00,4.048296809196472168e-01,1.000000000000000000e+00,0.000000000000000000e+00,0.000000000000000000e+00,0.000000000000000000e+00,0.000000000000000000e+00,1.000000000000000000e+00,0.000000000000000000e+00,1.323251417769376152e-02,8.712647888845919120e-01
3.335135489999999550e+02,9.015272855758666992e-01,1.740204244852066040e-01,8.302115648984909058e-02,5.883254110813140869e-03,-1.367788434028625488e+00,4.117176234722137451e-01,1.465427279472351074e+00,9.507636427879333496e-01,1.740204244852066040e-01,8.302115648984909058e-02,5.883254110813140869e-03,-1.000000000000000000e+00,4.117176234722137451e-01,1.000000000000000000e+00,0.000000000000000000e+00,0.000000000000000000e+00,0.000000000000000000e+00,0.000000000000000000e+00,1.000000000000000000e+00,0.000000000000000000e+00,1.134215500945179658e-02,8.980286899735840933e-01
3.335335489999999936e+02,9.646678566932678223e-01,2.025733590126037598e-01,2.634774520993232727e-02,3.095227852463722229e-02,-1.425660490989685059e+00,4.089558124542236328e-01,1.439928650856018066e+00,9.823338985443115234e-01,2.025733590126037598e-01,2.634774520993232727e-02,3.095227852463722229e-02,-1.000000000000000000e+00,4.089558124542236328e-01,1.000000000000000000e+00,0.000000000000000000e+00,0.000000000000000000e+00,0.000000000000000000e+00,0.000000000000000000e+00,1.000000000000000000e+00,0.000000000000000000e+00,1.134215500945179658e-02,9.317526148619664772e-01
3.335535489999999754e+02,9.244600534439086914e-01,1.532450467348098755e-01,-6.871036440134048462e-02,5.018476024270057678e-02,-1.405811905860900879e+00,5.100274682044982910e-01,1.407626271247863770e+00,9.622300267219543457e-01,1.532450467348098755e-01,-6.871036440134048462e-02,5.018476024270057678e-02,-1.000000000000000000e+00,5.100274682044982910e-01,1.000000000000000000e+00,8.769749402999877930e-01,7.187985181808471680e-01,8.746013045310974121e-01,9.442704916000366211e-01,2.000000000000000000e+00,1.000000000000000000e+00,1.134215500945179658e-02,9.594284353673321331e-01
3.335735489999999572e+02,8.486814498901367188e-01,1.790464818477630615e-01,-8.879354596138000488e-02,5.112102627754211426e-02,-1.357871890068054199e+00,4.419618844985961914e-01,1.363794684410095215e+00,9.243407249450683594e-01,1.790464818477630615e-01,-8.879354596138000488e-02,5.112102627754211426e-02,-1.000000000000000000e+00,4.419618844985961914e-01,1.000000000000000000e+00,8.854920268058776855e-01,7.359588146209716797e-01,8.671418428421020508e-01,9.513620734214782715e-01,2.000000000000000000e+00,1.000000000000000000e+00,1.323251417769376152e-02,9.985514068640473084e-01
3.335935489999999959e+02,8.172758817672729492e-01,1.849806308746337891e-01,-1.225082948803901672e-01,5.269676446914672852e-02,-1.306674957275390625e+00,3.847093582153320312e-01,1.281663179397583008e+00,9.086379408836364746e-01,1.849806308746337891e-01,-1.225082948803901672e-01,5.269676446914672852e-02,-1.000000000000000000e+00,3.847093582153320312e-01,1.000000000000000000e+00,8.890593051910400391e-01,7.506046295166015625e-01,8.562110066413879395e-01,9.575512409210205078e-01,2.000000000000000000e+00,1.000000000000000000e+00,1.323251417769376152e-02,1.033797470686073305e+00
3.336135489999999777e+02,7.596244215965270996e-01,2.016798704862594604e-01,-1.746029555797576904e-01,4.796496778726577759e-02,-1.246072649955749512e+00,2.503768801689147949e-01,1.194966554641723633e+00,8.798122406005859375e-01,2.016798704862594604e-01,-1.746029555797576904e-01,4.796496778726577759e-02,-1.000000000000000000e+00,2.503768801689147949e-01,1.000000000000000000e+00,8.865535855293273926e-01,7.622717618942260742e-01,8.383250236511230469e-01,9.629528522491455078e-01,2.000000000000000000e+00,1.000000000000000000e+00,1.323251417769376152e-02,1.073735357792706457e+00
3.336335489999999595e+02,6.948336362838745117e-01,1.873432546854019165e-01,-2.293529212474822998e-01,4.455177113413810730e-02,-1.177729606628417969e+00,1.631029695272445679e-01,1.170976519584655762e+00,8.474168181419372559e-01,1.873432546854019165e-01,-2.293529212474822998e-01,4.455177113413810730e-02,-1.000000000000000000e+00,1.631029695272445679e-01,1.000000000000000000e+00,8.760659098625183105e-01,7.729447484016418457e-01,8.158042430877685547e-01,9.676671028137207031e-01,2.000000000000000000e+00,1.000000000000000000e+00,1.323251417769376152e-02,1.113572746066543662e+00
3.336535489999999982e+02,8.039741516113281250e-01,2.069987505674362183e-01,-1.808880865573883057e-01,3.158405795693397522e-02,-1.183017373085021973e+00,1.725479811429977417e-01,1.179900407791137695e+00,9.019870758056640625e-01,2.069987505674362183e-01,-1.808880865573883057e-01,3.158405795693397522e-02,-1.000000000000000000e+00,1.725479811429977417e-01,1.000000000000000000e+00,8.790161013603210449e-01,7.856945395469665527e-01,8.041012287139892578e-01,9.717814922332763672e-01,2.000000000000000000e+00,1.000000000000000000e+00,1.323251417769376152e-02,1.150797919414087822e+00
3.336735489999999800e+02,7.023334503173828125e-01,2.686658501625061035e-01,-2.158059626817703247e-01,6.342329829931259155e-02,-1.075714945793151855e+00,1.296864449977874756e-01,1.128535628318786621e+00,8.511667251586914062e-01,2.686658501625061035e-01,-2.158059626817703247e-01,6.342329829931259155e-02,-1.000000000000000000e+00,1.296864449977874756e-01,1.000000000000000000e+00,8.748001456260681152e-01,7.866273522377014160e-01,7.833010554313659668e-01,9.753723144531250000e-01,2.000000000000000000e+00,1.000000000000000000e+00,1.323251417769376152e-02,1.192596454973684494e+00
3.336935489999999618e+02,7.109574079513549805e-01,2.519436180591583252e-01,-2.663762569427490234e-01,8.034201711416244507e-02,-9.840378761291503906e-01,8.161561191082000732e-02,1.074262857437133789e+00,8.554787039756774902e-01,2.519436180591583252e-01,-2.663762569427490234e-01,8.034201711416244507e-02,-9.840378761291503906e-01,8.161561191082000732e-02,1.000000000000000000e+00,8.663114309310913086e-01,7.911952137947082520e-01,7.646192312240600586e-01,9.785062074661254883e-01,2.000000000000000000e+00,1.000000000000000000e+00,1.323251417769376152e-02,1.230042611897651961e+00
3.337135490000000004e+02,6.231183409690856934e-01,2.982707619667053223e-01,-2.377180606126785278e-01,7.800507545471191406e-02,-9.685924649238586426e-01,1.181698888540267944e-01,1.084590315818786621e+00,8.115592002868652344e-01,2.982707619667053223e-01,-2.377180606126785278e-01,7.800507545471191406e-02,-9.685924649238586426e-01,1.181698888540267944e-01,1.000000000000000000e+00,8.582337498664855957e-01,7.849707603454589844e-01,7.414530515670776367e-01,9.812412858009338379e-01,2.000000000000000000e+00,1.000000000000000000e+00,1.323251417769376152e-02,1.269804248130737889e+00
3.337335489999999822e+02,5.716294050216674805e-01,3.272607326507568359e-01,-2.458445131778717041e-01,8.780369162559509277e-02,-9.222069382667541504e-01,1.157820224761962891e-01,1.060137271881103516e+00,7.858147025108337402e-01,3.272607326507568359e-01,-2.458445131778717041e-01,8.780369162559509277e-02,-9.222069382667541504e-01,1.157820224761962891e-01,1.000000000000000000e+00,8.486119508743286133e-01,7.743115425109863281e-01,7.162207365036010742e-01,9.836283326148986816e-01,2.000000000000000000e+00,1.000000000000000000e+00,1.134215500945179658e-02,1.305822954111786727e+00
3.337535489999999641e+02,5.680730342864990234e-01,3.221437335014343262e-01,-2.797161638736724854e-01,1.031955033540725708e-01,-8.335013389587402344e-01,7.682646811008453369e-02,1.006795883178710938e+00,7.840365171432495117e-01,3.221437335014343262e-01,-2.797161638736724854e-01,1.031955033540725708e-01,-8.335013389587402344e-01,7.682646811008453369e-02,1.000000000000000000e+00,8.365283608436584473e-01,7.662837505340576172e-01,6.931226849555969238e-01,9.857116341590881348e-01,2.000000000000000000e+00,1.000000000000000000e+00,9.451795841209829907e-03,1.342252454182465859e+00
3.337735490000000027e+02,4.916192889213562012e-01,3.671412467956542969e-01,-2.563316226005554199e-01,9.845890104770660400e-02,-8.550257086753845215e-01,1.177457123994827271e-01,1.027485251426696777e+00,7.458096742630004883e-01,3.671412467956542969e-01,-2.563316226005554199e-01,9.845890104770660400e-02,-8.550257086753845215e-01,1.177457123994827271e-01,1.000000000000000000e+00,8.257701992988586426e-01,7.503637075424194336e-01,6.664230823516845703e-01,9.875298142433166504e-01,2.000000000000000000e+00,1.000000000000000000e+00,1.134215500945179658e-02,1.376502287490007248e+00
3.337935489999999845e+02,4.378077089786529541e-01,3.761316537857055664e-01,-2.030185312032699585e-01,7.959844172000885010e-02,-8.738383054733276367e-01,1.555894315242767334e-01,1.052248835563659668e+00,7.189038395881652832e-01,3.761316537857055664e-01,-2.030185312032699585e-01,7.959844172000885010e-02,-8.738383054733276367e-01,1.555894315242767334e-01,1.000000000000000000e+00,8.181213140487670898e-01,7.302816510200500488e-01,6.413172483444213867e-01,9.891166687011718750e-01,2.000000000000000000e+00,1.000000000000000000e+00,1.890359168241965981e-02,1.404274747972008353e+00
3.338135489999999663e+02,3.977468013763427734e-01,4.008480906486511230e-01,-1.841318458318710327e-01,7.729614526033401489e-02,-8.902965784072875977e-01,1.648372858762741089e-01,1.070171236991882324e+00,6.988734006881713867e-01,4.008480906486511230e-01,-1.841318458318710327e-01,7.729614526033401489e-02,-8.902965784072875977e-01,1.648372858762741089e-01,1.000000000000000000e+00,8.118176460266113281e-01,7.075784206390380859e-01,6.163398027420043945e-01,9.905015826225280762e-01,2.000000000000000000e+00,1.000000000000000000e+00,2.646502835538752305e-02,1.438895290976302643e+00
3.338335489999999481e+02,4.517116248607635498e-01,3.747850060462951660e-01,-1.665662229061126709e-01,6.482876837253570557e-02,-9.243650436401367188e-01,1.699915230274200439e-01,1.095512390136718750e+00,7.258558273315429688e-01,3.747850060462951660e-01,-1.665662229061126709e-01,6.482876837253570557e-02,-9.243650436401367188e-01,1.699915230274200439e-01,1.000000000000000000e+00,8.100021481513977051e-01,6.925315260887145996e-01,5.999569892883300781e-01,9.917102456092834473e-01,2.000000000000000000e+00,1.000000000000000000e+00,3.402646502835538628e-02,1.467728601300602120e+00
3.338535489999999868e+02,4.664353132247924805e-01,3.669370412826538086e-01,-1.286161690950393677e-01,4.986819997429847717e-02,-9.776639342308044434e-01,1.772237271070480347e-01,1.152778506278991699e+00,7.332176566123962402e-01,3.669370412826538086e-01,-1.286161690950393677e-01,4.986819997429847717e-02,-9.776639342308044434e-01,1.772237271070480347e-01,1.000000000000000000e+00,8.122215867042541504e-01,6.793727874755859375e-01,5.885576605796813965e-01,9.927651286125183105e-01,2.000000000000000000e+00,1.000000000000000000e+00,4.158790170132325298e-02,1.492558091276890098e+00
3.338735489999999686e+02,4.620450735092163086e-01,4.019457697868347168e-01,-1.133288592100143433e-01,4.645918309688568115e-02,-1.024241447448730469e+00,1.694606244564056396e-01,1.197653412818908691e+00,7.310225367546081543e-01,4.019457697868347168e-01,-1.133288592100143433e-01,4.645918309688568115e-02,-1.000000000000000000e+00,1.694606244564056396e-01,1.000000000000000000e+00,8.172963261604309082e-01,6.646259427070617676e-01,5.768579244613647461e-01,9.936857819557189941e-01,2.000000000000000000e+00,1.000000000000000000e+00,4.914933837429111274e-02,1.511872981073394406e+00
3.338935489999999504e+02,4.414033889770507812e-01,3.990996479988098145e-01,-1.039999872446060181e-01,4.773406684398651123e-02,-1.017396807670593262e+00,1.798214167356491089e-01,1.185784339904785156e+00,7.207016944885253906e-01,3.990996479988098145e-01,-1.039999872446060181e-01,4.773406684398651123e-02,-1.000000000000000000e+00,1.798214167356491089e-01,1.000000000000000000e+00,8.207433223724365234e-01,6.499487161636352539e-01,5.661894083023071289e-01,9.939953088760375977e-01,2.000000000000000000e+00,1.000000000000000000e+00,5.860113421550094265e-02,1.529708805731467169e+00
3.339135489999999891e+02,4.844835698604583740e-01,3.778466582298278809e-01,-8.504450321197509766e-02,3.559738397598266602e-02,-1.067055463790893555e+00,1.790402233600616455e-01,1.232570290565490723e+00,7.422417998313903809e-01,3.778466582298278809e-01,-8.504450321197509766e-02,3.559738397598266602e-02,-1.000000000000000000e+00,1.790402233600616455e-01,1.000000000000000000e+00,8.271186351776123047e-01,6.407985687255859375e-01,5.614054799079895020e-01,9.936759471893310547e-01,2.000000000000000000e+00,1.000000000000000000e+00,6.805293005671077256e-02,1.546529499497658389e+00
3.339335489999999709e+02,5.048208832740783691e-01,3.613716661930084229e-01,-7.674128562211990356e-02,3.050814010202884674e-02,-1.089778423309326172e+00,1.744458973407745361e-01,1.247520685195922852e+00,7.524104118347167969e-01,3.613716661930084229e-01,-7.674128562211990356e-02,3.050814010202884674e-02,-1.000000000000000000e+00,1.744458973407745361e-01,1.000000000000000000e+00,8.337805271148681641e-01,6.349505186080932617e-01,5.597769618034362793e-01,9.927908778190612793e-01,2.000000000000000000e+00,1.000000000000000000e+00,7.939508506616256567e-02,1.559871892935804416e+00
3.339535489999999527e+02,5.468142628669738770e-01,3.553272783756256104e-01,-6.427875161170959473e-02,2.505813166499137878e-02,-1.145168066024780273e+00,1.714031398296356201e-01,1.285364151000976562e+00,7.734071016311645508e-01,3.553272783756256104e-01,-6.427875161170959473e-02,2.505813166499137878e-02,-1.000000000000000000e+00,1.714031398296356201e-01,1.000000000000000000e+00,8.430216908454895020e-01,6.324568390846252441e-01,5.618582963943481445e-01,9.931660294532775879e-01,2.000000000000000000e+00,1.000000000000000000e+00,8.884688090737240251e-02,1.575709127000949117e+00
3.339735489999999913e+02,6.737582087516784668e-01,3.069555461406707764e-01,-6.012371182441711426e-02,1.337469648569822311e-02,-1.227970242500305176e+00,1.707872450351715088e-01,1.323283195495605469e+00,8.368791341781616211e-01,3.069555461406707764e-01,-6.012371182441711426e-02,1.337469648569822311e-02,-1.000000000000000000e+00,1.707872450351715088e-01,1.000000000000000000e+00,8.570938110351562500e-01,6.419138908386230469e-01,5.743502378463745117e-01,9.940356612205505371e-01,2.000000000000000000e+00,1.000000000000000000e+00,1.001890359168241956e-01,1.582364227774136101e+00
3.339935489999999731e+02,7.157810926437377930e-01,2.871932685375213623e-01,-6.445952504873275757e-02,8.515090681612491608e-03,-1.239728331565856934e+00,1.746746301651000977e-01,1.327289223670959473e+00,8.578905463218688965e-01,2.871932685375213623e-01,-6.445952504873275757e-02,8.515090681612491608e-03,-1.000000000000000000e+00,1.746746301651000977e-01,1.000000000000000000e+00,8.708248734474182129e-01,6.546837091445922852e-01,5.885986089706420898e-01,9.947946071624755859e-01,2.000000000000000000e+00,1.000000000000000000e+00,1.096408317580340325e-01,1.601267896893317166e+00
3.340135489999999550e+02,7.784852385520935059e-01,2.597006559371948242e-01,-5.759327858686447144e-02,-6.427440326660871506e-03,-1.273970603942871094e+00,1.752670556306838989e-01,1.364640116691589355e+00,8.892426490783691406e-01,2.597006559371948242e-01,-5.759327858686447144e-02,-6.427440326660871506e-03,-1.000000000000000000e+00,1.752670556306838989e-01,1.000000000000000000e+00,8.864365220069885254e-01,6.720812320709228516e-01,6.062588095664978027e-01,9.954569935798645020e-01,2.000000000000000000e+00,1.000000000000000000e+00,1.190926275992438554e-01,1.611733725604683087e+00
3.340335489999999936e+02,8.594353199005126953e-01,2.349707633256912231e-01,-5.888786166906356812e-02,-1.412051636725664139e-02,-1.308987498283386230e+00,1.833533197641372681e-01,1.375628709793090820e+00,9.297176599502563477e-01,2.349707633256912231e-01,-5.888786166906356812e-02,-1.412051636725664139e-02,-1.000000000000000000e+00,1.833533197641372681e-01,1.000000000000000000e+00,9.008874893188476562e-01,6.945606470108032227e-01,6.278238296508789062e-01,9.960350990295410156e-01,2.000000000000000000e+00,1.000000000000000000e+00,1.285444234404536923e-01,1.629128810932632510e+00
3.340535489999999754e+02,9.139361381530761719e-01,1.968117952346801758e-01,-6.744784116744995117e-02,-3.339065611362457275e-02,-1.287336826324462891e+00,1.973364949226379395e-01,1.381470084190368652e+00,9.569680690765380859e-01,1.968117952346801758e-01,-6.744784116744995117e-02,-3.339065611362457275e-02,-1.000000000000000000e+00,1.973364949226379395e-01,1.000000000000000000e+00,9.134995937347412109e-01,7.218457460403442383e-01,6.507694125175476074e-01,9.965396523475646973e-01,2.000000000000000000e+00,1.000000000000000000e+00,1.398865784499054854e-01,1.646433747770106759e+00
3.340735489999999572e+02,1.027860403060913086e+00,1.408869475126266479e-01,-9.736908972263336182e-02,-5.192395672202110291e-02,-1.297103643417358398e+00,2.025154232978820801e-01,1.376481056213378906e+00,1.000000000000000000e+00,1.408869475126266479e-01,-9.736908972263336182e-02,-5.192395672202110291e-02,-1.000000000000000000e+00,2.025154232978820801e-01,1.000000000000000000e+00,9.245067834854125977e-01,7.572409510612487793e-01,6.767463684082031250e-01,9.969800114631652832e-01,2.000000000000000000e+00,1.000000000000000000e+00,1.493383742911153222e-01,1.661891092328939612e+00
3.340935489999999959e+02,8.393045067787170410e-01,1.050113365054130554e-01,-1.323149651288986206e-01,-5.308436602354049683e-02,-1.301018953323364258e+00,1.686380505561828613e-01,1.399355292320251465e+00,9.196522235870361328e-01,1.050113365054130554e-01,-1.323149651288986206e-01,-5.308436602354049683e-02,-1.000000000000000000e+00,1.686380505561828613e-01,1.000000000000000000e+00,9.255293607711791992e-01,7.830224633216857910e-01,6.891787648200988770e-01,9.973642826080322266e-01,2.000000000000000000e+00,1.000000000000000000e+00,1.531190926275992348e-01,1.677533222765566379e+00
3.341135489999999777e+02,6.422244906425476074e-01,4.926103726029396057e-02,-1.812760829925537109e-01,-6.484341621398925781e-02,-1.299967288970947266e+00,1.110788211226463318e-01,1.412175536155700684e+00,8.211122751235961914e-01,4.926103726029396057e-02,-1.812760829925537109e-01,-6.484341621398925781e-02,-1.000000000000000000e+00,1.110788211226463318e-01,1.000000000000000000e+00,9.079684615135192871e-01,8.003945350646972656e-01,6.871736645698547363e-01,9.854784607887268066e-01,2.000000000000000000e+00,1.000000000000000000e+00,1.587901701323251313e-01,1.692677354105192711e+00
3.341335489999999595e+02,5.486460328102111816e-01,2.543216943740844727e-02,-2.070008367300033569e-01,-7.177702337503433228e-02,-1.324657559394836426e+00,7.580223679542541504e-02,1.419284462928771973e+00,7.743229866027832031e-01,2.543216943740844727e-02,-2.070008367300033569e-01,-7.177702337503433228e-02,-1.000000000000000000e+00,7.580223679542541504e-02,1.000000000000000000e+00,8.839765191078186035e-01,8.131960630416870117e-01,6.789079904556274414e-01,9.688306450843811035e-01,2.000000000000000000e+00,1.000000000000000000e+00,1.663516068052930119e-01,1.710911746620836116e+00
3.341535489999999982e+02,4.249015450477600098e-01,-2.136077731847763062e-02,-2.767238616943359375e-01,-7.081554085016250610e-02,-1.351826429367065430e+00,1.955785229802131653e-02,1.407278180122375488e+00,7.124507427215576172e-01,-2.136077731847763062e-02,-2.767238616943359375e-01,-7.081554085016250610e-02,-1.000000000000000000e+00,1.955785229802131653e-02,1.000000000000000000e+00,8.476898074150085449e-01,8.238474726676940918e-01,6.624231934547424316e-01,9.479480981826782227e-01,2.000000000000000000e+00,1.000000000000000000e+00,1.758034026465028488e-01,1.738265978435259429e+00
3.341735489999999800e+02,3.379850089550018311e-01,-1.619406975805759430e-02,-2.732591629028320312e-01,-1.015524193644523621e-01,-1.381171703338623047e+00,-3.258897736668586731e-02,1.379559993743896484e+00,6.689925193786621094e-01,-1.619406975805759430e-02,-2.732591629028320312e-01,-1.015524193644523621e-01,-1.000000000000000000e+00,-3.258897736668586731e-02,1.000000000000000000e+00,8.129953742027282715e-01,8.290199041366577148e-01,6.404420733451843262e-01,9.223454594612121582e-01,2.000000000000000000e+00,1.000000000000000000e+00,1.833648393194707016e-01,1.773568201173172820e+00
3.341935489999999618e+02,2.646356523036956787e-01,3.150900825858116150e-03,-2.825596630573272705e-01,-9.352511167526245117e-02,-1.411302685737609863e+00,-5.884471908211708069e-02,1.416784167289733887e+00,6.323178410530090332e-01,3.150900825858116150e-03,-2.825596630573272705e-01,-9.352511167526245117e-02,-1.000000000000000000e+00,-5.884471908211708069e-02,1.000000000000000000e+00,7.781772613525390625e-01,8.277174830436706543e-01,6.152793765068054199e-01,8.976671695709228516e-01,2.000000000000000000e+00,1.000000000000000000e+00,1.909262759924385544e-01,1.813147434732405250e+00
3.342135490000000004e+02,2.673905491828918457e-01,-1.487145759165287018e-02,-2.356453835964202881e-01,-1.742053031921386719e-01,-1.498759508132934570e+00,-1.726899147033691406e-01,1.407967686653137207e+00,6.336952447891235352e-01,-1.487145759165287018e-02,-2.356453835964202881e-01,-1.742053031921386719e-01,-1.000000000000000000e+00,-1.726899147033691406e-01,1.000000000000000000e+00,7.549365162849426270e-01,8.300511240959167480e-01,5.924922227859497070e-01,8.670396208763122559e-01,2.000000000000000000e+00,1.000000000000000000e+00,1.965973534971644510e-01,1.858081964422948262e+00
3.342335489999999822e+02,2.233279049396514893e-01,-8.597677201032638550e-02,-2.905970215797424316e-01,-1.551260054111480713e-01,-1.454427838325500488e+00,-1.483181267976760864e-01,1.370403289794921875e+00,6.116639375686645508e-01,-8.597677201032638550e-02,-2.905970215797424316e-01,-1.551260054111480713e-01,-1.000000000000000000e+00,-1.483181267976760864e-01,1.000000000000000000e+00,7.226154208183288574e-01,8.360908031463623047e-01,5.720429420471191406e-01,8.376920819282531738e-01,2.000000000000000000e+00,1.000000000000000000e+00,1.984877126654064350e-01,1.890368020942577498e+00
3.342535489999999641e+02,1.157620698213577271e-01,-1.488382071256637573e-01,-3.593910932540893555e-01,-8.673198521137237549e-02,-1.399904727935791016e+00,-1.649038642644882202e-01,1.362293362617492676e+00,5.578810572624206543e-01,-1.488382071256637573e-01,-3.593910932540893555e-01,-8.673198521137237549e-02,-1.000000000000000000e+00,-1.649038642644882202e-01,1.000000000000000000e+00,6.748350858688354492e-01,8.385429978370666504e-01,5.513260364532470703e-01,8.099641799926757812e-01,2.000000000000000000e+00,1.000000000000000000e+00,2.079395085066162441e-01,1.927371191575137477e+00
3.342735490000000027e+02,1.845893263816833496e-01,-2.256014347076416016e-01,-3.713933527469635010e-01,-3.507237508893013000e-02,-1.333566308021545410e+00,-6.863205879926681519e-02,1.381315827369689941e+00,5.922946929931640625e-01,-2.256014347076416016e-01,-3.713933527469635010e-01,-3.507237508893013000e-02,-1.000000000000000000e+00,-6.863205879926681519e-02,1.000000000000000000e+00,6.285794377326965332e-01,8.474231958389282227e-01,5.450317859649658203e-01,7.893102169036865234e-01,2.000000000000000000e+00,1.000000000000000000e+00,2.287334593572778740e-01,1.974554736631176644e+00
3.342935489999999845e+02,3.599694669246673584e-01,-3.853787779808044434e-01,-2.666057050228118896e-01,-2.345681935548782349e-02,-1.266730546951293945e+00,2.208449319005012512e-02,1.402116298675537109e+00,6.799847483634948730e-01,-3.853787779808044434e-01,-2.666057050228118896e-01,-2.345681935548782349e-02,-1.000000000000000000e+00,2.208449319005012512e-02,1.000000000000000000e+00,5.951306223869323730e-01,8.668386340141296387e-01,5.682690739631652832e-01,7.663490772247314453e-01,2.000000000000000000e+00,1.000000000000000000e+00,2.381852551984877109e-01,2.018070473177905999e+00
3.343135489999999663e+02,3.920059800148010254e-01,-3.738512396812438965e-01,1.012508273124694824e-01,-5.823694169521331787e-03,-1.141526818275451660e+00,8.465911448001861572e-02,1.396291971206665039e+00,6.960029602050781250e-01,-3.738512396812438965e-01,1.012508273124694824e-01,-5.823694169521331787e-03,-1.000000000000000000e+00,8.465911448001861572e-02,1.000000000000000000e+00,5.909929275512695312e-01,8.628145456314086914e-01,6.143810749053955078e-01,7.267985343933105469e-01,2.000000000000000000e+00,1.000000000000000000e+00,2.476370510396975477e-01,2.054349892501778463e+00
3.343335489999999481e+02,-3.605259209871292114e-02,-4.832024872303009033e-01,6.900219917297363281e-01,-1.414033770561218262e-01,-1.378787517547607422e+00,3.721615076065063477e-01,1.077582955360412598e+00,4.819737076759338379e-01,-4.832024872303009033e-01,6.900219917297363281e-01,-1.414033770561218262e-01,-1.000000000000000000e+00,3.721615076065063477e-01,1.000000000000000000e+00,5.992759466171264648e-01,8.101903796195983887e-01,6.631819009780883789e-01,6.343132853507995605e-01,2.000000000000000000e+00,1.000000000000000000e+00,2.551984877126654006e-01,2.087163855972777871e+00
3.343535489999999868e+02,-1.086134463548660278e-01,-4.822008013725280762e-01,9.024841785430908203e-01,-8.903636038303375244e-02,-1.449530720710754395e+00,2.236840277910232544e-01,1.137271285057067871e+00,4.456932842731475830e-01,-4.822008013725280762e-01,9.024841785430908203e-01,-8.903636038303375244e-02,-1.000000000000000000e+00,2.236840277910232544e-01,1.000000000000000000e+00,6.121380329132080078e-01,7.427324056625366211e-01,7.060420513153076172e-01,5.535967946052551270e-01,2.000000000000000000e+00,1.000000000000000000e+00,2.665406427221171937e-01,2.127003207871177359e+00
3.343735489999999686e+02,1.382078602910041809e-02,-4.155278503894805908e-01,8.411473631858825684e-01,-1.331851482391357422e-01,-1.355239987373352051e+00,1.893368512392044067e-01,1.166911244392395020e+00,5.069103837013244629e-01,-4.155278503894805908e-01,8.411473631858825684e-01,-1.331851482391357422e-01,-1.000000000000000000e+00,1.893368512392044067e-01,1.000000000000000000e+00,6.343017816543579102e-01,6.941178441047668457e-01,7.434482574462890625e-01,4.831514954566955566e-01,2.000000000000000000e+00,1.000000000000000000e+00,2.722117202268430902e-01,2.153815360298547699e+00
3.343935489999999504e+02,3.140867650508880615e-01,-1.043253690004348755e-01,5.800468921661376953e-01,-1.210199818015098572e-01,-1.093231081962585449e+00,1.346241980791091919e-01,1.376308798789978027e+00,6.570433974266052246e-01,-1.043253690004348755e-01,5.800468921661376953e-01,-1.210199818015098572e-01,-1.000000000000000000e+00,1.346241980791091919e-01,1.000000000000000000e+00,6.751633882522583008e-01,6.668322086334228516e-01,7.682965397834777832e-01,4.540361166000366211e-01,2.000000000000000000e+00,1.000000000000000000e+00,2.741020793950850742e-01,2.165071727598486095e+00
3.344135489999999891e+02,4.504279792308807373e-01,2.382275313138961792e-01,4.234708845615386963e-01,-1.348023489117622375e-02,-1.093487620353698730e+00,1.372493356466293335e-01,1.434895515441894531e+00,7.252140045166015625e-01,2.382275313138961792e-01,4.234708845615386963e-01,-1.348023489117622375e-02,-1.000000000000000000e+00,1.372493356466293335e-01,1.000000000000000000e+00,7.164989113807678223e-01,6.330183148384094238e-01,7.737427353858947754e-01,4.758997559547424316e-01,2.000000000000000000e+00,1.000000000000000000e+00,2.722117202268430902e-01,2.175100923529862396e+00
3.344335489999999709e+02,4.851574599742889404e-01,5.045749545097351074e-01,3.671267926692962646e-01,-5.326110403984785080e-03,-9.832276701927185059e-01,1.534623354673385620e-01,1.336475372314453125e+00,7.425787448883056641e-01,5.045749545097351074e-01,3.671267926692962646e-01,-5.326110403984785080e-03,-9.832276701927185059e-01,1.534623354673385620e-01,1.000000000000000000e+00,7.525745034217834473e-01,5.918366909027099609e-01,7.606930732727050781e-01,5.182409882545471191e-01,2.000000000000000000e+00,1.000000000000000000e+00,2.741020793950850742e-01,2.199834436257984027e+00
3.344535489999999527e+02,4.578926861286163330e-01,4.573174417018890381e-01,2.949511632323265076e-02,4.363106191158294678e-02,-1.289249897003173828e+00,2.106365859508514404e-01,1.397593140602111816e+00,7.289463281631469727e-01,4.573174417018890381e-01,2.949511632323265076e-02,4.363106191158294678e-02,-1.000000000000000000e+00,2.106365859508514404e-01,1.000000000000000000e+00,7.777652740478515625e-01,5.755343437194824219e-01,7.322090864181518555e-01,5.750495195388793945e-01,2.000000000000000000e+00,1.000000000000000000e+00,2.684310018903591777e-01,2.193851327938769469e+00
3.344735489999999913e+02,5.826213955879211426e-01,2.037009000778198242e-01,-2.609518170356750488e-01,6.186641380190849304e-02,-1.392356991767883301e+00,2.507469952106475830e-01,1.358644485473632812e+00,7.913106679916381836e-01,2.037009000778198242e-01,-2.609518170356750488e-01,6.186641380190849304e-02,-1.000000000000000000e+00,2.507469952106475830e-01,1.000000000000000000e+00,7.719100713729858398e-01,6.026982069015502930e-01,7.141024470329284668e-01,6.291245222091674805e-01,2.000000000000000000e+00,1.000000000000000000e+00,2.665406427221171937e-01,2.190879269273529939e+00
3.344935489999999731e+02,5.824255943298339844e-01,1.185096353292465210e-01,-2.659023702144622803e-01,1.072253938764333725e-02,-1.339585423469543457e+00,1.378380954265594482e-01,1.435985326766967773e+00,7.912127971649169922e-01,1.185096353292465210e-01,-2.659023702144622803e-01,1.072253938764333725e-02,-1.000000000000000000e+00,1.378380954265594482e-01,1.000000000000000000e+00,7.643062472343444824e-01,6.353823542594909668e-01,7.001387476921081543e-01,6.748907566070556641e-01,2.000000000000000000e+00,1.000000000000000000e+00,2.665406427221171937e-01,2.175866488984341096e+00
3.345135489999999550e+02,7.549125552177429199e-01,6.169254705309867859e-02,-2.757844030857086182e-01,2.610639482736587524e-02,-1.463072180747985840e+00,1.741576045751571655e-01,1.499140024185180664e+00,8.774563074111938477e-01,6.169254705309867859e-02,-2.757844030857086182e-01,2.610639482736587524e-02,-1.000000000000000000e+00,1.741576045751571655e-01,1.000000000000000000e+00,7.634220123291015625e-01,6.781468987464904785e-01,7.028914690017700195e-01,7.162609696388244629e-01,2.000000000000000000e+00,1.000000000000000000e+00,2.722117202268430902e-01,2.201150602529570399e+00
