t_s,phi_deg,roll_deg,pitch_deg,yaw_deg,pos_x,pos_y,pos_z,u0,u1,u2,u3,wx,wy,wz,wx_dot,wy_dot,wz_dot,pred_wx_dot,pred_wy_dot,pred_wz_dot,pred_nogyro_wx_dot,pred_nogyro_wy_dot,pred_nogyro_wz_dot,tau_gyro_x,tau_gyro_y,tau_gyro_z,flap_damp_x,flap_damp_y,flap_damp_z,flap_prec_x,flap_prec_y,flap_prec_z,tau_cmd_x,tau_cmd_y,tau_cmd_z,spd0,spd1,spd2,spd3,sem_lift,sem_roll,sem_pitch,sem_yaw
0.000000000000000000e+00,8.500000000000000000e+01,-1.071877093874171960e+00,-2.403948267991352084e-01,-6.104887652514814356e-01,-3.224538455301746015e-02,-3.788853490868799856e-01,-1.147962342440365657e-01,1.216006651520729065e-01,1.770898997783660889e-01,2.350025773048400879e-01,2.843393385410308838e-01,-4.309572555530986893e-03,3.464841559973994706e-02,-9.774095827297114847e-02,-2.528704693093199868e-02,-2.716734081698268799e-01,-9.034510019918846613e-01,-1.687097889828084396e+00,1.108895413413175102e-01,-8.149872670379760820e+00,-1.698250906589894305e+00,1.444092463332062870e-01,-8.208762963202161700e+00,3.413075429463612140e-04,-3.435155820506576377e-03,1.287291779727400408e-04,2.725719796084814534e-04,-6.223994356605371209e-05,6.151127061154934572e-03,-1.869629580727562106e-04,-1.255091896486584105e-06,7.798608698280941524e-06,-6.501396377091489542e-02,1.504400160290671196e-02,-8.764508885433150986e-01,1.216006651520729065e-01,1.770898997783660889e-01,2.350025773048400879e-01,2.843393385410308838e-01,2.045081201940774918e-01,-3.076236695051193237e-03,-5.241299793124198914e-02,1.103256754577159882e-01
9.999999999990905053e-03,8.500000000000000000e+01,-1.072299095765049781e+00,-2.317009355498745871e-01,-6.688464146082007122e-01,-3.237928107824859097e-02,-3.785455081886047179e-01,-1.145045815808194006e-01,1.284040314934677407e-01,1.739249956149271081e-01,2.444090172406335471e-01,2.866678718529562797e-01,-9.008662129518599584e-03,-4.315743714513320395e-04,-1.158257410693909750e-01,-5.818327140389038810e-02,-3.618456762261171855e-01,-1.012168262753099235e+00,-1.675268195655939651e+00,9.536326830283035905e-02,-8.169934450086994815e+00,-1.694538984610637122e+00,1.441865684031121142e-01,-8.239752443341943788e+00,3.754299738200875974e-04,-5.040329293883915977e-03,1.804567203444055795e-04,5.688359775673686993e-04,-5.302953050709306525e-05,7.257857346851023100e-03,-2.066162920083136493e-04,-2.619219819775967150e-06,1.607990362166959595e-05,-6.486365465180476964e-02,1.497814348569244738e-02,-8.797494761615158865e-01,1.220394347593638656e-01,1.768857855667799184e-01,2.356092269764184233e-01,2.844895126747712943e-01,2.083514790504961689e-01,-1.631054754568317389e-03,-4.388990936689105005e-02,1.143739309925975028e-01
1.999999999998181011e-02,8.500000000000000000e+01,-1.072336673197280987e+00,-2.542427229564592217e-01,-7.602675620118526378e-01,-3.250139220944461144e-02,-3.783734578619118993e-01,-1.143215435457761997e-01,1.352073978348625749e-01,1.707600914514881274e-01,2.538154571764270062e-01,2.889964051648816756e-01,-6.548016789144515612e-03,-3.778539922914093963e-02,-1.390309658887670663e-01,1.317025259766947155e-02,-4.391163093415401675e-01,-1.175755704563969273e+00,-1.671374835722961860e+00,6.431088864886962131e-02,-8.215517221900711320e+00,-1.687056447390962388e+00,1.428734909070916159e-01,-8.299785440950429916e+00,4.187404151395778982e-04,-8.154139860677868737e-03,3.182068387713938348e-04,4.121500617913980780e-04,-4.400817088513131134e-05,8.667644828651396155e-03,-2.306277926885271900e-04,-1.897753577474716560e-06,1.137776771540818563e-05,-6.456478549538387235e-02,1.485020302581550183e-02,-8.861430394992662052e-01,1.228886763990951064e-01,1.764907210845106655e-01,2.367834016532253949e-01,2.847801757595968541e-01,2.121948379069148460e-01,-1.858728140854415400e-04,-3.536682080254011096e-02,1.184221865274789898e-01
2.999999999997271516e-02,8.500000000000000000e+01,-1.072339728747510046e+00,-2.767848471281732503e-01,-8.516897158232327181e-01,-3.227317317506980116e-02,-3.789307672926768844e-01,-1.147986666399393729e-01,1.420107641762573814e-01,1.675951872880491189e-01,2.632218971122204931e-01,2.913249384768070716e-01,-2.860455308069949788e-03,-7.315479806231919846e-02,-1.625846564631692470e-01,2.120712604426431558e-01,-4.649815775344066648e-01,-1.401713951267140823e+00,-1.665589793794912232e+00,3.441061896050633812e-02,-8.288256348452319955e+00,-1.675645991624576281e+00,1.407906547459971125e-01,-8.386921487273182763e+00,4.560688324786250003e-04,-1.106798546420202645e-02,4.511908217037898308e-04,1.792276208920051380e-04,-3.470587451818119912e-05,1.007840647685632335e-02,-2.503640605589429417e-04,-8.253345021750890871e-07,4.776172621136409366e-06,-6.411212386280297493e-02,1.466330475081244547e-02,-8.954489863642772773e-01,1.241219174923343521e-01,1.759170212902237407e-01,2.384884999366038705e-01,2.852022672394824432e-01,2.160381967633335232e-01,1.259309126397434309e-03,-2.684373223818915799e-02,1.224704420623605461e-01
3.999999999996362021e-02,8.500000000000000000e+01,-1.072308262228306663e+00,-2.993273115561760345e-01,-9.431131512481690793e-01,-3.224100625412058135e-02,-3.788778597061430164e-01,-1.148066206808998346e-01,1.488141305176522156e-01,1.644302831246101382e-01,2.726283370480139245e-01,2.936534717887324675e-01,6.979965538328657126e-03,-5.815008207821494024e-02,-1.788789729055714761e-01,2.601152085004203030e-01,-4.400607221958059423e-01,-1.471148498020023565e+00,-1.664878094536095032e+00,4.732354921915504255e-03,-8.390623283333843219e+00,-1.659428557106439550e+00,1.373353678142090473e-01,-8.499440872435039651e+00,4.928229398832073603e-04,-1.379787943733083548e-02,5.938215061344362476e-04,-4.348336522019870536e-04,-4.468818641232010603e-05,1.103557196386573645e-02,-2.665873600387740636e-04,2.002956722053009073e-06,-1.105352211998064012e-05,-6.349492130217038177e-02,1.442002420853997352e-02,-9.075032227165589216e-01,1.257143927565786690e-01,1.751762069137709488e-01,2.406902809624481832e-01,2.857473109009781020e-01,2.198815556197522003e-01,2.704491066880310157e-03,-1.832064367383823278e-02,1.265186975972420191e-01
4.999999999995452526e-02,8.500000000000000000e+01,-1.072242273420221270e+00,-3.218701197319632779e-01,-1.034538143479732497e+00,-3.234796968441541742e-02,-3.785743066852350069e-01,-1.145655207340465220e-01,1.556174968590470498e-01,1.612653789611711574e-01,2.820347769838074115e-01,2.959820051006578634e-01,1.682038638472726361e-02,-4.314536609411068202e-02,-1.951732893479737052e-01,1.307834149142780011e-01,-3.778487144083262916e-01,-1.373173546380562993e+00,-1.659314190075434903e+00,-2.397825673746623032e-02,-8.517833322554833941e+00,-1.638489327739670154e+00,1.331497191582242112e-01,-8.636499329067774511e+00,5.204802768591639895e-04,-1.635222541446796490e-02,7.262538193927652822e-04,-1.040768855981261858e-03,-5.295227502649662324e-05,1.196851100430849392e-02,-2.768480946646775754e-04,4.796853888082768875e-06,-2.491966987636985866e-05,-6.269814743091614573e-02,1.412247551181238653e-02,-9.221579509672246378e-01,1.276429340970602622e-01,1.742790556784013511e-01,2.433567121632139174e-01,2.864073771871948892e-01,2.237249144761708775e-01,4.149673007363186006e-03,-9.797555109487265934e-03,1.305669531321235199e-01
5.999999999994543032e-02,8.500000000000000000e+01,-1.072141762071786131e+00,-3.444132751473714116e-01,-1.125964967694746743e+00,-3.248169545290139487e-02,-3.783540527687083155e-01,-1.143329834847796322e-01,1.624208632004418840e-01,1.581004747977321767e-01,2.914412169196008984e-01,2.983105384125832593e-01,7.522715887982655419e-03,-1.388316865705112313e-02,-2.059284921125939527e-01,2.058151277074860355e-02,-2.973008678046956121e-01,-1.317974685678520386e+00,-1.617555375948832808e+00,-4.911121348386814078e-02,-8.672384885934288690e+00,-1.612157530967752717e+00,1.309332748023037396e-01,-8.797247011394620841e+00,5.325940190822137316e-04,-1.873031400891951928e-02,7.979158829435794220e-04,-4.619150780785188275e-04,-6.413052049580154033e-05,1.254375597621895655e-02,-2.772983233774788613e-04,2.131076556306962936e-06,-1.027357883569732810e-05,-6.170352526481995281e-02,1.377238616331352000e-02,-9.392797471213573113e-01,1.298858675992939915e-01,1.732356502194971615e-01,2.464578268482148227e-01,2.871750479422749414e-01,2.275682733325895546e-01,5.594854947846034099e-03,-1.274466545136326845e-03,1.346152086670050485e-01
6.999999999993633537e-02,8.500000000000000000e+01,-1.072701256797280234e+00,-3.460268581456970582e-01,-1.263645567545525816e+00,-3.237219374201311117e-02,-3.787138201871819709e-01,-1.145868502763990882e-01,1.692242295418366904e-01,1.549355706342931960e-01,3.008476568553943298e-01,3.006390717245086552e-01,-3.044296986228319651e-03,1.632466254670382477e-02,-2.163163107113249550e-01,-6.909255221912828648e-02,-1.970772632710100780e-01,-1.308677843366166105e+00,-1.568335040335801400e+00,-7.293159411189086005e-02,-8.849022796436681659e+00,-1.580065544971693381e+00,1.285378958725294785e-01,-8.979619806430234163e+00,5.360879146469871423e-04,-2.095371379606713810e-02,8.634134481745776857e-04,1.853681035478756144e-04,-7.399791595690429402e-05,1.307652301682577303e-02,-2.724343009546877125e-04,-8.565213843685929917e-07,3.769426799562336472e-06,-6.049039610091867802e-02,1.337116090056432796e-02,-9.587478809935916502e-01,1.324229171648860226e-01,1.720554229128860024e-01,2.499655909689956212e-01,2.880433834295972328e-01,2.314116321890082317e-01,7.040036888328909948e-03,7.248622019214584489e-03,1.386634642018865493e-01
7.999999999992724042e-02,8.500000000000000000e+01,-1.073268144133659119e+00,-3.474078793512996866e-01,-1.401848454582490300e+00,-3.224734139118420884e-02,-3.789261311903192597e-01,-1.148038189961098909e-01,1.760275958832315246e-01,1.517706664708541875e-01,3.102540967911878167e-01,3.029676050364340512e-01,-8.461872630125641392e-03,6.550136173019334776e-03,-2.321161236357629498e-01,-7.631312758061047086e-02,8.840838559806313279e-02,-1.163363524417198924e+00,-1.522080350904872148e+00,-9.628369893734450846e-02,-9.043807154017382999e+00,-1.542207223544769468e+00,1.250715531424403393e-01,-9.182905389017903985e+00,5.171537868510187085e-04,-2.303643877357981762e-02,9.388075245071755923e-04,5.106625820936694328e-04,-6.535991162754345538e-05,1.390324847185177987e-02,-2.573974316562631717e-04,-2.364741935032493206e-06,9.316780180689965076e-06,-5.903643846282859153e-02,1.291993607140030920e-02,-9.804528482979346649e-01,1.352351143621597640e-01,1.707471978120400358e-01,2.538537784774076433e-01,2.890058914770783915e-01,2.352549910454269089e-01,8.485218828811785796e-03,1.577171058356555133e-02,1.427117197367680779e-01
8.999999999991814548e-02,8.500000000000000000e+01,-1.073834818698495619e+00,-3.487912798868161857e-01,-1.540055279093872409e+00,-3.224779769166208343e-02,-3.789508011257757825e-01,-1.148015332610955730e-01,1.828309622246263588e-01,1.486057623074152068e-01,3.196605367269812481e-01,3.052961383483594471e-01,-1.291316432811583613e-02,-1.072701787018326414e-02,-2.489314889396893049e-01,-4.723945684418345142e-02,3.210519082518439871e-01,-9.785056414323058949e-01,-1.470930487323274471e+00,-1.188085328792278100e-01,-9.258414697178212194e+00,-1.497582576174386615e+00,1.210986808792637037e-01,-9.406332313029732717e+00,4.831383531390653343e-04,-2.498513933521091454e-02,1.013180499862514254e-03,7.720451988083542856e-04,-5.181698905205646161e-05,1.476748377496150261e-02,-2.349915759477408210e-04,-3.585618824586982521e-06,1.234455249607898666e-05,-5.731826231218711820e-02,1.241962585064802956e-02,-1.004295087405573828e+00,1.383047140907866512e-01,1.693192298806188156e-01,2.580978547222181341e-01,2.900564986123865263e-01,2.390983499018455583e-01,9.930400769294689400e-03,2.429479914791649042e-02,1.467599752716495787e-01
9.999999999990905053e-02,8.500000000000000000e+01,-1.074401280492212285e+00,-3.501770597541000174e-01,-1.678266845164916754e+00,-3.241944949910458007e-02,-3.786295239744305041e-01,-1.145177564716606256e-01,1.896343285660211930e-01,1.454408581439762260e-01,3.290669766627747350e-01,3.076246716602848430e-01,1.294418457034231598e-02,-1.663105376160756849e-02,-2.811923561790239390e-01,-4.543252428412985350e-02,5.129235661608274599e-01,-8.080623211594837318e-01,-1.458837574315269281e+00,-1.265801650256768163e-01,-9.483511471790643910e+00,-1.445292539751223293e+00,1.113443161810307447e-01,-9.648587988192625531e+00,4.696694425777749710e-04,-2.479267809339719478e-02,1.114088563227169388e-03,-7.664955790167698188e-04,-4.448755453062319849e-05,1.652137280355274809e-02,-2.216523833525726659e-04,3.573286918484366401e-06,-1.041471015504580086e-05,-5.531189685582866417e-02,1.187096143472653187e-02,-1.030183857049203233e+00,1.416151156854592585e-01,1.677792416947869458e-01,2.626748673658234057e-01,2.911895230597317807e-01,2.429417087582642631e-01,1.137558270977753749e-02,3.281788771226742951e-02,1.508082308065310795e-01
1.099999999998999556e-01,8.500000000000000000e+01,-1.075306657085171924e+00,-3.525219674409739712e-01,-1.822051095592459591e+00,-3.234951204809567715e-02,-3.787127318769732409e-01,-1.146071435735372263e-01,1.907196595961410945e-01,1.463858250095032842e-01,3.312137573892445785e-01,3.130513490072954208e-01,4.675713802537626723e-02,-1.848659832804322098e-02,-3.167189629506407811e-01,-8.206138992923454889e-02,4.902175229219370989e-01,-7.115633496815160219e-01,-1.482308517088777977e+00,-1.022210697609938490e-01,-9.714535250063100591e+00,-1.417105075355518329e+00,9.938249296447633496e-02,-9.897918397841575455e+00,4.541245244972521937e-04,-2.101776904152338754e-02,1.170898759215602139e-03,-2.743521803886766683e-03,-3.764372084562040273e-05,1.843995866380368151e-02,-2.064681829927396569e-04,1.285056002949320526e-05,-3.123091961227897692e-05,-5.423011334945040951e-02,1.138741345004691888e-02,-1.056847508015231751e+00,1.447820157709064359e-01,1.663995157522780988e-01,2.670951470260202187e-01,2.925994581278041906e-01,2.453426477505460945e-01,1.308571310234432628e-02,3.124812148429348402e-02,1.535798108954478103e-01
1.199999999998908606e-01,8.500000000000000000e+01,-1.077163432481171190e+00,-3.575738197482190017e-01,-1.981563356052872260e+00,-3.224388513822546570e-02,-3.788922395695640266e-01,-1.147746786218812320e-01,1.874044003644922962e-01,1.504937416370807912e-01,3.277735167209154254e-01,3.208623527405858322e-01,2.735736898767546568e-02,-9.154797160027358660e-03,-3.020227202048887394e-01,-1.594608397536199929e-01,4.464966716666061153e-01,-6.671256538764511745e-01,-1.473121122557375262e+00,-5.192715113877970079e-02,-9.972734282069906087e+00,-1.437199404632625743e+00,1.004768663324887984e-01,-1.014651089372900294e+01,3.833196303503138506e-04,-1.588530028979534547e-02,1.129356290229916685e-03,-1.591898678181239693e-03,-2.951056722617583674e-05,1.743989362659762246e-02,-1.664369441866763572e-04,7.497642062928451783e-06,-1.530320727005304859e-05,-5.500668122025763329e-02,1.105327646915076067e-02,-1.083348888891199069e+00,1.475308618584887099e-01,1.653737044241829768e-01,2.710084780310101360e-01,2.944222174131161385e-01,2.466335028657685724e-01,1.499974737354095589e-02,2.191091135387054911e-02,1.553688637299640851e-01
1.300000000001091394e-01,8.500000000000000000e+01,-1.079010299038653864e+00,-3.626322048207768489e-01,-2.141082384357553270e+00,-3.264547631257173899e-02,-3.783515409996647261e-01,-1.143196460982913859e-01,1.840891411327681415e-01,1.546016582647517235e-01,3.243332760525081127e-01,3.286733564740538238e-01,7.957599949533572525e-03,1.770040082006811566e-04,-2.873264774588025761e-01,-1.892341419236914235e-01,5.109395622495205291e-01,-6.546485385117349898e-01,-1.511545850359521381e+00,-3.820213483611727742e-03,-1.022924228700839144e+01,-1.504650789291400947e+00,1.025673340231790798e-01,-1.039368253974832257e+01,3.323302336878065574e-04,-1.108258206244343985e-02,1.095835824181643804e-03,-4.594952631649649490e-04,-2.389589621409130276e-05,1.646506403715628300e-02,-1.367649767231153850e-04,2.177242432306706250e-06,-3.786409108044947250e-06,-5.759533198853428876e-02,1.086216175234347783e-02,-1.109722499125233020e+00,1.498886155109431240e-01,1.646789826899826559e-01,2.744475550279966147e-01,2.966311766372572989e-01,2.479243579810204712e-01,1.691378164478107848e-02,1.257370122323536732e-02,1.571579165645210219e-01
1.400000000001000444e-01,8.500000000000000000e+01,-1.080847256785908650e+00,-3.676971227087191818e-01,-2.300609420200503408e+00,-3.240987176658306768e-02,-3.786548995454239175e-01,-1.146109465646653197e-01,1.807738819011193432e-01,1.587095748923292304e-01,3.208930353841789596e-01,3.364843602073441797e-01,-5.703201655383354982e-03,1.500955682106184901e-02,-2.854630619942759573e-01,-1.103301016783955479e-01,3.636645711620882238e-01,-6.652840585622257219e-01,-1.604552656400484612e+00,4.121586375668773866e-02,-1.047760720808276957e+01,-1.618143462702709146e+00,1.046170345765922022e-01,-1.063980716922081093e+01,3.157347978034674642e-04,-6.592414230830888691e-03,1.073593106920134278e-03,3.269601914497912961e-04,-2.358375987729765529e-05,1.624196204569498467e-02,-1.224644131677824562e-04,-1.559073477773885575e-06,2.364713098904286728e-06,-6.194975022972450812e-02,1.080799503244870598e-02,-1.136006719117365726e+00,1.518804994585472301e-01,1.642939975835362165e-01,2.774429640878215975e-01,2.992014286017805613e-01,2.492152130962429490e-01,1.882781591597765258e-02,3.236491092812432413e-03,1.589469693990372690e-01
1.500000000000909495e-01,8.500000000000000000e+01,-1.082674305750949584e+00,-3.727685734627823599e-01,-2.460145702922793554e+00,-3.225933262360067277e-02,-3.788900904880365683e-01,-1.147810649930326304e-01,1.774586226694705449e-01,1.628174915199067652e-01,3.174527947158498620e-01,3.442953639406345911e-01,-1.894461954742949691e-02,3.024408536830634070e-02,-2.845374247650963029e-01,3.535659788410744863e-05,1.706456272220980841e-01,-6.628437650549624527e-01,-1.743182945844357290e+00,8.462696699950622570e-02,-1.072468797185720746e+01,-1.776557464081061966e+00,1.078237022085241081e-01,-1.088523167724324203e+01,3.133198380576155458e-04,-2.391217362003740521e-03,1.053783284303326951e-03,1.078739354837095904e-03,-2.478657404511035544e-05,1.608022371764322722e-02,-1.145452277362012707e-04,-5.177202459323756199e-06,7.076172875850782842e-06,-6.802388104955078840e-02,1.088500411497202169e-02,-1.162242650078936679e+00,1.535301097416524319e-01,1.641987732558736757e-01,2.800233186933974716e-01,3.021096724485725638e-01,2.505060682114654269e-01,2.074185018717425444e-02,-6.100719037610474738e-03,1.607360222335535715e-01
1.600000000000818545e-01,8.500000000000000000e+01,-1.084557336810434869e+00,-3.775539648841031992e-01,-2.619635968669847603e+00,-3.241903148415203884e-02,-3.786119533845795360e-01,-1.144897300514409327e-01,1.741433634378217743e-01,1.669254081474842999e-01,3.140125540475207644e-01,3.521063676739249471e-01,-1.726755341180323533e-02,3.049527153940120167e-02,-2.780383319024254951e-01,4.980222968424935504e-02,1.624362456162082025e-01,-6.583691872040242643e-01,-1.948231072058209667e+00,1.237857166997049230e-01,-1.097483063610008891e+01,-1.978986574143844379e+00,1.093789760349024726e-01,-1.113093576178004795e+01,3.061173420331931194e-04,1.528985274157898273e-03,1.049485907818164566e-03,9.769302797588788091e-04,-2.054900567765656938e-05,1.561164260460378740e-02,-1.057846830075680401e-04,-4.719109548408152743e-06,6.052158798994315128e-06,-7.577218449149716872e-02,1.108770657121922569e-02,-1.188473151809235295e+00,1.548595206208265573e-01,1.643746221607516322e-01,2.822153869578548080e-01,3.053341100621108639e-01,2.517969233266879603e-01,2.265588445837082854e-02,-1.543792916803335413e-02,1.625250750680698186e-01
1.700000000000727596e-01,8.500000000000000000e+01,-1.090174761706206308e+00,-3.658280688764976585e-01,-2.775945978679847048e+00,-3.254111443977059093e-02,-3.785148814072832879e-01,-1.143758726061858133e-01,1.708281042061729760e-01,1.710333247750618069e-01,3.105723133791916113e-01,3.599173714072153585e-01,-1.246096256011494131e-02,2.760332733555972279e-02,-2.703700674854243036e-01,-5.894651253049634082e-02,1.923768498031928065e-01,-6.225745850543673576e-01,-2.200372202055998372e+00,1.611096969819297842e-01,-1.122591390220510910e+01,-2.224037512269686712e+00,1.115357390491556883e-01,-1.137708380179156542e+01,3.056868616300389648e-04,5.193928525027730926e-03,1.048277383261414378e-03,7.006713437647866432e-04,-1.619339116399934987e-05,1.508769050649638732e-02,-1.004945140188983043e-04,-3.406469657192471147e-06,4.283863559499770852e-06,-8.514984414092711951e-02,1.141089758873849169e-02,-1.214742049645366917e+00,1.558893827210201533e-01,1.648040619681263308e-01,2.840442106380033915e-01,3.088543491530638119e-01,2.530877784419104382e-01,2.456991872956745815e-02,-2.477513929845628904e-02,1.643141279025860935e-01
1.800000000000636646e-01,8.500000000000000000e+01,-1.095828205196100136e+00,-3.541189942390670642e-01,-2.932266560515196741e+00,-3.242184629283553776e-02,-3.787347913689482204e-01,-1.145947087442701490e-01,1.675128449745242054e-01,1.751412414026393138e-01,3.071320727108625137e-01,3.677283751405057144e-01,-1.057726682233848213e-02,1.533354522122840936e-02,-2.736642512143571682e-01,-2.633164577284721752e-01,1.450088116265317861e-01,-5.044748068829740806e-01,-2.489486520818430915e+00,1.979413602194480537e-01,-1.147199775775970743e+01,-2.510647943215472466e+00,1.154278702442304572e-01,-1.162400437799337993e+01,3.192266071944856458e-04,8.624394448785630690e-03,1.044206420193240876e-03,5.912648783398450660e-04,-9.078226942607669345e-06,1.518165991229545458e-02,-1.004719238105303188e-04,-2.892801032739713874e-06,3.721207451566063303e-06,-9.611293626165767767e-02,1.184963803165836257e-02,-1.241093485729235724e+00,1.566390148461198062e-01,1.654707378361272296e-01,2.855332164722562682e-01,3.126513125923208181e-01,2.543786335571329715e-01,2.648395300076406000e-02,-3.411234942887914068e-02,1.661031807371023405e-01
1.900000000000545697e-01,8.500000000000000000e+01,-1.101517667923336719e+00,-3.424267404180014185e-01,-3.088598896387654946e+00,-3.225771874390379046e-02,-3.789138832319626227e-01,-1.147905818401434297e-01,1.641975857428754071e-01,1.792491580302168486e-01,3.036918320425334161e-01,3.755393788737961258e-01,-9.921639926173191418e-03,4.268315148185836171e-04,-2.812683830588383893e-01,-2.573157521043075713e-01,-3.311737823897860020e-03,-5.085054626166658487e-01,-2.816920444267760004e+00,2.339647394984363526e-01,-1.171700812647262424e+01,-2.837607093727637864e+00,1.206252680848967918e-01,-1.187209473742489330e+01,3.454211792614056311e-04,1.183443618905527690e-02,1.038945639026331086e-03,5.515029347454756224e-04,-1.806853139005521346e-06,1.551578681501863434e-02,-1.050779698948223033e-04,-2.714998304332483342e-06,3.702467100302845409e-06,-1.086185649886242111e-01,1.239924275335456058e-02,-1.267571393116472933e+00,1.571264898721038417e-01,1.663593496959452911e-01,2.867043203380352234e-01,3.167071535923446368e-01,2.556694886723554494e-01,2.839798727196063410e-02,-4.344955955930207558e-02,1.678922335716186431e-01
2.000000000000454747e-01,8.500000000000000000e+01,-1.107243150538256948e+00,-3.307513068637933928e-01,-3.244944167969046056e+00,-3.249109725196445975e-02,-3.785311286578664780e-01,-1.144753419532235778e-01,1.608823265112266088e-01,1.833570746577943833e-01,3.002515913742042630e-01,3.833503826070864817e-01,-1.411626007685690479e-02,3.222672181283764425e-02,-2.929215753576421832e-01,-7.835090141355899318e-02,-8.900185824411478708e-02,-7.435614412643212212e-01,-3.174822458705873540e+00,2.729916951865820618e-01,-1.196148499242284835e+01,-3.202935884095121644e+00,1.277926244460730887e-01,-1.212139840874682761e+01,4.235985851628381259e-04,1.517422588198705062e-02,9.959313382841485530e-04,7.804558750893684756e-04,-1.507044121752498728e-05,1.607211691257295558e-02,-1.279252622670509645e-04,-3.865343343846873988e-06,5.739621350376223038e-06,-1.226249683896228904e-01,1.305526919516421420e-02,-1.294219074190642971e+00,1.573687151006895879e-01,1.674555842263382721e-01,2.875780246917515881e-01,3.210051763587337126e-01,2.569603437875779273e-01,3.031202154315723596e-02,-5.278676968972498273e-02,1.696812864061348902e-01
2.100000000000363798e-01,8.500000000000000000e+01,-1.002051733688711144e+00,-2.916750215624970277e-01,2.835412908046389013e+00,-3.260407419970184212e-02,-3.783019624249640556e-01,-1.142925186994467046e-01,1.621680851815834878e-01,1.967979834142413453e-01,3.027177136429937132e-01,3.956386169113082496e-01,-1.831088022754061989e-02,6.402661211085670934e-02,-3.045747676564459772e-01,5.657491340453411899e-02,-6.154179032826180562e-02,-1.020371235549777378e+00,-3.544111880513062474e+00,3.146794385495750301e-01,-1.221909448017881239e+01,-3.579782508638521765e+00,1.363902583310742100e-01,-1.238319019832025702e+01,5.163895335768719412e-04,1.864393442046243660e-02,9.210135698285805200e-04,1.005036210200793353e-03,-2.983771040845025927e-05,1.659098445298997845e-02,-1.560209983652569076e-04,-4.995194022366612551e-06,8.329831402254385641e-06,-1.370740264364888050e-01,1.385388644264338130e-02,-1.322217731935840135e+00,1.576782409471554902e-01,1.693479640163719491e-01,2.885544288779006705e-01,3.258185119574327770e-01,2.643305997875317059e-01,2.914550251782835333e-02,-6.377540075048618307e-02,1.696951309792385787e-01
2.200000000000272848e-01,8.500000000000000000e+01,-7.176099669249019763e-01,-2.074513305815561259e-01,2.057905729007484297e+01,-3.253993077784919641e-02,-3.783570436663567516e-01,-1.143221859214388347e-01,1.636192383626224878e-01,2.105743887280222271e-01,3.053961541484651043e-01,4.080877958967422670e-01,-1.030973137422372746e-02,4.751425312742245388e-02,-3.172552527361406360e-01,1.240208728017370560e-01,-1.095657710655112832e-01,-1.257681717499816276e+00,-3.943400488732784037e+00,3.533486979364939273e-01,-1.249023865019604251e+01,-3.968790405438929358e+00,1.438795576425688783e-01,-1.265882869534795674e+01,5.876857471514596335e-04,2.189243326048803326e-02,8.681934913919943288e-04,5.607875739671216433e-04,-2.610338419308613517e-05,1.712666814213399322e-02,-1.765949276609155016e-04,-2.790589007178235691e-06,5.320805563389011643e-06,-1.519539259194855885e-01,1.479354374801955876e-02,-1.351602252018013983e+00,1.580613937823983350e-01,1.720067804423933144e-01,2.896406025178685506e-01,3.311243061179687253e-01,2.719193942839630562e-01,2.786824569143869779e-02,-7.482339605683846484e-02,1.696451614772813143e-01
2.300000000000181899e-01,8.500000000000000000e+01,-5.921785620281417861e-01,-1.611806820374620253e-01,3.656259492376336340e+01,-3.240924497987093811e-02,-3.786692837349310836e-01,-1.145798091894084797e-01,1.650703915436614877e-01,2.243507940418031366e-01,3.080745946539364954e-01,4.205369748821763398e-01,-1.185831262765016381e-03,2.655423375893011667e-02,-3.300303111274360268e-01,9.196531226800558345e-02,-1.895266056608494176e-01,-1.505436702060674037e+00,-4.355507280568075679e+00,3.909578472720624531e-01,-1.277421383456271187e+01,-4.369445108903947883e+00,1.523266382331226743e-01,-1.294705792823050494e+01,6.708029557658515187e-04,2.492997646380072999e-02,8.248215351819243807e-04,6.382374131925943922e-05,-2.230137520030295095e-05,1.762886412122742150e-02,-2.011127683813940291e-04,-3.173428487525435792e-07,6.970844923742264965e-07,-1.672751356088948982e-01,1.587243209583115433e-02,-1.382345887869227408e+00,1.585134251799288352e-01,1.753826036949652500e-01,2.908294662486269888e-01,3.368907987029417517e-01,2.795081887803943510e-01,2.659098886504909776e-02,-8.587139136319074662e-02,1.695951919753241055e-01
2.400000000000090949e-01,8.500000000000000000e+01,-6.257644771827799435e-01,-1.528627195038924913e-01,6.288057473736331815e+01,-3.257304465760700596e-02,-3.783170534821470032e-01,-1.143215371563467975e-01,1.665215447247004876e-01,2.381271993555840460e-01,3.107530351594078866e-01,4.329861538676103572e-01,-5.248536790201662611e-03,1.799975822876839424e-02,-3.485280576092235072e-01,5.364746329953377912e-02,-1.955810685145367156e-01,-1.867615848813984680e+00,-4.759511986708017339e+00,4.308447123104788279e-01,-1.306784452885472803e+01,-4.781302831586863533e+00,1.649327965448434130e-01,-1.324730279770750307e+01,7.924852087619317859e-04,2.778170578662185822e-02,7.603319396841078104e-04,2.791454390289678142e-04,-2.551408320903363714e-05,1.839673403426385356e-02,-2.375179739272577936e-04,-1.384436136653015008e-06,3.505319821677724121e-06,-1.830343175433461478e-01,1.708972866889913941e-02,-1.414406881003215322e+00,1.590298929535983730e-01,1.794291918420906351e-01,2.921143972766135910e-01,3.430882778819687173e-01,2.870969832768257013e-01,2.531373203865946997e-02,-9.691938666954301451e-02,1.695452224733668689e-01
2.500000000000000000e-01,8.500000000000000000e+01,-8.183667494453656932e-01,-1.824973920311359632e-01,1.325938558202525712e+02,-3.253017937478708960e-02,-3.783473790186822616e-01,-1.143096990726717860e-01,1.679726979057395153e-01,2.519036046693649555e-01,3.134314756648792222e-01,4.454353328530443745e-01,-1.240439672672078060e-02,1.235522508039861578e-02,-3.683681630257999440e-01,8.791881738223961129e-02,-1.333414898795938219e-01,-2.312846675610956915e+00,-5.169957527512700324e+00,4.711411295444002945e-01,-1.337308814570923410e+01,-5.204178869208708313e+00,1.797191554636943800e-01,-1.355938828856903910e+01,9.396703644174764268e-04,3.045232594141948981e-02,6.891896134006424450e-04,6.512039307365788919e-04,-3.166546463607444354e-05,1.919252875596920427e-02,-2.809455161663122758e-04,-3.216787693841803356e-06,9.352641870100244321e-06,-1.992170980551615234e-01,1.844539558390750900e-02,-1.447731807472025345e+00,1.596066414072361273e-01,1.841032852333847614e-01,2.934891999321901368e-01,3.496889480301881292e-01,2.946857777732569961e-01,2.403647521226986994e-02,-1.079673819758952963e-01,1.694952529714095768e-01
2.599999999999909051e-01,8.500000000000000000e+01,-1.157884334715754138e+00,-2.479729277082610983e-01,1.766674457055538880e+02,-3.251130044752663373e-02,-3.783982022069226070e-01,-1.143367066243561325e-01,1.694238510867785152e-01,2.656800099831458373e-01,3.161099161703506133e-01,4.578845118384784474e-01,-6.889217996102303503e-03,-3.970233682089869057e-03,-3.808855981687570003e-01,8.690907848766390997e-02,-1.161009193685197116e-01,-2.583258761006710813e+00,-5.608665023983910203e+00,5.080116593990154916e-01,-1.369342612476685694e+01,-5.637790020811261016e+00,1.927621448945660010e-01,-1.388287674517713732e+01,1.078709688582675432e-03,3.294071791017117584e-02,6.526907912182242262e-04,3.566666605176086564e-04,-3.449948001830816576e-05,1.956893766323868425e-02,-3.205260936374733859e-04,-1.752712696938209124e-06,5.815743157898603516e-06,-2.158004097666754162e-01,1.994001066906762182e-02,-1.482258392981358863e+00,1.602397828580465755e-01,1.893644141637426948e-01,2.949480781231333948e-01,3.566668061463887929e-01,3.022745722696883464e-01,2.275921838588024215e-02,-1.190153772822475781e-01,1.694452834694523402e-01
2.699999999999818101e-01,8.500000000000000000e+01,-1.165606630051284842e+00,-2.604231746653982160e-01,1.764154281204875474e+02,-3.258193502634949140e-02,-3.783524628550823388e-01,-1.143291506102623728e-01,1.708750042678175152e-01,2.794564152969267745e-01,3.187883566758220044e-01,4.703336908239124647e-01,3.808999377861770064e-03,-2.466468315315006876e-02,-3.904077237717722970e-01,3.995630863508167069e-02,-3.394751191447814564e-01,-2.673213180237433040e+00,-6.063766241578918859e+00,5.432399119779481866e-01,-1.402572808159023943e+01,-6.081215061899556851e+00,2.057253300340187441e-01,-1.421678899431492660e+01,1.221785524728150659e-03,3.526394418731775698e-02,6.392623578816772345e-04,-1.943281706327777778e-04,-3.649013094257276161e-05,1.976367895300001204e-02,-3.595492369786147603e-04,9.490965145209500407e-07,-3.567890438532736299e-06,-2.327544644773199556e-01,2.157462571681315749e-02,-1.517917871519898654e+00,1.609256803516189993e-01,1.951747189413566563e-01,2.964856095646823397e-01,3.639975262413057133e-01,3.098633667661196966e-01,2.148196155949058661e-02,-1.300633725885998460e-01,1.693953139674950759e-01
2.799999999999727152e-01,8.500000000000000000e+01,-1.173285277819196892e+00,-2.729096955272745095e-01,1.761634350123362935e+02,-3.259030789854613919e-02,-3.783669140122823404e-01,-1.143176557744300798e-01,1.723261574488565429e-01,2.932328206107076563e-01,3.214667971812933955e-01,4.827828698093465376e-01,8.000699135279554924e-03,-1.101366747191107401e-02,-4.220099062712153737e-01,2.198027177677358210e-02,-6.811132966837774028e-01,-2.819581515720850806e+00,-6.515530710159767480e+00,5.797100742902254744e-01,-1.435795698015877875e+01,-6.532596212305851857e+00,2.215012068092128694e-01,-1.456070420164326151e+01,1.487236105274011583e-03,3.744209199893351603e-02,6.133030613237538476e-04,-4.020101791831064576e-04,-5.565316796536713705e-05,2.104204610425512018e-02,-4.319905097939051586e-04,1.949913247781709390e-06,-8.240806063050515792e-06,-2.500444089063744713e-01,2.335064825896413995e-02,-1.554636952386329707e+00,1.616609314916978291e-01,2.014987815600892684e-01,2.980967216715684209e-01,3.716583511820638064e-01,3.174521612625510469e-01,2.020470473310101434e-02,-1.411113678949521277e-01,1.693453444655378670e-01
2.899999999999636202e-01,8.500000000000000000e+01,-1.180920279139093365e+00,-2.854324909973101065e-01,1.759114761321149842e+02,-3.252767158852572921e-02,-3.783911768961843447e-01,-1.143281947799283244e-01,1.737773106298955428e-01,3.070092259244885380e-01,3.241452376867647867e-01,4.952320487947805550e-01,1.122617318023089519e-02,7.737691202695053116e-03,-4.568910038467963730e-01,-1.910465545254957584e-02,-8.145498802208237521e-01,-3.049700501126808128e+00,-6.972410635806022050e+00,6.162601674817702602e-01,-1.469844889959788858e+01,-6.991545475807208199e+00,2.387374291708396490e-01,-1.491393484249221046e+01,1.802616946842342752e-03,3.948030639150060944e-02,5.895758781560972699e-04,-5.553153804888909554e-04,-7.868765509547083080e-05,2.243023755233788941e-02,-5.148557779464177234e-04,2.673510765881720520e-06,-1.260513618531799067e-05,-2.676317083292251153e-01,2.526974344621781346e-02,-1.592339451816362939e+00,1.624423533128201980e-01,2.083034682278031291e-01,2.997766690048406235e-01,3.796279915118990766e-01,3.250409557589823417e-01,1.892744790671138655e-02,-1.521593632013043818e-01,1.692953749635806304e-01
2.999999999999545253e-01,8.500000000000000000e+01,-1.188511635122546872e+00,-2.979915617896227720e-01,1.756595612228952916e+02,-3.252617164533790767e-02,-3.784129702877564450e-01,-1.143393373447676442e-01,1.752284638109345427e-01,3.207856312382694197e-01,3.268236781922361778e-01,5.076812277802146278e-01,1.332267457477371783e-03,4.646219667019757180e-03,-4.904139981625207922e-01,-4.787780206184089754e-02,-6.326559889838679895e-01,-3.420505051848625744e+00,-7.419404688829946082e+00,6.431792643471500037e-01,-1.504762484188570326e+01,-7.457780337702845763e+00,2.614491677779740009e-01,-1.527548989100678511e+01,2.130314321611208490e-03,3.993784523758527050e-02,6.362616133150766212e-04,-6.485855437009745671e-05,-9.471581776756338633e-05,2.369426842838072422e-02,-5.965079008047423489e-04,3.098179112706582048e-07,-1.617548816448898685e-06,-2.854752971148920571e-01,2.733375307841581087e-02,-1.630947637856571930e+00,1.632669681285624785e-01,2.155577820505131525e-01,3.015210121732133097e-01,3.878865307953013319e-01,3.326297502554136920e-01,1.765019108032178652e-02,-1.632073585076566635e-01,1.692454054616234216e-01
3.099999999999454303e-01,8.500000000000000000e+01,-1.196059346872966334e+00,-3.105869086291030978e-01,1.754077000175486774e+02,-3.252911924346285621e-02,-3.784877014013309227e-01,-1.143945113917987921e-01,1.735674823892007501e-01,3.245082169876125633e-01,3.336019551805605166e-01,5.166914430882164622e-01,-9.954846736308430727e-03,-7.648444575670473866e-04,-5.237927691232032723e-01,3.580909038259885019e-02,-3.003300549844207801e-01,-3.948242766334030485e+00,-7.849041024835847757e+00,6.378779977189755757e-01,-1.543386555600475774e+01,-7.908466347069862401e+00,2.852354907671523776e-01,-1.567638053317990021e+01,2.476819762660481539e-03,3.692069785494641460e-02,9.509186979528432308e-04,4.774175441248540062e-04,-1.110332326022809343e-04,2.492923293247274047e-02,-6.795474221383455103e-04,-2.270013810297703056e-06,1.291832771240593227e-05,-3.027203009794000588e-01,2.941459352382300510e-02,-1.673750217472574464e+00,1.639312793489558495e-01,2.225843240817232671e-01,3.035900089107859690e-01,3.961935479318094422e-01,3.370922744113975522e-01,1.607437665462208010e-02,-1.670151112530338655e-01,1.761088494459818465e-01
3.199999999999363354e-01,8.500000000000000000e+01,-1.197595445084829180e+00,-3.306657253803421126e-01,1.750664010340712196e+02,-3.237270091537063077e-02,-3.787335504082378623e-01,-1.146600348828366173e-01,1.676717644588703315e-01,3.145503929235645146e-01,3.459589520667148421e-01,5.210221997945291283e-01,-3.679430245749612527e-03,1.891227781669496157e-04,-5.849003849088419971e-01,1.403392467345470906e-01,-3.637045800863832751e-02,-4.518651895108445338e+00,-8.256632411868087829e+00,6.077815091118969892e-01,-1.588784619198440851e+01,-8.317820437822266655e+00,3.015919879350082433e-01,-1.615930939763147123e+01,2.968009457102946825e-03,3.209689340959260423e-02,1.489132333227450840e-03,1.742525518288946297e-04,-1.372420948694786855e-04,2.748967672985331429e-02,-8.000991317767707812e-04,-8.309547730278639054e-07,5.032911361549265020e-06,-3.183908312381673600e-01,3.133154936584889305e-02,-1.725312575480204336e+00,1.641725145111385675e-01,2.285154931361234043e-01,3.063225097959358378e-01,4.042441240448748085e-01,3.373008273109197042e-01,1.409230963156005156e-02,-1.609709380962542347e-01,1.923794972394045621e-01
3.299999999999272404e-01,8.500000000000000000e+01,-1.197283329624813764e+00,-3.529223510528143315e-01,1.746990953227944203e+02,-3.239498682196476770e-02,-3.786803308559774095e-01,-1.145396499919187766e-01,1.617760465285399407e-01,3.045925688595164660e-01,3.583159489528691677e-01,5.253529565008417945e-01,7.016846077968080103e-03,2.745302814743029798e-03,-6.529879364742267045e-01,1.347296705387214799e-01,1.602432531020569206e-01,-5.143230852648273732e+00,-8.633086185569130322e+00,5.766066246795423789e-01,-1.641934834241061836e+01,-8.691827702724742366e+00,3.139700701951490536e-01,-1.672265467220664092e+01,3.510124021784198460e-03,2.757975348871704452e-02,2.022414710047763364e-03,-3.288528933644934132e-04,-1.683984756656931091e-04,3.037130076601059561e-02,-9.327560197173790681e-04,1.583328081276780990e-06,-1.001650771518499186e-05,-3.327111530137586426e-01,3.308474171706193845e-02,-1.785459040801034014e+00,1.640179590656655750e-01,2.334219331195029334e-01,3.096757234457416241e-01,4.120547977892607960e-01,3.375093802104418561e-01,1.211024260849807854e-02,-1.549267649394745761e-01,2.086501450328272778e-01
3.399999999999181455e-01,8.500000000000000000e+01,-1.196853215268315340e+00,-3.751836950673639870e-01,1.743318843715870230e+02,-3.251645853208266768e-02,-3.784073927894111566e-01,-1.143159350838989230e-01,1.558803285982095221e-01,2.946347447954683618e-01,3.706729458390235488e-01,5.296837132071544607e-01,-1.443029280180580312e-03,-2.181520188925194226e-02,-6.769223261009822412e-01,-3.109716761894711079e-02,3.789368065442281774e-01,-5.745819632326303328e+00,-8.961109190243909950e+00,5.550279498737401562e-01,-1.704937791269637160e+01,-9.035807570763072505e+00,3.328590754248749173e-01,-1.736440866414923789e+01,3.788407407640823153e-03,2.337029244795206170e-02,2.422765558089691549e-03,6.705552661833373953e-05,-1.808785495843583677e-04,3.121060351633497820e-02,-9.961490226352727722e-04,-3.278682755721916932e-07,2.134107066657965917e-06,-3.458384293943805310e-01,3.467557714090532123e-02,-1.853977634473657155e+00,1.634931387421207638e-01,2.373697318991777327e-01,3.136096182225812656e-01,4.196410411920216132e-01,3.377179331099640081e-01,1.012817558543605001e-02,-1.488825917826948619e-01,2.249207928262500489e-01
3.499999999999090505e-01,8.500000000000000000e+01,-1.196305100952042899e+00,-3.974497608194879072e-01,1.739647982441310887e+02,-3.235698787927140246e-02,-3.786993905439510200e-01,-1.146018858208802671e-01,1.499846106678791036e-01,2.846769207314203132e-01,3.830299427251778743e-01,5.340144699134671269e-01,-1.060797813232501260e-02,-4.737378052652627125e-02,-6.992315863867283321e-01,-2.700645048529815018e-01,5.018517699824016631e-01,-6.213220984076404996e+00,-9.260649546257628373e+00,5.351023782828235875e-01,-1.775651714593165309e+01,-9.351393783483283428e+00,3.507946785321394145e-01,-1.808261613488391006e+01,4.038571088391005801e-03,1.943387570549624799e-02,2.786329920683255912e-03,4.896287520869841434e-04,-1.941422032614152800e-04,3.201475137788744457e-02,-1.054680627669233759e-03,-2.443327680241539072e-06,1.616600125659704748e-05,-3.578745467949457360e-01,3.610649962282840020e-02,-1.930628757402671258e+00,1.626219330388278816e-01,2.404207151366476169e-01,3.180867442498371833e-01,4.270173284425390348e-01,3.379264860094861045e-01,8.146108562374021478e-03,-1.428384186259152311e-01,2.411914406196727922e-01
3.599999999998999556e-01,8.500000000000000000e+01,-1.195507640681330974e+00,-4.193088880986618472e-01,1.735898064125594544e+02,-3.224247417488827760e-02,-3.788800269944738175e-01,-1.147916392812608627e-01,1.440888927375487127e-01,2.747190966673722090e-01,3.953869396113321999e-01,5.383452266197797931e-01,-1.522508063904043363e-02,-6.070687455491257517e-02,-7.441392113436151590e-01,-3.419701336969342975e-01,4.939370204880910165e-01,-6.607961107758471009e+00,-9.535941755486904370e+00,5.142997065261516454e-01,-1.852737217397608660e+01,-9.639560169417162427e+00,3.655703617869831001e-01,-1.887452816651216025e+01,4.416815692619442853e-03,1.574805616844256531e-02,3.147171979404512609e-03,6.991959493594443594e-04,-2.207146446165235995e-04,3.389449510731620124e-02,-1.149693090063513314e-03,-3.575744701941793245e-06,2.381441808371893685e-05,-3.688761819570359757e-01,3.738077938786416032e-02,-2.015152499861240454e+00,1.614266813932678513e-01,2.426327211700999298e-01,3.230720669063449901e-01,4.341972002460823266e-01,3.381350389090082009e-01,6.164041539312048457e-03,-1.367942454691355447e-01,2.574620884130955356e-01
3.699999999998908606e-01,8.500000000000000000e+01,-1.192112106948775674e+00,-4.333251114601205933e-01,1.730614989340537591e+02,-3.226861188916570200e-02,-3.789285092375810904e-01,-1.148016221449327107e-01,1.381931748072182942e-01,2.647612726033241604e-01,4.077439364974865255e-01,5.426759833260924593e-01,-1.912692759848878474e-02,-7.211722427305536365e-02,-7.926009593870139147e-01,-1.948495324784090821e-01,5.423706878559720890e-01,-7.014343775249249013e+00,-9.785508208247977180e+00,4.942120872116058106e-01,-1.936776090586587884e+01,-9.901220124111954846e+00,3.788292052207801741e-01,-1.973762877621714651e+01,4.805345550017065676e-03,1.229989571430488600e-02,3.486323382890187811e-03,8.753641520891299217e-04,-2.520949840940157655e-04,3.597346225517109031e-02,-1.251474577180748107e-03,-4.603484320107241921e-06,3.061925910234247251e-05,-3.788633521366516765e-01,3.850233357027914305e-02,-2.107274765398732708e+00,1.599282825052457391e-01,2.440598581689114588e-01,3.285328110592874440e-01,4.411933240270133338e-01,3.383435918085303529e-01,4.181974516250019924e-03,-1.307500723123559139e-01,2.737327362065182790e-01
3.800000000001091394e-01,8.500000000000000000e+01,-1.188638087776726859e+00,-4.473279216760586152e-01,1.725333948444597638e+02,-3.238364737122421955e-02,-3.786645376444230382e-01,-1.145452767685511408e-01,1.322974568767538162e-01,2.548034485390496817e-01,4.201009333839217930e-01,5.470067400325036022e-01,-6.731975657052231485e-03,-4.361108553575248487e-02,-8.808361200311504158e-01,-1.554167140727883908e-02,6.360081999848781198e-01,-7.492524093531341300e+00,-1.002065505001552737e+01,4.658386264645293928e-01,-2.025778518357734725e+01,-1.013421081905351251e+01,3.820967502433835761e-01,-2.066829111356371129e+01,5.468675322102092493e-03,9.057829182003141605e-03,3.903612990218326053e-03,3.075173143989691428e-04,-3.155242280061742403e-04,3.991466719869184859e-02,-1.429490768283616037e-03,-1.667558993973365937e-06,1.100774694803091006e-05,-3.878266582055632239e-01,3.947557439081390146e-02,-2.206712376320737690e+00,1.581462872543986653e-01,2.447527447034669457e-01,3.344383153429967837e-01,4.480175502493110584e-01,3.385521447080572233e-01,2.199907493142971848e-03,-1.247058991554388374e-01,2.900033840003109487e-01
3.900000000001000444e-01,8.500000000000000000e+01,-1.185085582212640931e+00,-4.613173195066365695e-01,1.720055833909595435e+02,-3.224529436716270375e-02,-3.788778265800470391e-01,-1.147796115432482833e-01,1.264017389464234253e-01,2.448456244750015776e-01,4.324579302700761185e-01,5.513374967388162684e-01,1.104033471886520928e-02,-1.933938971875256985e-03,-9.821950786057181970e-01,5.278893713115025144e-02,6.662045304096911869e-01,-7.965354275403496054e+00,-1.023195411312195269e+01,4.358269629891494690e-01,-2.120804759085441660e+01,-1.033848844650609422e+01,3.790392808112674206e-01,-2.166524866097220681e+01,6.219935364268526154e-03,6.318842991013122988e-03,4.323355701908262495e-03,-5.041509913656318145e-04,-3.943999852482239646e-04,4.450993917499033309e-02,-1.637849893015420975e-03,2.824937321911181729e-06,-1.841576555260746780e-05,-3.957334026653273606e-01,4.030528106404311639e-02,-2.313177305703407516e+00,1.560989856252078811e-01,2.447587347999627960e-01,3.407598958356839458e-01,4.546809651047911682e-01,3.387606976075793197e-01,2.178404700809988270e-04,-1.186617259986591510e-01,3.062740317937336920e-01
4.000000000000909495e-01,8.500000000000000000e+01,-1.181454589283165379e+00,-4.752933057082459611e-01,1.714781535231811347e+02,-3.226445386902809104e-02,-3.788784263433042643e-01,-1.147915382771616116e-01,1.216573189862900778e-01,2.365996462417727930e-01,4.443500091843474165e-01,5.576331099027227456e-01,1.340850578457647262e-02,2.137778487845076042e-02,-1.090296710561838855e+00,1.979503880652319289e-02,5.806723053001896506e-01,-8.375711841100313748e+00,-1.041661078277434882e+01,4.335839732783353107e-01,-2.222142835238076231e+01,-1.053456441800180521e+01,3.835799149283677378e-01,-2.272708098652501718e+01,6.987232329481497979e-03,5.691643963715153388e-03,4.550271131766744914e-03,-6.128092330746138291e-04,-4.759753096393413573e-04,4.946052775327938744e-02,-1.859379158527286330e-03,3.552147252181670923e-06,-2.279705966480633474e-05,-4.032991451853429332e-01,4.103780028793184431e-02,-2.426527672476038511e+00,1.538777387031281252e-01,2.442325305794511014e-01,3.474407345664556890e-01,4.613206593202712202e-01,3.400600210787832478e-01,-8.296132685536861118e-04,-1.141127139869290152e-01,3.218630769295036664e-01
4.100000000000818545e-01,8.500000000000000000e+01,-1.181852672319070319e+00,-4.827472592083887348e-01,1.708636896331738342e+02,-3.229297534363186062e-02,-3.788997108256935697e-01,-1.148045798225040548e-01,1.230947091457783582e-01,2.375452988062420612e-01,4.537457451033396483e-01,5.744788758920343907e-01,7.716780654216890203e-03,3.508018245047506145e-02,-1.201926306427200331e+00,2.255681659652171780e-02,5.055538050114704030e-01,-8.940646481864988004e+00,-1.069001176031192912e+01,4.545341041357534029e-01,-2.330494583140731635e+01,-1.082977127127183792e+01,3.953637086403272716e-01,-2.385917010942335637e+01,7.792162100678093513e-03,6.732947011328554825e-03,4.647425994584060242e-03,-3.527417532839240101e-04,-5.590923638681224474e-04,5.453987424265943629e-02,-2.089688382764728902e-03,2.111247770407059966e-06,-1.335489858458209859e-05,-4.146442316325588684e-01,4.190171290890674916e-02,-2.547400695174699692e+00,1.518924483171137929e-01,2.438012508406044998e-01,3.542966652022249696e-01,4.686185738754293784e-01,3.472161572368486215e-01,3.141270564115505870e-03,-1.175918602245792366e-01,3.337923065216767959e-01
4.200000000000727596e-01,8.500000000000000000e+01,-1.191958996858630382e+00,-4.751306368646368572e-01,1.700454126243267865e+02,-3.227295566203569610e-02,-3.789154454450193721e-01,-1.147883918335691478e-01,1.245320993052666247e-01,2.384909513707113571e-01,4.631414810223319356e-01,5.913246418813459249e-01,-2.012614955814156364e-02,4.996594267755346402e-02,-1.293112905211219799e+00,1.587780231465444475e-02,5.125661920572316399e-01,-9.641982171971447357e+00,-1.103458287817502281e+01,4.960051058692348525e-01,-2.446808951040923574e+01,-1.122070292786750834e+01,4.280427018186377941e-01,-2.506080787376910735e+01,8.493599352765744681e-03,7.734919595699273585e-03,4.590855283673383851e-03,9.195674885716282904e-04,-6.356064688618027212e-04,5.865765865156805092e-02,-2.288840401872851722e-03,-5.673037735300904138e-06,3.540455391019553809e-05,-4.296620800546028240e-01,4.289486106970195889e-02,-2.675782662466780870e+00,1.501278969187525847e-01,2.434587736174060879e-01,3.613163955381419323e-01,4.765322581560462734e-01,3.543722933949139398e-01,7.112154396784642341e-03,-1.210710064622293469e-01,3.457215361138499254e-01
4.300000000000636646e-01,8.500000000000000000e+01,-1.202291237920728229e+00,-4.677111628597603321e-01,1.692278176837073715e+02,-3.233219318254669516e-02,-3.786858319256123928e-01,-1.145728101266840354e-01,1.259694894647548913e-01,2.394366039351806252e-01,4.725372169413241674e-01,6.081704078706574590e-01,-4.908350338461156537e-02,6.491123769210586925e-02,-1.383271020054689382e+00,-8.441036507156578217e-02,4.697794110192352601e-01,-1.025611028750992482e+01,-1.147088651324876274e+01,5.424353770535059738e-01,-2.570195503456876907e+01,-1.170516090715598523e+01,4.662550067606854309e-01,-2.633219998552876362e+01,9.215954716187827953e-03,8.678492788807687028e-03,4.514417997063055119e-03,2.240285953964458489e-03,-7.128729543224062836e-04,6.268853568651543140e-02,-2.488656246225840179e-03,-1.422175990448280049e-05,8.763923590505630519e-05,-4.482664746139586320e-01,4.401556785459281168e-02,-2.811671988744234518e+00,1.485698483852096463e-01,2.431993717678849476e-01,3.684893616376931358e-01,4.850219993160008736e-01,3.615284295529792580e-01,1.108303822945377881e-02,-1.245501526998795128e-01,3.576507657060230549e-01
4.400000000000545697e-01,8.500000000000000000e+01,-1.212849395752050974e+00,-4.604888364390384847e-01,1.684112341988368371e+02,-3.232069703228029889e-02,-3.786409149527755758e-01,-1.146032516454639077e-01,1.274068796242431856e-01,2.403822564996498934e-01,4.819329528603163992e-01,6.250161738599689931e-01,-3.428066440895827932e-02,7.999389218510542798e-02,-1.478018222390863778e+00,-1.639074884219356154e-01,4.331132579937040372e-01,-1.082107167487315280e+01,-1.204978172176513596e+01,5.503030800645078990e-01,-2.700441414517408134e+01,-1.228129997373736160e+01,4.668968702707381735e-01,-2.767560107971213768e+01,9.998379794368038309e-03,9.509069075842910279e-03,4.717970070789148131e-03,1.562142258285044915e-03,-7.932791083465146270e-04,6.688192026518192945e-02,-2.698437572933930911e-03,-1.018807276834905319e-05,6.203526308582905328e-05,-4.703880609071662278e-01,4.526254630396548545e-02,-2.955076179681493276e+00,1.472049847241332088e-01,2.430176875107230294e-01,3.758056808644807956e-01,4.940506457103513438e-01,3.686845657110445762e-01,1.505392206212291528e-02,-1.280292989375296508e-01,3.695799952981961845e-01
4.500000000000454747e-01,8.500000000000000000e+01,-1.223633470579815974e+00,-4.534636568836845627e-01,1.675959890999639015e+02,-3.225187494662983684e-02,-3.788659832992677390e-01,-1.147979144526984074e-01,1.288442697837314521e-01,2.413279090641191615e-01,4.913286887793086311e-01,6.418619398492805272e-01,-1.161575469685618978e-02,9.510122504140097743e-02,-1.573589912193227969e+00,-2.385025191676374001e-01,3.335814969477152725e-01,-1.129701489359376154e+01,-1.272731529293458941e+01,5.487996391304599264e-01,-2.837793444398861453e+01,-1.294768918849021411e+01,4.587908486862495860e-01,-2.909025755799387269e+01,1.081805952932852512e-02,1.027284294255555001e-02,4.970421839478905701e-03,5.281966790001584901e-04,-8.745567704319507328e-04,7.106229778453942991e-02,-2.910756791319290063e-03,-3.533688216470218661e-06,2.127274617896884228e-05,-4.959713735311385152e-01,4.663482289850540141e-02,-3.106009329422069865e+00,1.460208468606516985e-01,2.429087086040729315e-01,3.832561079431243134e-01,5.035834417157492027e-01,3.758407018691098944e-01,1.902480589479210726e-02,-1.315084451751797889e-01,3.815092248903693140e-01
4.600000000000363798e-01,8.500000000000000000e+01,-1.233613798273652362e+00,-4.466161905600506410e-01,1.667565512008881683e+02,-3.225899557389595718e-02,-3.788926822414381834e-01,-1.148021588898073819e-01,1.302816599432197187e-01,2.422735616285884575e-01,5.007244246983009184e-01,6.587077058385920614e-01,-1.669326004158525577e-03,9.958261016351516171e-02,-1.688374083151898519e+00,-3.004969599307907302e-01,7.283611209031791434e-02,-1.170380002985196022e+01,-1.347666032105538214e+01,5.591577531990242766e-01,-2.981480738037287992e+01,-1.370417137266889718e+01,4.629870568469242054e-01,-3.057517209412722181e+01,1.178855346338880672e-02,1.100117418018643246e-02,5.133120302518788362e-03,7.571013794815981775e-05,-9.627481222049216704e-04,7.604713396017598326e-02,-3.155567235961026073e-03,-5.188272096099402013e-07,3.089365282939079667e-06,-5.249723212371824044e-01,4.813167343411511867e-02,-3.264490069642639547e+00,1.450057792431956039e-01,2.428677460606758765e-01,3.908319938539265848e-01,5.135878732037829630e-01,3.829968380271753237e-01,2.299568972746118822e-02,-1.349875914128299548e-01,3.934384544825423879e-01
4.700000000000272848e-01,8.500000000000000000e+01,-1.230599380639169294e+00,-4.396325977917300842e-01,1.655843751631622354e+02,-3.226634103977326501e-02,-3.788818757908651302e-01,-1.147971319862904072e-01,1.317190501027080130e-01,2.432192141930577256e-01,5.101201606172931502e-01,6.755534718279037065e-01,3.871730161445559055e-03,9.970302727999209857e-02,-1.809925353501195655e+00,-2.447017401468219167e-01,-1.804176831774099987e-01,-1.216499948237166073e+01,-1.430772471942423429e+01,5.739593928743407236e-01,-3.132036056773013399e+01,-1.454941279205465143e+01,4.720687080186382056e-01,-3.213073981442626348e+01,1.283802153191862180e-02,1.168709718220729138e-02,5.260955283450952265e-03,-1.750588487453407362e-04,-1.053387904266373616e-03,8.126961798185514119e-02,-3.411596541862770178e-03,1.227153389414363527e-06,-7.230370189929104103e-06,-5.573560649989625082e-01,4.975256949040149368e-02,-3.430539901789773971e+00,1.441488780218572741e-01,2.428904133001984766e-01,3.985252473785472760e-01,5.240335229802113304e-01,3.901529741852406419e-01,2.696657356013043572e-02,-1.384667376504801206e-01,4.053676840747155730e-01
4.800000000000181899e-01,8.500000000000000000e+01,-1.227979571566386818e+00,-4.326930413522861452e-01,1.644140498957824263e+02,-3.238851682775356622e-02,-3.785758989575562228e-01,-1.145263138500951655e-01,1.331564402621962795e-01,2.441648667575269938e-01,5.195158965362853820e-01,6.923992378172152407e-01,5.404197312729857976e-03,7.743308990297476102e-02,-1.940676520211967127e+00,-3.119027524389575423e-01,-3.625382383211891435e-01,-1.251403585616460745e+01,-1.522269665333801925e+01,5.937463280885076911e-01,-3.289386128137333287e+01,-1.548497051092660826e+01,4.864992248553336451e-01,-3.375709366134297795e+01,1.395978991207472847e-02,1.233376606493438547e-02,5.355769253659809978e-03,-2.434954587909028776e-04,-1.141492204169209128e-03,8.682081688829447474e-02,-3.676943071818063874e-03,1.743795945995866316e-06,-1.016959712449424304e-05,-5.930952330081258328e-01,5.149713394040263820e-02,-3.604181853367007360e+00,1.434399425688844543e-01,2.429726066460984601e-01,4.063282991257115562e-01,5.348919355473565895e-01,3.973091103433059601e-01,3.093745739279957219e-02,-1.419458838881302865e-01,4.172969136668887025e-01
4.900000000000090949e-01,8.500000000000000000e+01,-1.225754370291189721e+00,-4.257975210181044190e-01,1.632465298255550010e+02,-3.222700445019058280e-02,-3.788452336090407102e-01,-1.147819593897475288e-01,1.345938304216845460e-01,2.451105193219962897e-01,5.289116324552776138e-01,7.092450038065267748e-01,6.936664464014157330e-03,5.516315252595743041e-02,-2.071427686922738598e+00,-4.972482435743260099e-01,-5.356479666096870540e-01,-1.281176293402639743e+01,-1.622397233894410817e+01,6.140535059236286175e-01,-3.453941724833087079e+01,-1.650799226331891489e+01,5.018490962635515640e-01,-3.545473312832679369e+01,1.512370603593845945e-02,1.293839880345684645e-02,5.445615556504814457e-03,-3.113279857939839552e-04,-1.229232652150879547e-03,9.229483724013920476e-02,-3.940628016220984464e-03,2.275044126161566036e-06,-1.313553733575197581e-05,-6.321684241664869974e-01,5.336510416189050449e-02,-3.785439407457557248e+00,1.428694301257631138e-01,2.431104870803062201e-01,4.142340678770094486e-01,5.461364905883786536e-01,4.044652465013712783e-01,3.490834122546870866e-02,-1.454250301257804523e-01,4.292261432590617765e-01
5.000000000000000000e-01,8.500000000000000000e+01,-1.223923775965902960e+00,-4.189460365701897504e-01,1.620827554932090493e+02,-3.225603888759435989e-02,-3.788404890894191968e-01,-1.148056882074502960e-01,1.360312205811728403e-01,2.460561718864655578e-01,5.383073683742698456e-01,7.260907697958383089e-01,-1.422433118212341335e-02,2.941772267543383071e-02,-2.197320877156406560e+00,-5.539528042138506247e-01,-6.643991720552125946e-01,-1.317104482568382906e+01,-1.728585877015840566e+01,6.689973463800014120e-01,-3.626138273103661191e+01,-1.761852969707990724e+01,5.508645870130902678e-01,-3.722344304057309472e+01,1.628972573587481737e-02,1.364706899483226522e-02,5.220414706667958135e-03,6.356912965703522293e-04,-1.312115992393040557e-03,9.747068672954772861e-02,-4.191397864580544662e-03,-4.734709138302286226e-06,2.706957713815289607e-05,-6.745589582115829597e-01,5.535630179522477157e-02,-3.974335661865984637e+00,1.424284133752469206e-01,2.433004631746019941e-01,4.222359291031558826e-01,5.577422846109297838e-01,4.116213826594366521e-01,3.887922505813790064e-02,-1.489041763634305904e-01,4.411553728512348505e-01
5.099999999999909051e-01,8.500000000000000000e+01,-1.222487787662457359e+00,-4.121385877941044495e-01,1.609236490819803862e+02,-3.246810148282262137e-02,-3.784778419243435832e-01,-1.145082371554509287e-01,1.403495371676831138e-01,2.537560380855111153e-01,5.458411330310724008e-01,7.382572680957110167e-01,-3.693183711071177516e-02,3.435445548897853030e-03,-2.322883006826915064e+00,-6.883038242149125407e-01,-7.325674059654960768e-01,-1.350581057720448364e+01,-1.835654653485000765e+01,7.315614656744094946e-01,-3.799541893216964183e+01,-1.874076210497755568e+01,6.066835187136324636e-01,-3.900075308771369009e+01,1.750110029179933677e-02,1.443923065756326507e-02,4.818436050082275726e-03,1.641294087845609866e-03,-1.392550222425856157e-03,1.024495384006234855e-01,-4.435342940338766159e-03,-1.242681829583489174e-05,7.049975003641573742e-05,-7.173803221550325571e-01,5.744745088504564501e-02,-4.164077920835605795e+00,1.422943403808751006e-01,2.439747747238343034e-01,4.302076013702489377e-01,5.693842401428309552e-01,4.195509940949944117e-01,3.950481707340530724e-02,-1.529113179912333087e-01,4.449964129367945942e-01
5.199999999999818101e-01,8.500000000000000000e+01,-1.227529476196967950e+00,-4.413016145813604130e-01,1.594139762292320768e+02,-3.259878232559292044e-02,-3.782725727680979477e-01,-1.143029560558755930e-01,1.450926375131034451e-01,2.624517923535006902e-01,5.531003557404245985e-01,7.497338227373832042e-01,-4.659241765339813129e-02,-6.325566978754620234e-03,-2.460178666365660405e+00,-8.740070918589294413e-01,-8.311730430155044314e-01,-1.394079172545432321e+01,-1.943805085025045187e+01,7.776043761273611077e-01,-3.972613613272219624e+01,-1.986225796913849706e+01,6.465423899242269679e-01,-4.077826761712611159e+01,1.888134511243640817e-02,1.517819292004508706e-02,4.503567638436734889e-03,2.056184248671040753e-03,-1.482689301746462811e-03,1.077423622938318837e-01,-4.699676438241038798e-03,-1.578506691020324757e-05,8.904602740417596172e-05,-7.602527439209667559e-01,5.963266525771171445e-02,-4.353833417420021945e+00,1.424748109997098777e-01,2.451664132983954469e-01,4.381333256173504109e-01,5.810155284726429281e-01,4.275946520861029776e-01,3.963715607828066645e-02,-1.569963109186779393e-01,4.476448743056018476e-01
5.299999999999727152e-01,8.500000000000000000e+01,-1.233451171170343086e+00,-4.788364522189484940e-01,1.578295369286344965e+02,-3.225088244985889474e-02,-3.788848667263325365e-01,-1.147869777702621996e-01,1.498357378585237765e-01,2.711475466214902652e-01,5.603595784497769072e-01,7.612103773790555028e-01,-5.081724135243411572e-02,-9.328293745738680531e-03,-2.602362881130632744e+00,-8.885025413556654206e-01,-9.560346555670623525e-01,-1.448363093930485590e+01,-2.052497996642379263e+01,8.166357735433417142e-01,-4.145821857523402088e+01,-2.098546084762929453e+01,6.799199803531056352e-01,-4.255745052137680062e+01,2.036953813529618698e-02,1.586187614192221401e-02,4.243210750957400294e-03,2.224055101075779646e-03,-1.574763710457458129e-03,1.130235730472835542e-01,-4.967248722384261413e-03,-1.727243778754962693e-05,9.705910016923544861e-05,-8.032259919086111033e-01,6.190972708244801836e-02,-4.543783059218937659e+00,1.429495393657965185e-01,2.468420149186973112e-01,4.460160651708013901e-01,5.926368375603895400e-01,4.356383100772115990e-01,3.976949508315608117e-02,-1.610813038461225422e-01,4.502933356744092119e-01
5.399999999999636202e-01,8.500000000000000000e+01,-1.238798809122504396e+00,-5.167064795831378676e-01,1.562523549053494776e+02,-3.228644619714315239e-02,-3.789169804681704057e-01,-1.148001323661335532e-01,1.545788382039441078e-01,2.798433008894798402e-01,5.676188011591292160e-01,7.726869320207276903e-01,-3.502348756499010923e-02,-1.436589713479368216e-02,-2.771808326461824290e+00,-9.064305099157462520e-01,-1.076027444203592642e+00,-1.503350265459457624e+01,-2.163274768847810137e+01,8.210780365510141898e-01,-4.318347958786088014e+01,-2.211278709561296552e+01,6.795220855041412822e-01,-4.433979168519728375e+01,2.213351646117449334e-02,1.646593283699832044e-02,4.155424497338476401e-03,1.518263591182256742e-03,-1.678992507117300220e-03,1.192360693975615948e-01,-5.276771847242119756e-03,-1.190429010955176331e-05,6.673692665411599522e-05,-8.463407297199080359e-01,6.427677967536733761e-02,-4.734079833571721352e+00,1.436995479098369388e-01,2.489703673487868585e-01,4.538585922430928288e-01,6.042488109974788468e-01,4.436819680683202205e-01,3.990183408803138487e-02,-1.651662967735670895e-01,4.529417970432164653e-01
5.499999999999545253e-01,8.500000000000000000e+01,-1.243572386376845973e+00,-5.549117189944683393e-01,1.546846775226842965e+02,-3.227670279136850284e-02,-3.788930423852586160e-01,-1.147998752245362603e-01,1.593219385493644391e-01,2.885390551574694151e-01,5.748780238684814137e-01,7.841634866623998779e-01,-1.393819397561478837e-02,-2.031556191185381402e-02,-2.950183307417231227e+00,-1.005975655032136151e+00,-1.133325062445507792e+00,-1.557055480071558229e+01,-2.274738828533048007e+01,8.122337318100999459e-01,-4.491154642483718362e+01,-2.324495832655930982e+01,6.663281434518700808e-01,-4.612644137048670245e+01,2.404073652133266112e-02,1.701799285359698738e-02,4.129071225074525640e-03,5.977980365666752229e-04,-1.784235625017509437e-03,1.255575345848784774e-01,-5.592486557864218173e-03,-4.723687749548847395e-06,2.645433137128804933e-05,-8.896299854499045701e-01,6.673227069572067183e-02,-4.924853088370016785e+00,1.447070829831939021e-01,2.515222713239114727e-01,4.616635002583741043e-01,6.158520508681682992e-01,4.517256260594287864e-01,4.003417309290674408e-02,-1.692512897010117201e-01,4.555902584120237186e-01
5.599999999999454303e-01,8.500000000000000000e+01,-1.252644941070096385e+00,-5.953765563712465347e-01,1.530900275433566264e+02,-3.224689404309032809e-02,-3.788670800293359453e-01,-1.147757511589510698e-01,1.640650388947847427e-01,2.972348094254589901e-01,5.821372465778337224e-01,7.956400413040720654e-01,-5.850734531727908722e-02,-3.198794225557713422e-02,-3.096250466421190506e+00,-1.148628861780633725e+00,-1.072089604979146182e+00,-1.599112304744411972e+01,-2.379861789276993989e+01,9.336850881412978032e-01,-4.666542568773938626e+01,-2.438357229039893781e+01,7.825773477096722441e-01,-4.791969768466308466e+01,2.574475660741302671e-02,1.765529322418700822e-02,3.575028005927141650e-03,2.480090765344260088e-03,-1.863561712810069123e-03,1.302318366068942190e-01,-5.833890096553974447e-03,-1.971843630375261762e-05,1.104420260352011055e-04,-9.331204066783689299e-01,6.927490359422926181e-02,-5.116212198090273056e+00,1.459555359235574223e-01,2.544704107279373573e-01,4.694332153830521048e-01,6.274471204264864266e-01,4.597692840505373524e-01,4.016651209778204779e-02,-1.733362826284562952e-01,4.582387197808310275e-01
5.699999999999363354e-01,8.500000000000000000e+01,-1.315693197388310365e+00,-6.591185247036437378e-01,1.510697618591183584e+02,-3.225115260202945228e-02,-3.789007745375247982e-01,-1.147485438143518721e-01,1.688081392402050740e-01,3.059305636934485650e-01,5.893964692871860311e-01,8.071165959457442529e-01,-1.030764966589433757e-01,-4.366032259930046483e-02,-3.242317625425149341e+00,-1.277990954540861868e+00,-9.491384281184244154e-01,-1.633005215919832054e+01,-2.485508920544690170e+01,1.064243870246060597e+00,-4.842872301957836356e+01,-2.552821221642356875e+01,9.081948264867971687e-01,-4.971995194075807945e+01,2.751565134378796545e-02,1.826052575909969250e-02,3.016654368537788952e-03,4.314368874946690469e-03,-1.938294053025124784e-03,1.346532554045579422e-01,-6.064133781263857624e-03,-3.446543087544029011e-05,1.932489378464936111e-04,-9.768333305133880540e-01,7.190359618236588646e-02,-5.308249698850977083e+00,1.474293692113244902e-01,2.577892311434172856e-01,4.771700073127472241e-01,6.390345466005113995e-01,4.678129420416459738e-01,4.029885110265735149e-02,-1.774212755559008703e-01,4.608871811496383364e-01
5.799999999999272404e-01,8.500000000000000000e+01,-1.377212803496135507e+00,-7.254086579491604292e-01,1.490620661956486117e+02,-3.227516421503299343e-02,-3.789089829597057646e-01,-1.147876791844664596e-01,1.735512395856254053e-01,3.146263179614381400e-01,5.966556919965383399e-01,8.185931505874164404e-01,-1.323189975479649172e-01,-4.078224864760397750e-02,-3.385379747545909090e+00,-1.212055471823667352e+00,-7.389307964850290178e-01,-1.677432064928861877e+01,-2.593065743545295021e+01,1.169315335334845996e+00,-5.020052937365891665e+01,-2.667623070698077115e+01,1.008833176121132436e+00,-5.152622127934854035e+01,2.935737363461688940e-02,1.880537264110028126e-02,2.585814479198216345e-03,5.464030503713545629e-03,-2.011094029023491239e-03,1.387108486174036537e-01,-6.282257605327153278e-03,-4.380172581846270160e-05,2.460723533755332197e-04,-1.020785694166996826e+00,7.461744534085248959e-02,-5.501043965261710689e+00,1.491140473883764139e-01,2.614548262343311391e-01,4.848759993635663457e-01,6.506148223351406745e-01,4.758566000327545953e-01,4.043119010753271070e-02,-1.815062684833454176e-01,4.635356425184455897e-01
5.899999999999181455e-01,8.500000000000000000e+01,-1.437204079703955584e+00,-7.942471519125936519e-01,1.470714278034347160e+02,-3.228087581023070946e-02,-3.789374122142614154e-01,-1.148007406234434202e-01,1.782943399310457366e-01,3.233220722294277150e-01,6.039149147058905376e-01,8.300697052290886280e-01,-1.575363175100786550e-01,-3.408284326483355248e-02,-3.527652668060989427e+00,-1.027614231201060324e+00,-4.931714935621543949e-01,-1.730872319080173938e+01,-2.701504128135533023e+01,1.270982115469148965e+00,-5.198176167356783139e+01,-2.782995610253685470e+01,1.106369280029253055e+00,-5.333962995256160156e+01,3.126894071205235659e-02,1.931292771555623983e-02,2.189439048995461823e-03,6.413249659119522189e-03,-2.079775563008501218e-03,1.424984632005142637e-01,-6.488779365493361345e-03,-5.153203522691965528e-05,2.902708574248053885e-04,-1.064990808171254244e+00,7.741569701575354290e-02,-5.694661492216206433e+00,1.509959724321125463e-01,2.654448314563454536e-01,4.925531779125588705e-01,6.621884087837692778e-01,4.839002580238631612e-01,4.056352911240806991e-02,-1.855912614107900205e-01,4.661841038872528431e-01
5.999999999999090505e-01,8.500000000000000000e+01,-1.495667340640023379e+00,-8.656342279897404346e-01,1.451020936932153518e+02,-3.229254716614406856e-02,-3.789190523999005911e-01,-1.147979005072026076e-01,1.830374402764660680e-01,3.320178264974172899e-01,6.111741374152428463e-01,8.415462598707609265e-01,-1.505622291534146062e-01,-4.017395241331139788e-02,-3.706192984159399462e+00,-9.819165634977313761e-01,-3.793624384029153362e-01,-1.779764651952516630e+01,-2.813537564654875922e+01,1.249591747672691655e+00,-5.375899939463146637e+01,-2.899346103804314723e+01,1.135476874001651426e+00,-5.516171630835823692e+01,3.355335537097084431e-02,1.412043191994877094e-02,2.001839622475125747e-03,6.038541658673850406e-03,-2.160997884053673154e-03,1.474901957893541005e-01,-6.745997557544370152e-03,-4.858635556485597901e-05,2.745794243346940115e-04,-1.109459011407046169e+00,8.029772076382497847e-02,-5.889158836408444841e+00,1.530624232974073795e-01,2.697383246220193542e-01,5.002034012293292697e-01,6.737557373586194887e-01,4.919439160149717827e-01,4.069586811728342912e-02,-1.896762543382346511e-01,4.688325652560602075e-01
6.099999999998999556e-01,8.500000000000000000e+01,-1.551749462341263541e+00,-9.557749826377289759e-01,1.429188707138428924e+02,-3.226367405890462337e-02,-3.788807664819254239e-01,-1.147771879436500359e-01,2.039994415702494346e-01,3.266689293595684829e-01,6.275049507417700401e-01,8.367596428337674697e-01,-1.292736139542997043e-01,-5.195260905189118261e-02,-3.900860292977184063e+00,-1.188815869534730840e+00,-3.937542116747680954e-01,-1.815145529533448610e+01,-2.905503924384600367e+01,1.128127421485143556e+00,-5.548727421537046922e+01,-2.993868784076937573e+01,1.122557758892583690e+00,-5.693530924765230594e+01,3.562222114364017173e-02,2.816868953427466033e-03,1.883241266479458416e-03,5.093248375553497895e-03,-2.194628386855139619e-03,1.524930287596263645e-01,-6.891058486323298725e-03,-4.090177490830870403e-05,2.289128349524364070e-04,-1.145511854741439128e+00,8.262958737575072654e-02,-6.078479380698693646e+00,1.563475051793225268e-01,2.734099509655171789e-01,5.084134619675333422e-01,6.842683506743330035e-01,4.987332411263388776e-01,4.329260215133917677e-02,-1.659620899406582528e-01,4.667981113228598100e-01
6.199999999998908606e-01,8.500000000000000000e+01,-1.603022800175781359e+00,-1.078704523964536088e+00,1.403184887389618325e+02,-3.224865670479563212e-02,-3.788789320039436803e-01,-1.147667537237029023e-01,2.272996368222703623e-01,3.192952884263641211e-01,6.451435677499531840e-01,8.296284495593394537e-01,-1.404531348631371523e-01,-7.156998676567935536e-02,-4.107489940054283473e+00,-1.551866380704680859e+00,-1.818771716061979016e-01,-1.837736830349374628e+01,-2.970181784492614696e+01,1.083830005701267751e+00,-5.716511776766657249e+01,-3.063855028848665185e+01,1.186503843241001555e+00,-5.865454279270599613e+01,3.733569368016066703e-02,-8.501466771060115987e-03,1.492057936418288372e-03,5.421113231839406153e-03,-2.171898226673627148e-03,1.572955797936181344e-01,-6.900445787077772591e-03,-4.331373440155982587e-05,2.367112811804580853e-04,-1.172082763628458757e+00,8.432942665218251532e-02,-6.261819633801125384e+00,1.609234220674097826e-01,2.763692347212088896e-01,5.172315987263874648e-01,6.936430617075292071e-01,5.053417356394818150e-01,4.624461510264626929e-02,-1.382402667067400004e-01,4.640885460303290633e-01
6.300000000001091394e-01,8.500000000000000000e+01,-1.650238235851579471e+00,-1.204806862640974696e+00,1.377461066827137017e+02,-3.224349074559960948e-02,-3.788193437053335444e-01,-1.148107155093599924e-01,2.505998320748211161e-01,3.119216474929921157e-01,6.627821847585374515e-01,8.224972562847493451e-01,-1.520636341723282936e-01,-9.129141478500613083e-02,-4.314278373873554173e+00,-1.730307643898070680e+00,3.122282055747482299e-01,-1.868326171701814076e+01,-3.011870442142946658e+01,1.045432929889462237e+00,-5.879333979700763990e+01,-3.109928469168821508e+01,1.248786071917094453e+00,-6.031876278592506679e+01,3.856262521137187455e-02,-1.908693462864549314e-02,1.133299343837545180e-03,5.737314623155577789e-03,-2.092754900889972052e-03,1.614951029443215946e-01,-6.765166138925360340e-03,-4.548666432264737307e-05,2.394116005725102636e-04,-1.189479790306911644e+00,8.541017076595247559e-02,-6.439253511973795696e+00,1.667069241203285590e-01,2.786621170102616118e-01,5.266185948500157199e-01,7.019532572071367493e-01,5.119502301527749655e-01,4.919662805402041927e-02,-1.105184434721914744e-01,4.613789807377367547e-01
6.400000000001000444e-01,8.500000000000000000e+01,-1.693396033539593004e+00,-1.334083027665254439e+00,1.352103556449579571e+02,-3.226808307685289506e-02,-3.788638801385007526e-01,-1.148010805539615709e-01,2.739000273268420438e-01,3.045480065597877539e-01,6.804208017667205954e-01,8.153660630103214402e-01,-1.801841625851177964e-01,-9.773922427980553940e-02,-4.495162747494387823e+00,-1.762356293298419363e+00,8.829196375512801120e-01,-1.896515238543893034e+01,-3.030155688070841791e+01,1.057714099820343812e+00,-6.038121474649216225e+01,-3.132663408557494833e+01,1.354330994203872596e+00,-6.192807297509768460e+01,3.906826400226388191e-02,-2.895192722435871099e-02,6.680857857269924868e-04,6.635048619433571437e-03,-1.955653539487144533e-03,1.642280592712700715e-01,-6.465279722022080136e-03,-5.208763660560470244e-05,2.602869091757956652e-04,-1.198073423695909190e+00,8.588494178560468484e-02,-6.610831398460715214e+00,1.736201305299335806e-01,2.803315760724490735e-01,5.365377628828650325e-01,7.092675909894077257e-01,5.185587246659180138e-01,5.214864100532756730e-02,-8.279662023827327744e-02,4.586694154452061190e-01
6.500000000000909495e-01,8.500000000000000000e+01,-1.732496337423425015e+00,-1.466534153915678429e+00,1.327190506313438334e+02,-3.226568389747608984e-02,-3.789009620975249959e-01,-1.147796546895705205e-01,2.972002225788629715e-01,2.971743656265833922e-01,6.980594187749037394e-01,8.082348697358934242e-01,-2.105007904952500564e-01,-1.024214289543305401e-01,-4.672601464344253941e+00,-1.928278064863898855e+00,1.463838235965599477e+00,-1.910567987859018046e+01,-3.027605297210801183e+01,1.083840574337274099e+00,-6.191921166270928012e+01,-3.133451218775832103e+01,1.467134799430829251e+00,-6.348297111790351011e+01,3.901115977080396591e-02,-3.817091769752966463e-02,2.347919312856742644e-04,7.557867207260342800e-03,-1.777123825992648655e-03,1.664521841092763410e-01,-6.053193312580503263e-03,-5.865510570187929690e-05,2.739821760595785713e-04,-1.198281126992182699e+00,8.576694016697405942e-02,-6.776585241099178702e+00,1.815901832562392404e-01,2.814178183512731635e-01,5.469547814540280939e-01,7.156502891789848775e-01,5.251672191790608402e-01,5.510065395663465981e-02,-5.507479700435502501e-02,4.559598501526754277e-01
6.600000000000818545e-01,8.500000000000000000e+01,-1.769005718958999829e+00,-1.598994155035484699e+00,1.301919429988335821e+02,-3.224826574980464017e-02,-3.788995814306903576e-01,-1.147563725020418202e-01,3.205004178308838991e-01,2.898007246933790304e-01,7.156980357830868833e-01,8.011036764614654082e-01,-2.042720193446853627e-01,-8.640464176684649333e-02,-4.879898614425654202e+00,-2.098872881367500831e+00,2.198951521506830264e+00,-1.929164381457198019e+01,-3.007787873192325279e+01,1.004411094485448519e+00,-6.338809944943404417e+01,-3.112909505090355466e+01,1.469139664307527848e+00,-6.497862247570826355e+01,3.868094321030694782e-02,-4.687073347377010424e-02,1.504259698460583185e-04,7.147935161033550436e-03,-1.580970376200428566e-03,1.694330718544761749e-01,-5.590289206541507010e-03,-5.477939607140253466e-05,2.349788283807910719e-04,-1.190554374899750023e+00,8.506935098537048157e-02,-6.936532794496815590e+00,1.905489230939232670e-01,2.819584572554731383e-01,5.578375426812856031e-01,7.211614357640928619e-01,5.317757136922037775e-01,5.805266690794169682e-02,-2.735297377043682809e-02,4.532502848601446810e-01
6.700000000000727596e-01,8.500000000000000000e+01,-1.815181176742897806e+00,-1.706500959433841169e+00,1.269115851724714048e+02,-3.225298311783676014e-02,-3.789061488214092721e-01,-1.147633957442854846e-01,3.438006130829048823e-01,2.824270837601747242e-01,7.333366527912701383e-01,7.939724831870375032e-01,-1.875365047797427354e-01,-6.443692773165660137e-02,-5.095780016007443791e+00,-2.303763360435114205e+00,3.235940930771939783e+00,-1.942944413328199360e+01,-2.970332066059653187e+01,8.892574769235437326e-01,-6.480041061292374138e+01,-3.072652097896189716e+01,1.430005429763084424e+00,-6.641893307068251318e+01,3.782254274967587759e-02,-5.503412501491086739e-02,1.700995714364701358e-04,6.395830838156925727e-03,-1.358583165735866884e-03,1.724513033076199298e-01,-5.052184383375742105e-03,-4.836994111516819465e-05,1.865437299441931492e-04,-1.175367836907853736e+00,8.380526556612340194e-02,-7.090681132837270084e+00,2.004325866303125481e-01,2.819886803916554219e-01,5.691560094165466488e-01,7.258572397354043915e-01,5.383842082053468259e-01,6.100467985924878933e-02,3.688494634814243334e-04,4.505407195676140453e-01
6.800000000000636646e-01,8.500000000000000000e+01,-1.857737348753241369e+00,-1.818987323648639132e+00,1.236842840159047370e+02,-3.229555246680188701e-02,-3.789375817850889061e-01,-1.148128397346742241e-01,3.671008083349258100e-01,2.750534428269703624e-01,7.509752697994532822e-01,7.868412899126094873e-01,-2.044481232754088995e-01,-6.502566451371130651e-02,-5.306055487346400312e+00,-2.788032088157493593e+00,4.395412100417283696e+00,-1.944435804687871538e+01,-2.914014392624899585e+01,8.865446151932971919e-01,-6.616790222912500496e+01,-3.014870956581851047e+01,1.497350406619178509e+00,-6.780911618418630837e+01,3.623616858574854604e-02,-6.259882591848897615e-02,-3.119483480867120580e-05,6.798605272390487869e-03,-1.103879082110553050e-03,1.750906217233615392e-01,-4.428772711070883689e-03,-5.072616832548569967e-05,1.712671068296461614e-04,-1.153210400162968607e+00,8.198761646425690996e-02,-7.239029542062245248e+00,2.111815227474618251e-01,2.815414060115868922e-01,5.808820816979616275e-01,7.297902849963154859e-01,5.449927027184897632e-01,6.395669281055582633e-02,2.809067269739962125e-02,4.478311542750832985e-01
6.900000000000545697e-01,8.500000000000000000e+01,-1.896674260212640073e+00,-1.936454585244419047e+00,1.205247532566753677e+02,-3.228647262847566396e-02,-3.788980581867057995e-01,-1.148102517398345707e-01,3.904010035869467377e-01,2.676798018937660006e-01,7.686138868076364261e-01,7.797100966381815823e-01,-2.380373665024346774e-01,-7.679478986925149242e-02,-5.513552308846402461e+00,-3.352003369640781383e+00,5.596697068520483320e+00,-1.939972834643475963e+01,-2.841450586013673885e+01,9.484943519864885708e-01,-6.748563923017154309e+01,-2.940559415660955267e+01,1.624116005741540691e+00,-6.914725691983367994e+01,3.395226362419553195e-02,-6.963543036979548406e-02,-2.866681658378093193e-04,7.723863819918072755e-03,-8.263542654860793653e-04,1.775336256876858254e-01,-3.739126212536191072e-03,-5.686335978213086668e-05,1.622218338226312116e-04,-1.124577766513264354e+00,7.962912400088584253e-02,-7.381571885150854939e+00,2.227399274078684099e-01,2.806474293697304723e-01,5.929894718149413269e-01,7.330097641557532517e-01,5.516011972316327006e-01,6.690870576186291885e-02,5.581249593131776265e-02,4.451215889825526073e-01
7.000000000000454747e-01,8.500000000000000000e+01,-1.931991830413882116e+00,-2.058904243816255253e+00,1.174454442487170525e+02,-3.225608755597340893e-02,-3.788582826975372964e-01,-1.147839477629886973e-01,4.137011988389677208e-01,2.603061609605616389e-01,7.862525038158196811e-01,7.725789033637535663e-01,-2.764842292495744980e-01,-1.244982065925540060e-02,-5.721649816080777384e+00,-3.622182563307215108e+00,6.771771725621520410e+00,-1.907788334443893419e+01,-2.751484108671322915e+01,1.070714045362426869e+00,-6.873674935881363979e+01,-2.847936960838116605e+01,1.773311280853697491e+00,-7.041865542958532842e+01,3.117321000435172018e-02,-7.271863963273758613e-02,-5.355364391271657046e-04,8.762976257181439785e-03,-5.519265627766369248e-04,1.799650134232991250e-01,-3.015843397397938164e-03,-6.368361211086582575e-05,1.458715604144407917e-04,-1.089966394016747886e+00,7.674225278909420356e-02,-7.518298521179826110e+00,2.350555955446556045e-01,2.793355596417420594e-01,6.054535874306088417e-01,7.355616972429808165e-01,5.582096917447756379e-01,6.986071871317001136e-02,8.353431916523612610e-02,4.424120236900219716e-01
7.100000000000363798e-01,8.500000000000000000e+01,-1.963689868013223760e+00,-2.186337974457084776e+00,1.144563650093896143e+02,-3.241945795553940329e-02,-3.785840680757427967e-01,-1.145006413315833582e-01,4.282588440085167703e-01,2.614629535752222567e-01,7.927536361768463546e-01,7.715800612348353571e-01,-3.150536032127406738e-01,5.381477816424889982e-02,-5.929762472863087552e+00,-3.643208210832931115e+00,7.847813649111949452e+00,-1.859404140457025889e+01,-2.664408746764101110e+01,1.297940272615128787e+00,-6.989629565827941349e+01,-2.757372355233466266e+01,1.932586990822144912e+00,-7.159852512372270894e+01,2.812506436746746788e-02,-6.588632773401482956e-02,-8.341107066795628439e-04,9.768191618458252345e-03,-2.854039004107772337e-04,1.824573488750021455e-01,-2.308530169410842603e-03,-7.011877655715073186e-05,1.220179265027601537e-04,-1.056234053854132826e+00,7.376150507730033778e-02,-7.645620150565909157e+00,2.475158555397754534e-01,2.781829013911699677e-01,6.175331322779786802e-01,7.378846301310442168e-01,5.635138737488551985e-01,7.281115774564173027e-02,9.398473268765272781e-02,4.373059499139713147e-01
7.200000000000272848e-01,8.500000000000000000e+01,-2.072217531491161058e+00,-2.122607245886614979e+00,1.107017017878834366e+02,-3.238056782728320621e-02,-3.787435486071114021e-01,-1.146095739920940521e-01,4.271861647634854209e-01,2.778708391195617855e-01,7.793426723467989925e-01,7.815449124132755054e-01,-3.752371267530075771e-01,1.354128482462575445e-01,-6.098351334614932284e+00,-3.414335530779515349e+00,8.770239231042951999e+00,-1.825822354134927039e+01,-2.607020644718395985e+01,1.674937739544495763e+00,-7.091269217243318224e+01,-2.698784068376835066e+01,2.186159907615537357e+00,-7.262407467255923166e+01,2.544041853646539925e-02,-5.321301654422815747e-02,-1.266250938029840883e-03,1.140116742690565170e-02,-6.542520609122866857e-05,1.838849587576232292e-01,-1.716268383360034649e-03,-8.085470962699642860e-05,1.038081959612623464e-04,-1.035020060682249277e+00,7.145303761118881880e-02,-7.757354900669618303e+00,2.591033354819140544e-01,2.781627755544160974e-01,6.279687173676641310e-01,7.407004133697959736e-01,5.664861471607803844e-01,7.575878285520004640e-02,7.355654278872353347e-02,4.279152904385136180e-01
7.300000000000181899e-01,8.500000000000000000e+01,-2.203687690447447167e+00,-2.036239666936720205e+00,1.068849202306354158e+02,-3.228781641660906365e-02,-3.789261799437164679e-01,-1.148035528844968400e-01,4.261134855184540715e-01,2.942787246639012588e-01,7.659317085167516304e-01,7.915097635917155428e-01,-4.386417869130703195e-01,2.192960512965178577e-01,-6.261050001933180731e+00,-3.091712211996423321e+00,9.500228851024854038e+00,-1.790556105532837705e+01,-2.579731670109556063e+01,2.074968358519180267e+00,-7.178255466091748360e+01,-2.671511417810723543e+01,2.470850843854823786e+00,-7.350262177164798061e+01,2.329614882294129760e-02,-4.134181106382872617e-02,-1.666419270917149972e-03,1.307689707313055595e-02,1.128033263165566317e-04,1.852324137945732530e-01,-1.241479778657130070e-03,-9.160043961505378229e-05,8.376826469363134057e-05,-1.025890123442567026e+00,6.979704669265043848e-02,-7.854156004750838527e+00,2.698743235880923796e-01,2.792021417015638218e-01,6.368663666209249952e-01,7.439772615541919709e-01,5.694584205727056814e-01,7.870640796475836254e-02,5.312835288979445014e-02,4.185246309630559214e-01
7.400000000000090949e-01,8.500000000000000000e+01,-2.344624128575658162e+00,-1.963161765403161230e+00,1.031782160974871942e+02,-3.226255790032295928e-02,-3.789287984545874899e-01,-1.148059472971959538e-01,4.250408062734227221e-01,3.106866102082407322e-01,7.525207446867042682e-01,8.014746147701556911e-01,-4.808753925552235464e-01,3.655243132430937569e-01,-6.439475558045312020e+00,-3.001295613423533126e+00,1.002630107129227177e+01,-1.732869247126832946e+01,-2.580021849661643429e+01,2.402164271589139144e+00,-7.249210575378793919e+01,-2.671735456278107534e+01,2.690858361992433334e+00,-7.422638827378582960e+01,2.191620722487957335e-02,-3.027658144064947210e-02,-1.970761046342803420e-03,1.407853854474298144e-02,2.412172462645439995e-04,1.870774647261982948e-01,-8.884972189752357585e-04,-9.735406035877658751e-05,6.082345827301554074e-05,-1.028322850757302120e+00,6.877319002712162233e-02,-7.936691809653391161e+00,2.798814778785086443e-01,2.812326700002364954e-01,6.443252661566801764e-01,7.476854392157915585e-01,5.724306939846308673e-01,8.165403307431673419e-02,3.270016299086531131e-02,4.091339714875982803e-01
7.500000000000000000e-01,8.500000000000000000e+01,-2.495029353120013393e+00,-1.903371641128783986e+00,9.959536447008332516e+01,-3.239258580591497516e-02,-3.785940947088160535e-01,-1.144968636470003881e-01,4.239681270283913728e-01,3.270944957525802055e-01,7.391097808566567950e-01,8.114394659485957284e-01,-5.183521622388039818e-01,5.310011703103433289e-01,-6.623203334159674327e+00,-2.971517798547794520e+00,1.047792782434783021e+01,-1.660222386927861749e+01,-2.606900867511269126e+01,2.719029040967499977e+00,-7.306061942708147683e+01,-2.699493590773743534e+01,2.907760440991985273e+00,-7.481054879013271375e+01,2.116452589237841422e-02,-1.993149868699466837e-02,-2.264181999699608778e-03,1.491258094600641376e-02,3.342057171663214083e-04,1.890608156769879589e-01,-6.343489232231089292e-04,-1.017250974159230448e-04,4.149049581060925481e-05,-1.041731556398389991e+00,6.836083585543964447e-02,-8.005637027462514155e+00,2.891740602988761011e-01,2.841904374149597512e-01,6.504382052819965843e-01,7.517971286161648781e-01,5.754029673965560532e-01,8.460165818387505032e-02,1.227197309193611696e-02,3.997433120121404726e-01
7.599999999999909051e-01,8.500000000000000000e+01,-2.663579454149343384e+00,-1.806741602313522765e+00,9.600872385294903211e+01,-3.234785663155951424e-02,-3.787230978590961361e-01,-1.145950162443952480e-01,4.228954477833600234e-01,3.435023812969197343e-01,7.256988170266094329e-01,8.214043171270358767e-01,-5.978933073161584177e-01,6.954958983496393188e-01,-6.817157357040523280e+00,-2.759773628162405235e+00,1.080011476369101153e+01,-1.585818745527145524e+01,-2.656025378022102856e+01,3.236709601014293725e+00,-7.348157709269641202e+01,-2.753887640264751724e+01,3.331258751917522076e+00,-7.524827958214200407e+01,2.101541638538610701e-02,-1.015532175719891309e-02,-2.693461282756468272e-03,1.691058607662369526e-02,4.003563874016191257e-04,1.912931490244018651e-01,-4.661638539149873467e-04,-1.136915237756159981e-04,2.928555840055998142e-05,-1.065482520408200129e+00,6.853927004699954251e-02,-8.061665562240740712e+00,2.977981557435057658e-01,2.880156434995428394e-01,6.552919890417714388e-01,7.562863060667035509e-01,5.783752408084812391e-01,8.754928329343336646e-02,-8.156216806993077384e-03,3.903526525366827760e-01
7.699999999999818101e-01,8.500000000000000000e+01,-2.922236276234677632e+00,-1.357239705736562829e+00,9.153096463106460590e+01,-3.242948827240226678e-02,-3.786830960495016218e-01,-1.145437174556966781e-01,4.218227685383287295e-01,3.599102668412592076e-01,7.122878531965620708e-01,8.313691683054759141e-01,-6.774344523935128537e-01,8.599906263889354197e-01,-7.011111379921372233e+00,-2.424496761463405203e+00,1.067569460988280561e+01,-1.510839741606952558e+01,-2.728880193583347591e+01,3.773909388832336287e+00,-7.377228229020568051e+01,-2.833162818551421225e+01,3.780466275436162871e+00,-7.555508208341203158e+01,2.144919838335149903e-02,-1.001560529612426477e-03,-3.141475076330981810e-03,1.884399967091412650e-02,4.419221022204840050e-04,1.934681341846780922e-01,-3.757650069220810907e-04,-1.247428025299822266e-04,2.100644431771740630e-05,-1.098910208910684805e+00,6.928786705633192822e-02,-8.105444681463822576e+00,3.057968769529300634e-01,2.926523445188663475e-01,6.589678241618421861e-01,7.611286262249375989e-01,5.813475142204064250e-01,9.049690840299168260e-02,-2.858440670592216071e-02,3.809619930612250238e-01
7.799999999999727152e-01,8.500000000000000000e+01,-3.218988125234800712e+00,-9.342948090181696363e-01,8.718977312593193574e+01,-3.256578474451909955e-02,-3.784367682391296950e-01,-1.143609281808718181e-01,4.207500892932973802e-01,3.763181523855986810e-01,6.988768893665147086e-01,8.413340194839160624e-01,-7.017370856341170748e-01,1.008679489746835412e+00,-7.134021937338146380e+00,-2.172039222769088340e+00,1.049074639512653562e+01,-1.428382246207852369e+01,-2.829335555880043529e+01,4.035840586723660195e+00,-7.399757620401142333e+01,-2.936690230972829951e+01,3.961310678116716666e+00,-7.577900041590132219e+01,2.224120855592131435e-02,7.445789196608728830e-03,-3.472264178063072179e-03,1.920412571839824611e-02,4.583861920431167320e-04,1.936561183117243568e-01,-3.519780546466032387e-04,-1.250458108085162809e-04,1.694204344970884896e-05,-1.141329888462158104e+00,7.058622986955737089e-02,-8.137630332882084261e+00,3.132105561970609520e-01,2.980482047179572880e-01,6.615416801014613046e-01,7.663013138529338741e-01,5.843197876323317219e-01,9.344453351254999873e-02,-4.901259660485135505e-02,3.715713335857673272e-01
7.899999999999636202e-01,8.500000000000000000e+01,-3.553880587632352928e+00,-5.378719728262912891e-01,8.300066972881849381e+01,-3.238353168944085869e-02,-3.786933696556166185e-01,-1.145918692553545559e-01,4.196774100482660308e-01,3.927260379299382098e-01,6.854659255364672354e-01,8.512988706623560997e-01,-7.234731743732083498e-01,1.156633965921938012e+00,-7.253631605400873816e+00,-1.956865936529086358e+00,1.047989691920867195e+01,-1.351521629190231266e+01,-2.950171075615837069e+01,4.287527958702919584e+00,-7.411903165525305326e+01,-3.061725665265052498e+01,4.137361451288043668e+00,-7.589803071962484182e+01,2.360900103359818425e-02,1.534311762424204681e-02,-3.839314273433554366e-03,1.948471596690152380e-02,4.553205708419803452e-04,1.937618900045586789e-01,-3.927122568068979348e-04,-1.246672047939360319e-04,1.928998702414881216e-05,-1.192048012303298821e+00,7.241430339062411570e-02,-8.158863434591323127e+00,3.200769245961232468e-01,3.041542636324715554e-01,6.630846268204084737e-01,7.717830625565198499e-01,5.872920610442569078e-01,9.639215862210837038e-02,-6.944078650378049389e-02,3.621806741103095195e-01
7.999999999999545253e-01,8.500000000000000000e+01,-3.926964919011558752e+00,-1.679450220749644507e-01,7.897159351529171545e+01,-3.226910323714628215e-02,-3.789263092666186328e-01,-1.147707776029941312e-01,4.186047308032346814e-01,4.091339234742776831e-01,6.720549617064198733e-01,8.612637218407961370e-01,-6.915124379410140243e-01,1.274277150156811533e+00,-7.391599668842549598e+00,-1.793619481765735379e+00,1.008455137677839630e+01,-1.294267581861027061e+01,-3.094300448332023734e+01,4.255163950155322006e+00,-7.418751787554377586e+01,-3.207657394253826055e+01,4.070241732107978905e+00,-7.597267613815195375e+01,2.554288483421642691e-02,1.897274973360614167e-02,-3.792397024838281908e-03,1.833427183624871878e-02,4.438294316086097147e-04,1.943662349068635553e-01,-4.862437482960037466e-04,-1.151480632524345970e-04,2.563897700374679272e-05,-1.250370704980044767e+00,7.475246512730748805e-02,-8.169766989627524012e+00,3.264312798766403900e-01,3.109247184060248692e-01,6.636631507624835002e-01,7.775539400551213509e-01,5.902643344561820937e-01,9.933978373166663101e-02,-8.986897640270963272e-02,3.527900146348518229e-01
8.099999999999454303e-01,8.500000000000000000e+01,-4.338293597145638891e+00,1.755047432484148073e-01,7.510379258800405466e+01,-3.227158614085910704e-02,-3.789425835488876571e-01,-1.147848741751299889e-01,4.162726463842222335e-01,4.053143843545786718e-01,6.731640401017638942e-01,8.686160505726668868e-01,-6.507740354978484021e-01,1.386965434429467958e+00,-7.532568726525871838e+00,-1.842295606257797314e+00,9.074223690069230130e+00,-1.239496127675410797e+01,-3.243086566377829172e+01,4.130223198575904142e+00,-7.434559573851612413e+01,-3.357916209447007105e+01,3.955391929479862512e+00,-7.614374647090230042e+01,2.751203598015444091e-02,1.791508222105589465e-02,-3.350765325950354721e-03,1.701412032528357501e-02,4.382239652651540029e-04,1.953074150673760612e-01,-5.715225352620686983e-04,-1.051274084634817320e-04,3.001949973641367670e-05,-1.310348088345090645e+00,7.710572069562689201e-02,-8.189447976537472584e+00,3.322254204715937576e-01,3.170121925449055356e-01,6.642758917608546643e-01,7.834268101117818350e-01,5.908417803533079216e-01,1.032051362502732772e-01,-9.224687422062971542e-02,3.600965299678149378e-01
8.199999999999363354e-01,8.500000000000000000e+01,-4.713070069674897944e+00,6.736824126926810319e-01,7.041240553061439300e+01,-3.227745398850758590e-02,-3.789559200244357884e-01,-1.148025767272840975e-01,4.136665382167881710e-01,3.970937241009752650e-01,6.774324166166043604e-01,8.753999417528783855e-01,-6.414231726536396838e-01,1.470083317459710770e+00,-7.641717645287725347e+00,-1.994542751924843760e+00,7.755293090751417928e+00,-1.201189413452695653e+01,-3.393017749796690907e+01,4.135275706140225438e+00,-7.461592450735092541e+01,-3.511000108930781494e+01,3.976792329397592418e+00,-7.642164317133551776e+01,2.922744372652965467e-02,1.619956541572831199e-02,-2.954844373993216911e-03,1.656546638221952084e-02,4.432721413554639354e-04,1.957159567194002303e-01,-6.314757572014724702e-04,-1.009854783837100829e-04,3.357702135444260848e-05,-1.370827952370859304e+00,7.936854167185111719e-02,-8.221785393720459467e+00,3.374778036973763440e-01,3.221768919582421176e-01,6.651243957153084585e-01,7.893584346674000773e-01,5.908981551718115455e-01,1.072701696260434656e-01,-9.069735551023055953e-02,3.710360480258596549e-01
8.299999999999272404e-01,8.500000000000000000e+01,-5.128466763607184120e+00,1.168522118502273610e+00,6.572479917916140835e+01,-3.229291187634271421e-02,-3.789425760956309785e-01,-1.147947524285131693e-01,4.110604300493540531e-01,3.888730638473718582e-01,6.817007931314449376e-01,8.821838329330898842e-01,-6.420167949658502904e-01,1.543832437599270690e+00,-7.740785018849703825e+00,-2.016249082578491336e+00,6.400147819657097337e+00,-1.180340754926319846e+01,-3.544491652137057258e+01,4.185820394381559950e+00,-7.499658703833557638e+01,-3.666054209736623193e+01,4.042353322968992302e+00,-7.680948689761137871e+01,3.079968880450426050e-02,1.461756036578768306e-02,-2.610985857138777618e-03,1.640455987768195747e-02,4.558822677728152162e-04,1.961363679872362431e-01,-6.723815036403125046e-04,-9.893160124610123778e-05,3.603593203723373797e-05,-1.431894376308106898e+00,8.154462127815510775e-02,-8.266382354828969881e+00,3.422233691201073125e-01,3.264783291702215706e-01,6.661934575619891108e-01,7.953450244671952385e-01,5.909545299903151694e-01,1.113352030018135985e-01,-8.914783679983134812e-02,3.819755660839044276e-01
8.399999999999181455e-01,8.500000000000000000e+01,-5.597616543732146788e+00,1.630655116592052201e+00,6.120080942466965013e+01,-3.245152597836345465e-02,-3.786521916100538676e-01,-1.144972768745939340e-01,4.084543218819199906e-01,3.806524035937684514e-01,6.859691696462855148e-01,8.889677241133013830e-01,-6.284007832607149124e-01,1.554381537125069990e+00,-7.836279013924535519e+00,-1.878481426405824939e+00,5.032778650608915605e+00,-1.143674833759495435e+01,-3.702109230643338833e+01,4.161970948598380460e+00,-7.552498573508077584e+01,-3.825824761255366724e+01,4.032626949188584220e+00,-7.734685896177150255e+01,3.213580854214350552e-02,1.310933734123380205e-02,-2.233416551234146223e-03,1.590827458108221709e-02,4.862142097052934986e-04,1.967166057859685291e-01,-6.880982538949309557e-04,-9.514949313287567306e-05,3.630586223510069981e-05,-1.493602159935086160e+00,8.363822858105771085e-02,-8.322805741800088697e+00,3.464948029479451019e-01,3.299721785629176063e-01,6.674688528574520552e-01,8.013830346368520097e-01,5.910109048088187933e-01,1.154002363775836759e-01,-8.759831808943219222e-02,3.929150841419492002e-01
8.499999999999090505e-01,8.500000000000000000e+01,-6.120635938111990804e+00,2.060092365502816936e+00,5.683510701622839179e+01,-3.237999734751509373e-02,-3.787335043316534255e-01,-1.145905322029741880e-01,4.058482137144858726e-01,3.724317433401650446e-01,6.902375461611259810e-01,8.957516152935128817e-01,-6.134698409303158684e-01,1.559082235311264775e+00,-7.931442335823501999e+00,-1.903500912603349304e+00,3.700860370497208063e+00,-1.116884192684448784e+01,-3.861993709561239996e+01,4.129660021530021652e+00,-7.616162089209291253e+01,-3.987631778127090598e+01,4.013471946030730209e+00,-7.799437354994580573e+01,3.337460490984819200e-02,1.169603121804761552e-02,-1.864985225504196906e-03,1.540627985329453588e-02,5.228148404616873596e-04,1.975107818679895655e-01,-6.889884217310731024e-04,-9.160597995351234030e-05,3.528391806171191216e-05,-1.555982044606593728e+00,8.565405866199701790e-02,-8.390596781099080914e+00,3.503226833569361709e-01,3.327105239096476152e-01,6.689372745354964511e-01,8.074691489216870854e-01,5.910672796273224172e-01,1.194652697533538643e-01,-8.604879937903303633e-02,4.038546021999939728e-01
8.599999999998999556e-01,8.500000000000000000e+01,-6.695337716853915211e+00,2.453668248702342236e+00,5.248051860033292115e+01,-3.225941857280446856e-02,-3.788866879427757461e-01,-1.147818540798102999e-01,4.032421055470518101e-01,3.642110830865616378e-01,6.945059226759665583e-01,9.025355064737243804e-01,-6.296797583627259387e-01,1.629506640731689160e+00,-8.005116691743920043e+00,-2.052885048356476005e+00,2.429547104549543146e+00,-1.113990668219310898e+01,-4.018528313860449686e+01,4.251308621044794123e+00,-7.684899026379655140e+01,-4.148139044183161417e+01,4.146894970590438767e+00,-7.868822259267717811e+01,3.459264789522988048e-02,1.044180943172241631e-02,-1.630621233766311063e-03,1.570518038257081792e-02,5.495048832886588247e-04,1.979685655002195177e-01,-6.852715219835145638e-04,-9.304096727757353927e-05,3.496397905419614465e-05,-1.619045158690010977e+00,8.759710723225773432e-02,-8.469279875703993099e+00,3.537356164443614670e-01,3.347420899441567732e-01,6.705862737427411568e-01,8.136002649422802158e-01,5.911236544458260411e-01,1.235303031291239972e-01,-8.449928066863382492e-02,4.147941202580387454e-01
8.699999999998908606e-01,8.500000000000000000e+01,-7.306722678669204996e+00,2.785201616604173314e+00,4.740099352537305322e+01,-3.228637850876540233e-02,-3.789327228324186891e-01,-1.148013528298800212e-01,4.006359973796176921e-01,3.559904228329582310e-01,6.987742991908070245e-01,9.093193976539358792e-01,-6.476707525617482197e-01,1.703690061441418768e+00,-8.077562003304793237e+00,-2.307454221184703336e+00,1.270625823975292334e+00,-1.106662506042288285e+01,-4.176615459215847181e+01,4.383687484227732689e+00,-7.762776404769516603e+01,-4.310177283762651967e+01,4.290157355900491076e+00,-7.947474850071272101e+01,3.573407807974531697e-02,9.277333935571278889e-03,-1.421388221169430418e-03,1.606033532389066973e-02,5.799537260533987404e-04,1.985883404167563260e-01,-6.694518804640323551e-04,-9.499221152483669646e-05,3.364221982123235741e-05,-1.682786793670843384e+00,8.947256622456627173e-02,-8.558369940080350347e+00,3.567603634140417701e-01,3.361124589952074193e-01,6.724042044898924653e-01,8.197734804010136100e-01,5.911800292643296650e-01,1.275953365048941301e-01,-8.294976195823472453e-02,4.257336383160835180e-01
8.800000000001091394e-01,8.500000000000000000e+01,-7.967757482735097874e+00,3.068442168882329124e+00,4.247728987872665130e+01,-3.225311726355427344e-02,-3.789055648534381260e-01,-1.147909677106979942e-01,3.980298892121243437e-01,3.477697625791679181e-01,7.030426757057446352e-01,9.161032888343015879e-01,-7.042940056340500909e-01,1.676384251134875658e+00,-8.164642078826400251e+00,-2.808978819456950049e+00,4.981601309937135347e-01,-1.082874305260236625e+01,-4.339418822253469443e+01,4.732318678898652209e+00,-7.849598107585239859e+01,-4.478893207428334478e+01,4.647901649842988370e+00,-8.035424860920119272e+01,3.663540980913732037e-02,8.278381018237829236e-03,-1.384826743600435376e-03,1.738018448937218505e-02,6.355567697365342890e-04,1.997570954895946382e-01,-6.274154552786148122e-04,-1.028306784268040637e-04,3.300833174862423104e-05,-1.747189603237899735e+00,9.128573735635679698e-02,-8.657378452488609710e+00,3.594219595590755212e-01,3.368642736497388102e-01,6.743801718726247785e-01,8.259860801782030748e-01,5.912364040828346212e-01,1.316603698807566891e-01,-8.140024324780026355e-02,4.366731563743769806e-01
8.900000000001000444e-01,8.500000000000000000e+01,-8.678494996308723231e+00,3.303360501528183946e+00,3.769478522251844765e+01,-3.225417239991721502e-02,-3.789000002076625129e-01,-1.147745677510943613e-01,3.954237810446902257e-01,3.395491023255644558e-01,7.073110522205852124e-01,9.228871800145130866e-01,-7.679118557115829358e-01,1.630703220425504973e+00,-8.254371864178324358e+00,-3.314571110968528522e+00,2.066820430724872482e-01,-1.057637775397773439e+01,-4.504601604646373403e+01,5.127034118833943666e+00,-7.945433498969914865e+01,-4.650215784441707711e+01,5.050780428687016155e+00,-8.132559284241145292e+01,3.743352079764968726e-02,7.371707659943969176e-03,-1.396971141371244028e-03,1.887576445712597917e-02,6.992557577446458644e-04,2.011582079101525977e-01,-5.709081808993515588e-04,-1.119125141108904918e-04,3.100309359448435710e-05,-1.812226305480942212e+00,9.304196106251783061e-02,-8.765818410306211561e+00,3.617438255710362927e-01,3.370374263457163733e-01,6.765039836318278432e-01,8.322355242603989289e-01,5.912927789013382451e-01,1.357254032565268220e-01,-7.985072453740105214e-02,4.476126744324218087e-01
9.000000000000909495e-01,8.500000000000000000e+01,-9.438928950365921722e+00,3.489927721468373711e+00,3.303176976252852626e+01,-3.225235518314256700e-02,-3.788866728812486095e-01,-1.147859383169156366e-01,3.928176728772561632e-01,3.313284420719611045e-01,7.115794287354256786e-01,9.296710711947245853e-01,-8.296785246598978869e-01,1.592410190353357624e+00,-8.411875268384749305e+00,-3.717755239116215638e+00,4.512166468732579927e-02,-1.061856464029733971e+01,-4.669831137184100101e+01,5.535519667852656589e+00,-8.048284041084777130e+01,-4.822094256456026073e+01,5.487418358287484033e+00,-8.238238272857317668e+01,3.845800482277317300e-02,4.366999219840145968e-03,-1.578455280671213360e-03,2.033119075695563258e-02,7.746116238438471597e-04,2.043636210936175535e-01,-5.057291731478702913e-04,-1.209912432386291565e-04,2.697673685568722913e-05,-1.877861957726281394e+00,9.474655854601241045e-02,-8.883208349101467505e+00,3.637478716704815596e-01,3.366692367374947703e-01,6.787661048379167728e-01,8.385194364472868811e-01,5.913491537198418690e-01,1.397904366322970104e-01,-7.830120582700189624e-02,4.585521924904665259e-01
9.100000000000818545e-01,8.500000000000000000e+01,-1.024897786510153530e+01,3.628117966371366077e+00,2.846148330158138506e+01,-3.228378811227236578e-02,-3.789064716928565724e-01,-1.148090785191460128e-01,4.026339812022268205e-01,3.159436386458704948e-01,7.104247868010902245e-01,9.291323781213873811e-01,-8.914416696686119357e-01,1.554131224203754380e+00,-8.569507687594407841e+00,-4.145929197224434759e+00,2.683131248172242189e-02,-1.087714743304532838e+01,-4.848354804391457407e+01,5.935041719728250342e+00,-8.144952386656633792e+01,-5.006295971775370646e+01,5.933661206387299991e+00,-8.337733195359358263e+01,3.904363226118581776e-02,-6.031676366897455698e-04,-1.885658626550925634e-03,2.179348150792522268e-02,8.775002555249881292e-04,2.076997776482303326e-01,-3.801970354094686300e-04,-1.302402354696773935e-04,1.593009405371302099e-05,-1.948186618792750568e+00,9.611524902827807415e-02,-8.993683418525865392e+00,3.662557541145745610e-01,3.353325804295429480e-01,6.808078686876469776e-01,8.443633382510037366e-01,5.895336961926437302e-01,1.526989669383267412e-01,-6.600862438197041548e-02,4.604897725371901451e-01
9.200000000000727596e-01,8.500000000000000000e+01,-1.107923146308301732e+01,3.492324130712262331e+00,2.325015773772948435e+01,-3.229168000104598590e-02,-3.788835150339814883e-01,-1.148225032432327319e-01,4.124751841493637383e-01,3.005444782194706121e-01,7.092592770943391134e-01,9.285790105305450348e-01,-9.474305179628068618e-01,1.511188895717495484e+00,-8.689785550645973800e+00,-4.610428513455945954e+00,2.186744368160928875e-01,-1.116652660580814782e+01,-5.040648188122660400e+01,6.291258461209041641e+00,-8.237051356473224928e+01,-5.202519203063050668e+01,6.333358121343197311e+00,-8.432000324208725317e+01,3.903033196030938207e-02,-5.258505447433770713e-03,-2.118736099178693873e-03,2.312496363441877284e-02,1.003166577746751262e-03,2.102666898722639621e-01,-1.941069195602107610e-04,-1.388529049725393345e-04,-2.983980288396876654e-06,-2.022851536877172673e+00,9.716744090001226686e-02,-9.097393699539416900e+00,3.692365845076383546e-01,3.330889908329871529e-01,6.826427857958913270e-01,8.497946608639005417e-01,5.877144874984295830e-01,1.656252196830494960e-01,-5.369451375315642538e-02,4.624093126280249266e-01
9.300000000000636646e-01,8.500000000000000000e+01,-1.193054415182494665e+01,3.259587140212210521e+00,1.805620438133848538e+01,-3.234298439649996998e-02,-3.786564410432210481e-01,-1.146029976355311258e-01,4.223163870965007116e-01,2.851453177930706739e-01,7.080937673875878913e-01,9.280256429397026885e-01,-1.002791293845827880e+00,1.467739331567437855e+00,-8.806000344666891522e+00,-4.958182531537815407e+00,1.884349718494091053e-01,-1.154861417786952238e+01,-5.244492947067553956e+01,6.650379314308556999e+00,-8.323231117523867795e+01,-5.409290874704408481e+01,6.732746826045422850e+00,-8.520440942018943531e+01,3.857648711641206707e-02,-9.604292468684553358e-03,-2.293890778336203466e-03,2.445509237544644249e-02,1.154728713220183915e-03,2.128830498142624816e-01,4.997647011584852299e-05,-1.476230488934966386e-04,-3.029617463026533923e-05,-2.101504515682926399e+00,9.792304255028802529e-02,-9.194470665062269177e+00,3.726598610105206211e-01,3.299969588099845863e-01,6.842841963326447008e-01,8.548400127619064648e-01,5.858952788042155468e-01,1.785514724277724175e-01,-4.138040312434237977e-02,4.643288527188595971e-01
9.400000000000545697e-01,8.500000000000000000e+01,-1.280536596741981015e+01,2.961057089733797998e+00,1.295126676040810842e+01,-3.236718798078284942e-02,-3.787101906078155222e-01,-1.145799230399620755e-01,4.321575900436376849e-01,2.697461573666707357e-01,7.069282576808366692e-01,9.274722753488603422e-01,-1.038284480668440368e+00,1.426438255466198513e+00,-8.923625202730061545e+00,-5.213751662407399401e+00,1.313470849661260431e-01,-1.186406901909537659e+01,-5.459905551927391087e+01,6.902557659866690898e+00,-8.404891808832060462e+01,-5.625512249312890845e+01,7.022567564519674121e+00,-8.604664538716806987e+01,3.772111058749142570e-02,-1.370492033508581391e-02,-2.332732553106492586e-03,2.531845464981280491e-02,1.332526050517722927e-03,2.156934662613814724e-01,3.515726162091080734e-04,-1.537528202626881502e-04,-6.548362158550333407e-05,-2.183801182099619709e+00,9.840168890025370596e-02,-9.285004241434252847e+00,3.764970489396382014e-01,3.261112029706438875e-01,6.857445801201186297e-01,8.595242863601143535e-01,5.840760701100013996e-01,1.914777251724953389e-01,-2.906629249552833416e-02,4.662483928096942676e-01
9.500000000000454747e-01,8.500000000000000000e+01,-1.370352744419649405e+01,2.596781145397057067e+00,7.896529001857693686e+00,-3.226856920195246559e-02,-3.789065774120931596e-01,-1.147974955964501803e-01,4.419987929907746027e-01,2.543469969402707975e-01,7.057627479740855581e-01,9.269189077580179958e-01,-1.068937398001192918e+00,1.385660607805138778e+00,-9.041593589640227080e+00,-5.359192422287495816e+00,6.618471264947379806e-01,-1.195220663586450627e+01,-5.685135707935575056e+01,7.132024597823297896e+00,-8.480804187975220998e+01,-5.850406374919266028e+01,7.286922759705563024e+00,-8.683374376267616412e+01,3.646611016191231985e-02,-1.754519527755150909e-02,-2.297426901281264880e-03,2.608492020060508912e-02,1.537033273647193596e-03,2.186880494368329819e-01,7.114813553362298688e-04,-1.594798887845763678e-04,-1.085554242838356108e-04,-2.269406828210088989e+00,9.862261397377457273e-02,-9.369050882317345952e+00,3.807214538991832709e-01,3.214829129569329869e-01,6.870356121191640852e-01,8.638707686867178603e-01,5.822568614157872524e-01,2.044039779172180937e-01,-1.675218186671434406e-02,4.681679329005290491e-01
9.600000000000363798e-01,8.500000000000000000e+01,-1.459841997579320605e+01,2.159862391027691508e+00,2.800850187414904990e+00,-3.229502372152486672e-02,-3.789349115193301198e-01,-1.148179231541672785e-01,4.518399959379115760e-01,2.389478365138708871e-01,7.045972382673343359e-01,9.263655401671756495e-01,-1.116042721274754568e+00,1.425030016079254835e+00,-9.131197721508904408e+00,-5.350208607341983225e+00,1.595206766198731918e+00,-1.196628959978049522e+01,-5.913452882922628362e+01,7.444895671183550334e+00,-8.544406078702976970e+01,-6.078823004291498933e+01,7.631847977359241142e+00,-8.749283935901965492e+01,3.490791637382062440e-02,-2.109305011029149329e-02,-2.263549167103320013e-03,2.727789992710480046e-02,1.747773400956084732e-03,2.211719657707482689e-01,1.114764690337129984e-03,-1.680467577194304772e-04,-1.624755850971416134e-04,-2.357997810132429706e+00,9.860455101540231693e-02,-9.446640366822578017e+00,3.853081030954165209e-01,3.161599770364740269e-01,6.881682143372070959e-01,8.679012449192526901e-01,5.804376527215731052e-01,2.173302306619410151e-01,-4.438071237900298449e-03,4.700874729913637751e-01
9.700000000000272848e-01,8.500000000000000000e+01,-1.536209624186926348e+01,1.615717004668171697e+00,-2.541320158483495462e+00,-3.229513579849455085e-02,-3.789549187776414807e-01,-1.148079106904902752e-01,4.616811988850485493e-01,2.235486760874709766e-01,7.034317285605831138e-01,9.258121725763333032e-01,-1.170525820167292119e+00,1.494023348731670087e+00,-9.216001976498013448e+00,-5.316233461378222280e+00,2.511258881162480527e+00,-1.176838678636818436e+01,-6.147173330724475449e+01,7.804769319679063067e+00,-8.598815695579922647e+01,-6.312517830095470117e+01,8.021150277028345599e+00,-8.806108825844818000e+01,3.303792703963021049e-02,-2.438541399427046966e-02,-2.188898428808865905e-03,2.868184574989934843e-02,1.978663130757885285e-03,2.237420251180388675e-01,1.571000581479169199e-03,-1.782158546811214359e-04,-2.284239301917883463e-04,-2.449262574796687186e+00,9.836565588754510314e-02,-9.517781503661115750e+00,3.902336343053589007e-01,3.101871950181286364e-01,6.891526043884853570e-01,8.716360952434737408e-01,5.786184440273589580e-01,2.302564834066638810e-01,7.876039390913691651e-03,4.720070130821984455e-01
9.800000000000181899e-01,8.500000000000000000e+01,-1.613605871937513925e+01,1.000852254728314072e+00,-7.849144343808067248e+00,-3.244541046789479327e-02,-3.785539050668731975e-01,-1.145521874966080739e-01,4.715224018321855226e-01,2.081495156610710384e-01,7.022662188538318917e-01,9.252588049854909569e-01,-1.228240719187062568e+00,1.533428905733509096e+00,-9.352070079728617813e+00,-5.252694816593098892e+00,3.438996340173940069e+00,-1.129577612633539729e+01,-6.388456882795549063e+01,8.232450304618490478e+00,-8.647209485655044148e+01,-6.553573133548390217e+01,8.475609355916201793e+00,-8.858358893200200157e+01,3.089658834348387589e-02,-2.744707772455028810e-02,-2.052922056110857707e-03,3.020228382293617744e-02,2.256601754363033851e-03,2.278023956955030627e-01,2.104531914295719626e-03,-1.894795862606329147e-04,-3.074640418721733947e-04,-2.542902375732064346e+00,9.792345007006075797e-02,-9.582466898631643915e+00,3.954761920062278557e-01,3.036064774360149321e-01,6.899983409224885733e-01,8.750943854655108822e-01,5.767992353331449218e-01,2.431827361513867747e-01,2.019015001972773726e-02,4.739265531730331160e-01
9.900000000000090949e-01,8.500000000000000000e+01,-1.692032661833837182e+01,3.152479262914111846e-01,-1.317195257444959644e+01,-3.255764987102327535e-02,-3.783063811738324733e-01,-1.143425312374069663e-01,4.813636047793224404e-01,1.927503552346711280e-01,7.011007091470807806e-01,9.247054373946486105e-01,-1.285955618206833240e+00,1.572834462735348326e+00,-9.488138182959220401e+00,-5.172499072446242963e+00,4.421857998745846174e+00,-1.089698604338325971e+01,-6.635808257379315478e+01,8.670952085151512279e+00,-8.688944934774688988e+01,-6.800020267873102853e+01,8.938588350708528196e+00,-8.904262524692053660e+01,2.838256956824021862e-02,-3.029992876930168860e-02,-1.841592395679112490e-03,3.176745013932066181e-02,2.566605223449338041e-03,2.321342458339879511e-01,2.707258160753979719e-03,-2.014643589345510750e-04,-4.003192043856162877e-04,-2.638631730250574847e+00,9.729478009892443546e-02,-9.640676921463114724e+00,4.010153302037986478e-01,2.964570318875468513e-01,6.907143661225816356e-01,8.782939517801739981e-01,5.749800266389306636e-01,2.561089888961095573e-01,3.250426064854172736e-02,4.758460932638678975e-01
1.000000000000000000e+00,8.500000000000000000e+01,-1.771490419776122138e+01,-4.411665477901856036e-01,-1.855831344964949992e+01,-3.241237848785775283e-02,-3.787334132178772350e-01,-1.146311268789369231e-01,4.912048077264594137e-01,1.773511948082711898e-01,6.999351994403295585e-01,9.241520698038063752e-01,-1.339043560020981349e+00,1.606231640745814371e+00,-9.629541148531261641e+00,-5.068704390255640568e+00,5.676767301134377774e+00,-1.065037048729116975e+01,-6.889072140810917233e+01,9.114260518303940017e+00,-8.725281943851427968e+01,-7.051456644305075372e+01,9.385708713292181926e+00,-8.944752838379361037e+01,2.550005023563918505e-02,-3.103297528964377855e-02,-2.073900457287182562e-03,3.327067863874313969e-02,2.913876987277927086e-03,2.369072812864599920e-01,3.387013588838885120e-03,-2.135633358169249693e-04,-5.066067890342519382e-04,-2.736178662884454216e+00,9.649579072614247743e-02,-9.692382989523892434e+00,4.068319215276581802e-01,2.887755373539714343e-01,6.913090454637641491e-01,8.812514800722939246e-01,5.731608179447166274e-01,2.690352416408325342e-01,4.481837127735566195e-02,4.777656333547026790e-01
1.009999999999990905e+00,8.500000000000000000e+01,-1.851977992616787105e+01,-1.268527848504347411e+00,-2.405351904041419075e+01,-3.246671847797989036e-02,-3.786400478058523089e-01,-1.145403552833086508e-01,4.656604179862553483e-01,1.597485895897907682e-01,6.568205122852801559e-01,8.676617821459989832e-01,-1.391560798733405102e+00,1.638887726851962379e+00,-9.771602132397017471e+00,-4.973709386007677757e+00,7.267090978558356618e+00,-1.043257263668187029e+01,-7.062838362001687642e+01,9.592820313701954760e+00,-8.682252863513768659e+01,-7.223814471987114416e+01,9.832548744829603393e+00,-8.906012576959028593e+01,2.261397137872449628e-02,-2.806689324326998997e-02,-3.253175329413871691e-03,3.492461579054560034e-02,3.271884718551498327e-03,2.427781616420556510e-01,4.080048672821390797e-03,-2.268728124781923964e-04,-6.190852611459573022e-04,-2.803463664412063849e+00,9.495845948049000396e-02,-9.659599768635704464e+00,4.106259486303299178e-01,2.804542004804914113e-01,6.890847759772467107e-01,8.803750394805176516e-01,5.374728255018312861e-01,2.583765491285917038e-01,4.753527926787287639e-02,4.495366434276165113e-01
1.019999999999981810e+00,8.500000000000000000e+01,-1.907756585512451153e+01,-2.055803828053685667e+00,-2.949878107390735593e+01,-3.260278957646749187e-02,-3.783370071185944150e-01,-1.143185465002393292e-01,4.086354216005361195e-01,1.401857012872456676e-01,5.763859597821727743e-01,7.614075074003134880e-01,-1.449915210913289121e+00,1.733713100810983399e+00,-9.870297268380308964e+00,-4.764358340325466123e+00,8.919988403149901046e+00,-1.005787036682489521e+01,-7.081691779309295498e+01,1.008073830428097217e+01,-8.494931195570114824e+01,-7.243238413130808340e+01,1.027450711857696497e+01,-8.723199076284855380e+01,2.012581296383412696e-02,-2.357579175877326863e-02,-4.846385727503920750e-03,3.700383126476452372e-02,3.593894814085210956e-03,2.492997747939919850e-01,4.707377437936640513e-03,-2.429059931910088662e-04,-7.341650668059602342e-04,-2.813525601188223924e+00,9.223270101740575766e-02,-9.479820769463737307e+00,4.104975735408024629e-01,2.714078620624288951e-01,6.818164895374588808e-01,8.727024646533174668e-01,4.716536475175669985e-01,2.267356339657155828e-01,4.171408634757489686e-02,3.944861721473522653e-01
1.029999999999972715e+00,8.500000000000000000e+01,-1.961347726114861345e+01,-2.900660418274338959e+00,-3.503362258760449066e+01,-3.227405196559902240e-02,-3.788834845027164167e-01,-1.147852038549233289e-01,3.516104252148167797e-01,1.206228129847005948e-01,4.959514072790654482e-01,6.551532326546279927e-01,-1.509807273968758023e+00,1.844915349713732500e+00,-9.957568804510236404e+00,-4.236903590590617164e+00,1.028058526709120457e+01,-9.536320343390080723e+00,-6.958706230837913154e+01,1.056168425420745294e+01,-8.179132357344271043e+01,-7.122574307170359020e+01,1.071255987042677837e+01,-8.413392987553940827e+01,1.798783049211644461e-02,-1.939275464577948707e-02,-6.348633829301162691e-03,3.943527658958511511e-02,3.906179779989961583e-03,2.573186396871706694e-01,5.302519240036849234e-03,-2.612100254658417846e-04,-8.523860262560786988e-04,-2.770349502923955320e+00,8.844177838844502482e-02,-9.167004790599065700e+00,4.066997638023693296e-01,2.616832796352506763e-01,6.698294900052687018e-01,8.586720587776658364e-01,4.058344695333027108e-01,1.950947188028393509e-01,3.589289342727680632e-02,3.394357008670880749e-01
1.039999999999963620e+00,8.500000000000000000e+01,-2.016078348172173307e+01,-3.817764468699983649e+00,-4.073228339621530125e+01,-3.244410098124320130e-02,-3.785750166132992867e-01,-1.145284319966479586e-01,2.945854288290975509e-01,1.010599246821554942e-01,4.155168547759580666e-01,5.488989579089424975e-01,-1.567461169579470015e+00,1.940734151706267729e+00,-1.005133201842863677e+01,-3.173069813241584214e+00,1.101860300275061100e+01,-8.904959813341262631e+00,-6.708975053980626058e+01,1.102971389498838128e+01,-7.752271434852011112e+01,-6.876675485867293958e+01,1.114049037062415515e+01,-7.994568993286262071e+01,1.613448945371567106e-02,-1.550988075662691583e-02,-7.765620196822829724e-03,4.216527017067812910e-02,4.228906760246484847e-03,2.674374818259377395e-01,5.892820528782383334e-03,-2.814252370891078101e-04,-9.732977588444458603e-04,-2.678942722460585291e+00,8.372123853184101905e-02,-8.736788779020166373e+00,3.994691723187678845e-01,2.513241951999889423e-01,6.534281014147760303e-01,8.386938575465370249e-01,3.400152915490384231e-01,1.634538036399632577e-01,3.007170050697882679e-02,2.843852295868237734e-01
1.049999999999954525e+00,8.500000000000000000e+01,-2.071957961552810090e+01,-4.807557539424430537e+00,-4.663988054518640070e+01,-3.241116635274815527e-02,-3.787028375466783281e-01,-1.146400500718160742e-01,2.375604324433782666e-01,8.149703637961042135e-02,3.350823022728506850e-01,4.426446831632569467e-01,-1.624999249205477447e+00,2.035756923421339071e+00,-1.014543115004489238e+01,-1.692792318269068286e+00,1.149282888277486414e+01,-7.974145920537893950e+00,-6.346430899079624055e+01,1.149430456773623987e+01,-7.228536699647588648e+01,-6.519800870829264738e+01,1.156757589449213697e+01,-7.480955143372052873e+01,1.457311198022337093e-02,-1.190624068332364616e-02,-9.110961244008371554e-03,4.530674787604256626e-02,4.562757529491666408e-03,2.797149163386450921e-01,6.482913825877705503e-03,-3.042807550253574279e-04,-1.099428066531452173e-03,-2.545081799364772746e+00,7.821509350545051420e-02,-8.205995832998423722e+00,3.890271895344724618e-01,2.403715297041484622e-01,6.328970210255943085e-01,8.131514522148206581e-01,2.741961135647740799e-01,1.318128884770870535e-01,2.425050758668079176e-02,2.293347583065594719e-01
1.059999999999945430e+00,8.500000000000000000e+01,-2.119723224136272677e+01,-5.800770984952901443e+00,-5.265116739164085402e+01,-3.230675440288708483e-02,-3.789130172224536852e-01,-1.147945805546306541e-01,1.805354360576589823e-01,6.193414807706533465e-02,2.546477497697433034e-01,3.363904084175713960e-01,-1.671929390100962198e+00,2.142483393187954999e+00,-1.022468464383488396e+01,4.694346429067536991e-02,1.211440984573501112e+01,-6.848534021976522723e+00,-5.887639240616088898e+01,1.186963839319259506e+01,-6.624624020563697968e+01,-6.067901889765130363e+01,1.190810767283137217e+01,-6.889136733431604398e+01,1.330130455009829668e-02,-8.589497783614417903e-03,-1.038510246893801538e-02,4.863258589668164461e-02,4.902433128439305510e-03,2.940269581094364648e-01,7.067270873685721488e-03,-3.282027276760530804e-04,-1.224404195459777604e-03,-2.375100791223234253e+00,7.207265809884413899e-02,-7.592226833042619916e+00,3.755809277567080939e-01,2.288635649799540817e-01,6.085025851127110474e-01,7.824036950808631596e-01,2.083769355805097367e-01,1.001719733142108770e-01,1.842931466638278448e-02,1.742842870262951982e-01
1.069999999999936335e+00,8.500000000000000000e+01,-2.124406386156557502e+01,-6.514778614409954649e+00,-5.824936220757499683e+01,-3.227559391639616554e-02,-3.788745957663788855e-01,-1.147727532518588167e-01,1.235104396719396980e-01,4.237125977452024794e-02,1.742131972666358664e-01,2.301361336718859008e-01,-1.718692519264329865e+00,2.249394126357048940e+00,-1.030370440742047577e+01,2.043414861690231010e+00,1.283274018197945665e+01,-5.686424712366686229e+00,-5.349733600839290659e+01,1.224159677944482461e+01,-5.956550895782094557e+01,-5.539070181191874553e+01,1.224748817208675611e+01,-6.235884273358590946e+01,1.229215325120779426e-02,-5.521135629104821987e-03,-1.160775442628270496e-02,5.251958915775532116e-02,5.261866824208819710e-03,3.112048885214968585e-01,7.662749597266368257e-03,-3.556508644308514419e-04,-1.355814260863426671e-03,-2.175715145426089236e+00,6.544594821856759836e-02,-6.913523571714939919e+00,3.593241419955697236e-01,2.168361139488519107e-01,5.804939531217446769e-01,7.467862949763620639e-01,1.425577575962454213e-01,6.853105815133474221e-02,1.260812174608472169e-02,1.192338157460309106e-01
1.079999999999927240e+00,8.500000000000000000e+01,-2.132855589208703506e+01,-7.288707917637460731e+00,-6.415303723717818229e+01,-3.253293179556566300e-02,-3.783824785580138794e-01,-1.143166327408886851e-01,6.648544328622041366e-02,2.280837147197514736e-02,9.377864476352848477e-02,1.238818589262004055e-01,-1.752140609620997269e+00,2.432564291268197731e+00,-1.038719263407974047e+01,4.103377512929090365e+00,1.334295329465530067e+01,-4.522443414990847010e+00,-4.746309135983763383e+01,1.252908565470881896e+01,-5.234510695897658650e+01,-4.946456086594352541e+01,1.250296166511619411e+01,-5.531918227944979805e+01,1.168040782656662099e-02,-2.518355365172416076e-03,-1.293823869526528059e-02,5.667250332476926611e-02,5.629585618083512641e-03,3.319604430614750967e-01,8.259587844293810738e-03,-3.845141743631505711e-04,-1.483299219869183829e-03,-1.953875979911356087e+00,5.848755739090541472e-02,-6.188092892806968948e+00,3.404380914163860905e-01,2.043226798490092866e-01,5.491042154544574228e-01,7.066133098583072814e-01,7.673857961198110589e-02,3.689014298845859352e-02,6.786928825786672781e-03,6.418334446576666463e-02
1.089999999999918145e+00,8.500000000000000000e+01,-2.145091813824088334e+01,-8.122996495828054719e+00,-7.040025655568790341e+01,-3.255212046615837268e-02,-3.783861204523994437e-01,-1.143476008551946033e-01,0.000000000000000000e+00,0.000000000000000000e+00,0.000000000000000000e+00,0.000000000000000000e+00,-1.781047980695574573e+00,2.641740589332945532e+00,-1.047220470432177386e+01,6.228938344277234584e+00,1.331798595130404195e+01,-3.529636178560835891e+00,-4.080610659887886271e+01,1.277409454945617995e+01,-4.460001484973450658e+01,-4.294301111500404744e+01,1.272940200586804771e+01,-4.781033293813950991e+01,1.136092626046538573e-02,-9.345972302009846952e-04,-1.325436289829734320e-02,6.157891407256974037e-02,6.017227076257261782e-03,3.576283763510847979e-01,8.856856841693549684e-03,-4.178034128315072718e-04,-1.611715555968976261e-03,-1.709980126337312667e+00,5.118674972451356386e-02,-5.415653795543947879e+00,3.184822124908616159e-01,1.911452941991271526e-01,5.136908290679512712e-01,6.610416870887573237e-01,0.000000000000000000e+00,0.000000000000000000e+00,0.000000000000000000e+00,0.000000000000000000e+00
1.099999999999909051e+00,8.500000000000000000e+01,-2.161133257903741622e+01,-9.018181167289775146e+00,-7.700399983843200857e+01,-3.239363408220369972e-02,-3.786242207029910101e-01,-1.145772569044321149e-01,0.000000000000000000e+00,0.000000000000000000e+00,0.000000000000000000e+00,0.000000000000000000e+00,-1.755481400071698728e+00,2.846354794883361627e+00,-1.051037519809598386e+01,8.417958742764897195e+00,1.294907571972773574e+01,-2.771116502380384539e+00,-3.499669873564048572e+01,1.258478074795017676e+01,-3.783780803029191731e+01,-3.722593942266371414e+01,1.253646774401096309e+01,-4.129817831263957117e+01,1.099887961484805055e-02,-9.178430726312384810e-04,-1.238458024504065710e-02,6.487921767293992892e-02,6.400753935821262841e-03,3.835427838075267104e-01,9.453055335102877876e-03,-4.401954625839564874e-04,-1.698094972239105882e-03,-1.496528982664104612e+00,4.479727764742323648e-02,-4.739635707033733603e+00,2.979423343935249657e-01,1.788177578792070344e-01,4.805613587397511988e-01,6.184091156686174484e-01,0.000000000000000000e+00,0.000000000000000000e+00,0.000000000000000000e+00,0.000000000000000000e+00
1.109999999999899956e+00,8.500000000000000000e+01,-2.180995124308807931e+01,-9.974914704578099034e+00,-8.394224478808320100e+01,-3.239638505322941370e-02,-3.785460578712101509e-01,-1.145326277189243486e-01,0.000000000000000000e+00,0.000000000000000000e+00,0.000000000000000000e+00,0.000000000000000000e+00,-1.700569796381434129e+00,3.048511409128393357e+00,-1.052331221607017220e+01,1.063309318585339902e+01,1.258531817679388354e+01,-2.073986177295665367e+00,-2.991495636991068707e+01,1.217024281203504543e+01,-3.192228654201963423e+01,-3.221039466448084454e+01,1.211861303815856949e+01,-3.564086656429187627e+01,1.061854323415222304e-02,-9.460937581009408112e-04,-1.155578489311074979e-02,6.718259871117152060e-02,6.790823699279653798e-03,4.103430585742666725e-01,1.006393094276774106e-02,-4.558235468611557544e-04,-1.758381762068929061e-03,-1.309722236802110196e+00,3.920538216278381810e-02,-4.148002712779179646e+00,2.787271349617685967e-01,1.672852615436907775e-01,4.495685078373223287e-01,5.785260473152172844e-01,0.000000000000000000e+00,0.000000000000000000e+00,0.000000000000000000e+00,0.000000000000000000e+00
1.119999999999890861e+00,8.500000000000000000e+01,-2.101777550590450261e+01,-1.030103614210139007e+01,-8.974588737140442163e+01,-3.236485545108514633e-02,-3.786609769228134192e-01,-1.145967368138857551e-01,0.000000000000000000e+00,0.000000000000000000e+00,0.000000000000000000e+00,0.000000000000000000e+00,-1.537919689033087955e+00,3.176122856507714864e+00,-1.049537542593912498e+01,1.287564826027301379e+01,1.234159478987150571e+01,-1.359823579344745959e+00,-2.562086608311601665e+01,1.097430208006567298e+01,-2.699684068216692268e+01,-2.786092594909441900e+01,1.092038025294781711e+01,-3.097678101961156827e+01,1.010951800442172477e-02,-1.127388247155489218e-03,-1.072717554855652684e-02,6.494548434432428907e-02,7.196174934276622706e-03,4.373610637951770852e-01,1.069028815349221638e-02,-4.406450717054934650e-04,-1.699829381277021163e-03,-1.146233957006455917e+00,3.431150443175068343e-02,-3.630221301542104761e+00,2.607511816745849420e-01,1.564965306669637846e-01,4.205744793320566610e-01,5.412151582861179921e-01,0.000000000000000000e+00,0.000000000000000000e+00,0.000000000000000000e+00,0.000000000000000000e+00
1.130000000000109139e+00,8.500000000000000000e+01,-2.023352683233224525e+01,-1.056781088961028736e+01,-9.588099815263612413e+01,-3.248261114917884440e-02,-3.790033259759732487e-01,-1.147288187934361742e-01,0.000000000000000000e+00,0.000000000000000000e+00,0.000000000000000000e+00,0.000000000000000000e+00,-1.368684545801987174e+00,3.299178062789924315e+00,-1.046494040644887491e+01,1.511550265257148951e+01,1.212402814885315117e+01,-6.988726590166173258e-01,-2.188669583504383453e+01,9.743158491024068724e+00,-2.270445811806729353e+01,-2.404854240093292717e+01,9.686489475601094412e+00,-2.696107639570561076e+01,9.614436174949289940e-03,-1.290540633743756868e-03,-9.954224128970793478e-03,6.178337549586410127e-02,7.624613274230526011e-03,4.660459636713963905e-01,1.135362039078573020e-02,-4.191906519819754099e-04,-1.617066960122202348e-03,-1.003153376553071130e+00,3.002851321489206915e-02,-3.177072825331013206e+00,2.439345518118225808e-01,1.464035975721593996e-01,3.934503631411747637e-01,5.063105609816560548e-01,0.000000000000000000e+00,0.000000000000000000e+00,0.000000000000000000e+00,0.000000000000000000e+00
1.140000000000100044e+00,8.500000000000000000e+01,-1.954596267490356709e+01,-1.082990384864154088e+01,-1.024593832535642548e+02,-3.246670914946851033e-02,-3.789221657573212387e-01,-1.146946996340001829e-01,0.000000000000000000e+00,0.000000000000000000e+00,0.000000000000000000e+00,0.000000000000000000e+00,-1.131428752304705965e+00,3.441408259399436620e+00,-1.042982806283191977e+01,1.727119469744318536e+01,1.143179001416415907e+01,2.597595027502538553e-02,-1.871137124710243782e+01,8.054472460924506194e+00,-1.908225482393127237e+01,-2.069171724959229763e+01,7.995266750874328032e+00,-2.363162414065067196e+01,9.164066930047887888e-03,-1.516645119468380126e-03,-9.205851470430884489e-03,5.459444368908476092e-02,8.066711865664622297e-03,4.963661554993845648e-01,1.204542027459492952e-02,-3.704148609710176867e-04,-1.428909806033191706e-03,-8.779330700670912035e-01,2.628015357620209352e-02,-2.780489369386097920e+00,2.282024771105171101e-01,1.369615881625131093e-01,3.680755629817955565e-01,4.736570663936160996e-01,0.000000000000000000e+00,0.000000000000000000e+00,0.000000000000000000e+00,0.000000000000000000e+00
1.150000000000090949e+00,8.500000000000000000e+01,-1.895631143900116555e+01,-1.108730835888716548e+01,-1.094238889251343636e+02,-3.237135452228933480e-02,-3.786834026151244537e-01,-1.145935395489597192e-01,0.000000000000000000e+00,0.000000000000000000e+00,0.000000000000000000e+00,0.000000000000000000e+00,-8.805459674160394101e-01,3.587479898675563827e+00,-1.039377868236856806e+01,1.932326047011256875e+01,9.955552169688861142e+00,9.038069567256159509e-01,-1.599306263760618663e+01,6.288226434320710823e+00,-1.597567749060626596e+01,-1.774157938554293779e+01,6.225969396122219557e+00,-2.083574820778837022e+01,8.736091607359946706e-03,-1.724838575185191382e-03,-8.506888573342268403e-03,4.541781447026755486e-02,8.531128567071548374e-03,5.286002740138776579e-01,1.277603574086113442e-02,-3.081528502867626708e-04,-1.188728304198047835e-03,-7.683435988281810403e-01,2.299968923024318240e-02,-2.433410109969263768e+00,2.134850113384066383e-01,1.281285224070547457e-01,3.443372601889149176e-01,4.431094941208126303e-01,0.000000000000000000e+00,0.000000000000000000e+00,0.000000000000000000e+00,0.000000000000000000e+00
1.160000000000081855e+00,8.500000000000000000e+01,-1.846544610187155655e+01,-1.134001737358659589e+01,-1.166664052429387368e+02,-3.225003535324121040e-02,-3.788548713562566173e-01,-1.147777594788742667e-01,0.000000000000000000e+00,0.000000000000000000e+00,0.000000000000000000e+00,0.000000000000000000e+00,-6.190451374596197542e-01,3.660525457318803966e+00,-1.036409762305696525e+01,2.126232768639091120e+01,8.046883484464004255e+00,1.778826637946095302e+00,-1.373331971951062513e+01,4.469132923384315781e+00,-1.334921829516360958e+01,-1.519530513036730923e+01,4.402884198234207958e+00,-1.854355494878279131e+01,8.244375078660097500e-03,-1.911985506431135469e-03,-7.855624599616228484e-03,3.413103683142194866e-02,9.058332551103529667e-03,5.633428229830330647e-01,1.358664770620740016e-02,-2.315738087690328651e-04,-8.933175232308425764e-04,-6.724338175518621563e-01,2.012871436058825611e-02,-2.129655602534464176e+00,1.997167193066335389e-01,1.198651276935798621e-01,3.221299121133794907e-01,4.145320268838467714e-01,0.000000000000000000e+00,0.000000000000000000e+00,0.000000000000000000e+00,0.000000000000000000e+00
1.170000000000072760e+00,8.500000000000000000e+01,-1.721416820832806138e+01,-1.116938562234002497e+01,-1.230587844181232811e+02,-3.223060943132526057e-02,-3.788375538792168040e-01,-1.147687702931790427e-01,0.000000000000000000e+00,0.000000000000000000e+00,0.000000000000000000e+00,0.000000000000000000e+00,-3.537493689039040712e-01,3.707471155735355239e+00,-1.033669263128861182e+01,2.294403743187031353e+01,6.070818062475058952e+00,2.434394448177030768e+00,-1.185338631771007734e+01,2.639287250673850505e+00,-1.109312828705689924e+01,-1.297840284334403727e+01,2.568212173871545989e+00,-1.664462756642111074e+01,7.752721620497185495e-03,-2.071869858196580694e-03,-7.251588147486091700e-03,2.084854752933458163e-02,9.631852276693140397e-03,6.005250208894166164e-01,1.446225351551867072e-02,-1.414541721224669187e-04,-5.456726361362560602e-04,-5.884961359435831874e-01,1.761611375502347698e-02,-1.863817762088495256e+00,1.868363859389546300e-01,1.121346642190507725e-01,3.013547828696876429e-01,3.877976066691530277e-01,0.000000000000000000e+00,0.000000000000000000e+00,0.000000000000000000e+00,0.000000000000000000e+00
1.180000000000063665e+00,8.500000000000000000e+01,-1.568222307775854496e+01,-1.071771564083353567e+01,-1.293313400432410560e+02,-3.228189717973286438e-02,-3.789352519869120250e-01,-1.147911130908712135e-01,0.000000000000000000e+00,0.000000000000000000e+00,0.000000000000000000e+00,0.000000000000000000e+00,-8.058549314867402558e-02,3.755880010707681294e+00,-1.032250839231604900e+01,2.430249348455060243e+01,4.148725486498166859e+00,2.703984190287371803e+00,-1.030538401655422476e+01,7.703069917398436273e-01,-9.150594654842853615e+00,-1.103133867506186760e+01,6.935589098778595085e-01,-1.509013394313112855e+01,7.296195455796725994e-03,-2.211036007173028221e-03,-6.690087199943981454e-03,5.076798935915937186e-03,1.025613480877228534e-02,6.409813483295643266e-01,1.541518842901872313e-02,-3.444529598533284804e-05,-1.328759355824249725e-04,-5.150361165376955430e-01,1.541715274362202154e-02,-1.631163576938187143e+00,1.747867441039551994e-01,1.049027616410970198e-01,2.819195043472793039e-01,3.627873698175365647e-01,0.000000000000000000e+00,0.000000000000000000e+00,0.000000000000000000e+00,0.000000000000000000e+00
1.190000000000054570e+00,8.500000000000000000e+01,-1.431269897105491395e+01,-1.018207343886506244e+01,-1.359548216857999421e+02,-3.228115507162945125e-02,-3.789010821216473590e-01,-1.148067663927932053e-01,0.000000000000000000e+00,0.000000000000000000e+00,0.000000000000000000e+00,0.000000000000000000e+00,1.932450053564657433e-01,3.805364943750483953e+00,-1.030858828381152392e+01,2.517775013385668004e+01,2.512396085054389605e+00,2.628391134244540073e+00,-9.054478427965936049e+00,-1.094717885697670701e+00,-7.472294975564590658e+00,-9.323160475493990518e+00,-1.177922239732183129e+00,-1.382571449821026377e+01,6.867398675133128474e-03,-2.324256807791710497e-03,-6.170635945093176297e-03,-1.301350667344945526e-02,1.092049518597447248e-02,6.841779752581376162e-01,1.643075287229015316e-02,8.829463109182569467e-05,3.406047582876659961e-04,-4.507458675372852386e-01,1.349268073682776369e-02,-1.427550841530959680e+00,1.635142200001840351e-01,9.813726626435312350e-02,2.637376655335313402e-01,3.393901185455541758e-01,0.000000000000000000e+00,0.000000000000000000e+00,0.000000000000000000e+00,0.000000000000000000e+00
1.200000000000045475e+00,8.500000000000000000e+01,-1.310612659331376761e+01,-9.562843771476863708e+00,-1.427942847249704528e+02,-3.224736032706360805e-02,-3.788892529912603058e-01,-1.147853186681591781e-01,0.000000000000000000e+00,0.000000000000000000e+00,0.000000000000000000e+00,0.000000000000000000e+00,4.769890539404911256e-01,3.873604568338574250e+00,-1.029612195846542910e+01,2.552422934461049664e+01,7.763889824801533113e-01,2.489777669259390702e+00,-8.082656829920578545e+00,-3.019176671210624274e+00,-6.049576006016404328e+00,-7.812299499421520466e+00,-3.109523346506287034e+00,-1.284531824090174545e+01,6.480391246753735776e-03,-2.422341349866651439e-03,-5.687380248617803120e-03,-3.433582126376005794e-02,1.161939764467029984e-02,7.303629793715606944e-01,1.750665845284716041e-02,2.329632394859303124e-04,8.986773815555703033e-04,-3.944807569374989553e-01,1.180843418323640134e-02,-1.249354408085202817e+00,1.529686949621688330e-01,9.180809808221009061e-02,2.467284283225511243e-01,3.175018265500747505e-01,0.000000000000000000e+00,0.000000000000000000e+00,0.000000000000000000e+00,0.000000000000000000e+00
1.210000000000036380e+00,8.500000000000000000e+01,-1.206213005447625441e+01,-8.860422809973982794e+00,-1.496820065918047931e+02,-3.223525830714379925e-02,-3.788818752472667972e-01,-1.147698383671964112e-01,0.000000000000000000e+00,0.000000000000000000e+00,0.000000000000000000e+00,0.000000000000000000e+00,7.607331025245165357e-01,3.941844192926664547e+00,-1.028365563311933251e+01,2.546114833142854295e+01,-1.404109250222620009e+00,2.416073760700848450e+00,-7.367218829720182605e+00,-4.936152072536828861e+00,-4.829616147112943736e+00,-6.485027937597398484e+00,-5.034467970577198415e+00,-1.209723033253250790e+01,6.114738462444327394e-03,-2.498106961079089514e-03,-5.240791957552713189e-03,-5.853617045896931936e-02,1.236276277566977257e-02,7.796642647987015451e-01,1.865281916953804783e-02,3.971588677744872448e-04,1.532077301726855918e-03,-3.452390333475648942e-01,1.033442653684319215e-02,-1.093401643984863947e+00,1.431032826282797876e-01,8.588711703837541289e-02,2.308161681016194233e-01,2.970251764978920628e-01,0.000000000000000000e+00,0.000000000000000000e+00,0.000000000000000000e+00,0.000000000000000000e+00
1.220000000000027285e+00,8.500000000000000000e+01,-1.021646439491898128e+01,-7.861319060162765382e+00,-1.557281492302270181e+02,-3.223990725646791455e-02,-3.788614163257236211e-01,-1.147687258968585200e-01,0.000000000000000000e+00,0.000000000000000000e+00,0.000000000000000000e+00,0.000000000000000000e+00,1.030003397343148164e+00,3.879570330867586847e+00,-1.023694063305351953e+01,2.499240466512655345e+01,-3.752989064083963378e+00,2.377388354811482252e+00,-6.956767708687679352e+00,-6.724863848923424037e+00,-3.689837766368218475e+00,-5.410553699779926617e+00,-6.832308002414342774e+00,-1.143629180766393461e+01,5.660459436086548446e-03,-2.542953929042689708e-03,-4.831959200699370571e-03,-8.471954502667734810e-02,1.318272987577955371e-02,8.296953596454230695e-01,1.987291320920320584e-02,5.748090166702942870e-04,2.217379287546309471e-03,-3.021439906779672668e-01,9.044414372654574485e-03,-9.569159458132486806e-01,1.338741204797095075e-01,8.034799791362827459e-02,2.159301375172970605e-01,2.778691273440271337e-01,0.000000000000000000e+00,0.000000000000000000e+00,0.000000000000000000e+00,0.000000000000000000e+00
1.230000000000018190e+00,8.500000000000000000e+01,-8.497072781792141427e+00,-6.719777290566875116e+00,-1.619661089680300279e+02,-3.228839822599133963e-02,-3.788620893508006238e-01,-1.148338913571911868e-01,0.000000000000000000e+00,0.000000000000000000e+00,0.000000000000000000e+00,0.000000000000000000e+00,1.296141614805296882e+00,3.789053737664317190e+00,-1.018281432142901188e+01,2.429443743019867696e+01,-5.944325979508326974e+00,2.414106219175723211e+00,-6.783722081632365786e+00,-8.467317099761968890e+00,-2.634072883016788325e+00,-4.495998355670542956e+00,-8.584849876785424883e+00,-1.088409696406220561e+01,5.217309837849772036e-03,-2.569384628494972289e-03,-4.454832706238164887e-03,-1.139594586928777825e-01,1.406378188737230153e-02,8.823185772437176499e-01,2.117237518481360214e-02,7.731973108555438784e-04,2.982680599217173850e-03,-2.644283591505178777e-01,7.915430145315836830e-03,-8.374673043425021612e-01,1.252401748237325918e-01,7.516611328150510363e-02,2.020041519262691931e-01,2.599485095549775027e-01,0.000000000000000000e+00,0.000000000000000000e+00,0.000000000000000000e+00,0.000000000000000000e+00
1.240000000000009095e+00,8.500000000000000000e+01,-6.970129319415514502e+00,-5.449780564265660487e+00,-1.683204940014085480e+02,-3.223872822718712450e-02,-3.787934724412481136e-01,-1.148134112099060550e-01,0.000000000000000000e+00,0.000000000000000000e+00,0.000000000000000000e+00,0.000000000000000000e+00,1.549368100795405434e+00,3.699316188276027262e+00,-1.014293502558867388e+01,2.337854540649477642e+01,-7.918097101182096864e+00,2.493640757903925032e+00,-6.788276583492713456e+00,-1.011701371368326186e+01,-1.615561973190997591e+00,-3.700034630186271656e+00,-1.024580497358273767e+01,-1.041290981521070513e+01,4.811578188596510319e-03,-2.573186043758222616e-03,-4.109225204764467738e-03,-1.456147935376913283e-01,1.502792152895789102e-02,9.395816335606224090e-01,2.259110528488375916e-02,9.879738643508028002e-04,3.811201146667347276e-03,-2.314206447268394862e-01,6.927373271928666774e-03,-7.329290403313779567e-01,1.171630583541827947e-01,7.031842401252588748e-02,1.889762951324129581e-01,2.431836464372396922e-01,0.000000000000000000e+00,0.000000000000000000e+00,0.000000000000000000e+00,0.000000000000000000e+00
1.250000000000000000e+00,8.500000000000000000e+01,-5.632330399878267002e+00,-4.051604904738403512e+00,-1.746323417966093814e+02,-3.223800779015190826e-02,-3.788472816562218348e-01,-1.147844638715816296e-01,0.000000000000000000e+00,0.000000000000000000e+00,0.000000000000000000e+00,0.000000000000000000e+00,1.797313747998416256e+00,3.610024614682797672e+00,-1.010932654237597461e+01,2.227835255871545783e+01,-9.911303338559459775e+00,2.628073161800692059e+00,-6.980593067426466014e+00,-1.172356697221568389e+01,-6.387564353144838947e-01,-3.009566178861444286e+00,-1.186471135232784668e+01,-1.002450152239807935e+01,4.438109577879652962e-03,-2.562503171285171640e-03,-3.790804466103472707e-03,-1.805625794663596462e-01,1.606949191667613255e-02,1.001171075600718829e+00,2.412100814015442907e-02,1.225089189487832278e-03,4.725895585116343320e-03,-2.025331737406468324e-01,6.062652258643212722e-03,-6.414399408497746258e-01,1.096068594780050393e-01,6.578337684013300934e-02,1.767886441017688381e-01,2.274999998874970286e-01,0.000000000000000000e+00,0.000000000000000000e+00,0.000000000000000000e+00,0.000000000000000000e+00
1.259999999999990905e+00,8.500000000000000000e+01,-4.327833685061087898e+00,-2.582452202511078543e+00,1.792802692695881888e+02,-3.226580332869436601e-02,-3.789107482586759890e-01,-1.147777049117737758e-01,0.000000000000000000e+00,0.000000000000000000e+00,0.000000000000000000e+00,0.000000000000000000e+00,2.037383100913632727e+00,3.529459235278407547e+00,-1.011316561470396991e+01,2.093300707553476414e+01,-1.212071334172347647e+01,2.685974519764465551e+00,-7.332328633799944484e+00,-1.331445473409867297e+01,3.401512372880510782e-01,-2.399166486398379927e+00,-1.346963658185800483e+01,-9.709483042149086529e+00,4.105457854097141826e-03,-2.537881233221158175e-03,-3.497950899207154588e-03,-2.187910331371493156e-01,1.725066976905467384e-02,1.070760415425838330e+00,2.585338028328184809e-02,1.484463338114492452e-03,5.726455507125375634e-03,-1.772516298789038602e-01,5.305871499400004188e-03,-5.613711220002091107e-01,1.025379826490527002e-01,6.154080853291158532e-02,1.653870114314734685e-01,2.128278389894457390e-01,0.000000000000000000e+00,0.000000000000000000e+00,0.000000000000000000e+00,0.000000000000000000e+00
1.269999999999981810e+00,8.500000000000000000e+01,-2.621226805213670019e+00,-1.195490969952116123e+00,1.733126457260567861e+02,-3.228385257197530223e-02,-3.789298969836795150e-01,-1.147866854490786903e-01,0.000000000000000000e+00,0.000000000000000000e+00,0.000000000000000000e+00,0.000000000000000000e+00,2.277452453828849421e+00,3.448893855874017866e+00,-1.011700468703196520e+01,1.930727473857955800e+01,-1.463229040996356112e+01,2.609764021619517926e+00,-7.877943968527379326e+00,-1.490445984888104114e+01,1.295571594103359203e+00,-1.871249714549300114e+00,-1.507486630527117555e+01,-9.464127999543672232e+00,3.797253908972330130e-03,-2.505776836246317776e-03,-3.227104072569240718e-03,-2.614322158587048528e-01,1.851833443905226070e-02,1.145186443009645449e+00,2.770997128859367664e-02,1.773777171210711226e-03,6.842510548892673933e-03,-1.551258972268922953e-01,4.643557170545280569e-03,-4.912970280557864555e-01,9.592499899923963291e-02,5.757185624703217708e-02,1.547207044276474597e-01,1.991019299838109602e-01,0.000000000000000000e+00,0.000000000000000000e+00,0.000000000000000000e+00,0.000000000000000000e+00
1.279999999999972715e+00,8.500000000000000000e+01,-1.093349602049216829e+00,3.357068873050235158e-01,1.672773996752768255e+02,-3.239077245199280253e-02,-3.787147990378993412e-01,-1.146439846717369621e-01,0.000000000000000000e+00,0.000000000000000000e+00,0.000000000000000000e+00,0.000000000000000000e+00,2.473212114719224086e+00,3.259323758167667506e+00,-1.009637784457821752e+01,1.737236906958960958e+01,-1.728796028248007133e+01,2.515892898269112887e+00,-8.551279037782533621e+00,-1.615933591490620813e+01,2.474763329802653899e+00,-1.489479067774523546e+00,-1.634653663010590918e+01,-9.017457704062691093e+00,3.451525773685326301e-03,-2.444539532871157703e-03,-2.984457272400764093e-03,-3.034758353580789270e-01,1.992475429612276111e-02,1.222053927785344385e+00,2.971185093384754589e-02,2.059036630218491742e-03,7.942925465214923861e-03,-1.357620463455745385e-01,4.063917341111790080e-03,-4.299700506795187671e-01,8.973850660293962445e-02,5.385887366033478146e-02,1.447422997210765505e-01,1.862612462331312557e-01,0.000000000000000000e+00,0.000000000000000000e+00,0.000000000000000000e+00,0.000000000000000000e+00
1.289999999999963620e+00,8.500000000000000000e+01,2.601891269052012956e-01,2.012163256719580406e+00,1.613183698897277338e+02,-3.242954878743965763e-02,-3.785876469990000492e-01,-1.145096870224421859e-01,0.000000000000000000e+00,0.000000000000000000e+00,0.000000000000000000e+00,0.000000000000000000e+00,2.665019086602645082e+00,3.060029788954907293e+00,-1.007356849649232267e+01,1.516870790629040577e+01,-1.957445992117273548e+01,2.302366393683759949e+00,-9.394830245756093490e+00,-1.737690768429663635e+01,3.698423501362896104e+00,-1.176908474467497134e+00,-1.758226398378928934e+01,-8.572984151048871126e+00,3.129573594469798117e-03,-2.378882705664744652e-03,-2.760337948510887315e-03,-3.495554193206639737e-01,2.144146086699294518e-02,1.303816698227348470e+00,3.185921279558864838e-02,2.371679484211265069e-03,9.148974376658113375e-03,-1.188153207003189715e-01,3.556632027736997270e-03,-3.762983163422587429e-01,8.395099975335597320e-02,5.038535251517860247e-02,1.354074324186070877e-01,1.742486968917884016e-01,0.000000000000000000e+00,0.000000000000000000e+00,0.000000000000000000e+00,0.000000000000000000e+00
1.299999999999954525e+00,8.500000000000000000e+01,1.443594520284940730e+00,3.835594088892281928e+00,1.555697102703095425e+02,-3.224277710652232593e-02,-3.788496697528662693e-01,-1.147636060389801982e-01,0.000000000000000000e+00,0.000000000000000000e+00,0.000000000000000000e+00,0.000000000000000000e+00,2.820727593214574558e+00,2.842961649894903964e+00,-1.003682174226472057e+01,1.283699947458614687e+01,-2.143833811025027103e+01,1.987215954766489601e+00,-8.691744281610205292e+00,-1.885534746318054289e+01,-9.117111805911548572e-01,-9.326788219233120847e-01,-1.854776744072929873e+01,-8.048961912267001750e+00,2.824666222417853215e-03,-2.295329274481137938e-03,-2.558284633810113413e-03,-2.206026038503464126e-01,-2.963405623149164766e-02,7.869096124484875610e-01,-7.922453626628946088e-02,-1.745697373224131552e-04,-2.231454700757245016e-02,-1.039839985704504172e-01,3.112669456329038124e-03,-3.293262464635277054e-01,7.853674666965212992e-02,4.713584922122997234e-02,1.266745988528036604e-01,1.630108730749252055e-01,0.000000000000000000e+00,0.000000000000000000e+00,0.000000000000000000e+00,0.000000000000000000e+00
1.309999999999945430e+00,8.500000000000000000e+01,2.460543000478965237e+00,5.808590327307007861e+00,1.501397259516956240e+02,-3.224788899797369907e-02,-3.788716853179970867e-01,-1.147779323916288535e-01,0.000000000000000000e+00,0.000000000000000000e+00,0.000000000000000000e+00,0.000000000000000000e+00,2.968012530969368346e+00,2.621745912246965737e+00,-9.996822697408095593e+00,1.038763363840696563e+01,-2.334811580647225426e+01,1.752746410845897662e+00,-9.358550661795737469e+00,-1.976767055313731447e+01,6.707692284484600975e-02,-7.389434494358689820e-01,-1.944362128766968922e+01,-7.516693118606543322e+00,2.543860050723221414e-03,-2.209122496447510266e-03,-2.372028348433175525e-03,-2.481236624458493800e-01,-3.141747752462105414e-02,8.371815840515826057e-01,-8.436259587027424012e-02,-1.963480114043951669e-04,-2.509837614199244768e-02,-9.100402115625816357e-02,2.724125259179090066e-03,-2.882175441654413195e-01,7.347167509111821038e-02,4.409591619185777855e-02,1.185049720528759815e-01,1.524978103976949995e-01,0.000000000000000000e+00,0.000000000000000000e+00,0.000000000000000000e+00,0.000000000000000000e+00
1.319999999999936335e+00,8.500000000000000000e+01,3.555379855268154365e+00,7.062794723434262956e+00,1.441451204531814483e+02,-3.227323833956784876e-02,-3.788830361452247275e-01,-1.148083134521709486e-01,0.000000000000000000e+00,0.000000000000000000e+00,0.000000000000000000e+00,0.000000000000000000e+00,3.072756584615540021e+00,2.370821570452564142e+00,-9.955875329566303833e+00,7.937211786294772864e+00,-2.541300844464048225e+01,1.635372337145130306e+00,-1.006580971141578829e+01,-2.039257135274642607e+01,1.186918267657369519e+00,-6.050631186703140374e-01,-2.005142143324647463e+01,-6.872410974890932778e+00,2.275730565552912341e-03,-2.107782367959998293e-03,-2.204901601734018945e-03,-2.745892786745525727e-01,-3.328277149367912802e-02,8.904664831205004738e-01,-8.982608810501002683e-02,-2.172910809442934674e-04,-2.777544444087981512e-02,-7.964429124157706985e-02,2.384081744564493961e-03,-2.522403047336765902e-01,6.873326524971461182e-02,4.125203760885176596e-02,1.108622291164421403e-01,1.426627668290709472e-01,0.000000000000000000e+00,0.000000000000000000e+00,0.000000000000000000e+00,0.000000000000000000e+00
1.329999999999927240e+00,8.500000000000000000e+01,4.540055955083929895e+00,8.407374791336023279e+00,1.381640743710628669e+02,-3.240550349878896369e-02,-3.786376093269632204e-01,-1.145945708411317959e-01,0.000000000000000000e+00,0.000000000000000000e+00,0.000000000000000000e+00,0.000000000000000000e+00,3.176414320946519876e+00,2.119138594422634192e+00,-9.914903745498149235e+00,5.526078727815887603e+00,-2.761788539091094208e+01,1.694270704172678998e+00,-1.087969445877576646e+01,-2.100539720194370830e+01,2.329304118431731574e+00,-5.074161484358957752e-01,-2.064606791201034142e+01,-6.234731403808735806e+00,2.031323475422769104e-03,-2.009926106059561728e-03,-2.049603039951831875e-03,-3.034209257503939217e-01,-3.525530132479657436e-02,9.471145437969461511e-01,-9.564175853721029741e-02,-2.401064646648619751e-04,-3.069184312679944585e-02,-6.970255870871415460e-02,2.086484733260208189e-03,-2.207539846901762082e-01,6.430044974513898781e-02,3.859156932986781974e-02,1.037123897146072227e-01,1.334620148725328415e-01,0.000000000000000000e+00,0.000000000000000000e+00,0.000000000000000000e+00,0.000000000000000000e+00
1.339999999999918145e+00,8.500000000000000000e+01,5.405450339117842340e+00,9.886145268298026423e+00,1.323558157729063964e+02,-3.229950068963625270e-02,-3.789094267923058812e-01,-1.147814765035589518e-01,0.000000000000000000e+00,0.000000000000000000e+00,0.000000000000000000e+00,0.000000000000000000e+00,3.216147313921702722e+00,1.805892357518487978e+00,-9.910400574700084064e+00,2.386260758322325870e+00,-3.023981601787816587e+01,1.813694797724126895e+00,-1.167746161269787386e+01,-2.127677500499864038e+01,3.733171057792231018e+00,-4.747849863856667407e-01,-2.089756633362676297e+01,-5.405084258509517348e+00,1.792128737646013752e-03,-1.893955319812489976e-03,-1.912721233892956691e-03,-3.283955642380840256e-01,-3.742643810545429744e-02,1.010812759510718584e+00,-1.022140154591681532e-01,-2.598696769045328345e-04,-3.321809501505345458e-02,-6.100181965089126329e-02,1.826035769139775248e-03,-1.931979974732575545e-01,6.015351987725203048e-02,3.610268267142329596e-02,9.702366501233636309e-02,1.248546471496481264e-01,0.000000000000000000e+00,0.000000000000000000e+00,0.000000000000000000e+00,0.000000000000000000e+00
1.349999999999909051e+00,8.500000000000000000e+01,6.152777927588600981e+00,1.150179584581215764e+01,1.268226939343852280e+02,-3.227103985937374714e-02,-3.788996307388567963e-01,-1.147602984268867587e-01,0.000000000000000000e+00,0.000000000000000000e+00,0.000000000000000000e+00,0.000000000000000000e+00,3.246269166949123264e+00,1.483390031581502067e+00,-9.911380461091013672e+00,-1.490682531004105194e+00,-3.294805423950645462e+01,1.774742390833191630e+00,-1.254640771298470270e+01,-2.149824637238709002e+01,5.192041850470374698e+00,-4.755745901287193322e-01,-2.109772415935558243e+01,-4.564760368250939671e+00,1.572968166883872716e-03,-1.781493040794188869e-03,-1.786033089452817788e-03,-3.543225896720364476e-01,-3.974300455245125679e-02,1.079350264293298167e+00,-1.092992319397785156e-01,-2.803865427101015040e-04,-3.584068340573690753e-02,-5.338716497152978802e-02,1.598097784769198122e-03,-1.690817326811217547e-01,5.627403801940753653e-02,3.377431181749643990e-02,9.076631633240844765e-02,1.168023945221537824e-01,0.000000000000000000e+00,0.000000000000000000e+00,0.000000000000000000e+00,0.000000000000000000e+00
1.359999999999899956e+00,8.500000000000000000e+01,6.782688615422907574e+00,1.325784415715958353e+01,1.216377156030077344e+02,-3.227495355189245740e-02,-3.788840937730615366e-01,-1.147873203667754832e-01,0.000000000000000000e+00,0.000000000000000000e+00,0.000000000000000000e+00,0.000000000000000000e+00,3.203163710392768593e+00,1.145670644939716043e+00,-9.913629261013014116e+00,-5.371636372210959465e+00,-3.481733347021400249e+01,1.506169106339859898e+00,-1.329181264144755126e+01,-2.124692952025205983e+01,6.767881081611365701e+00,-5.105743280085334179e-01,-2.082401351964784908e+01,-3.657801741455638300e+00,1.370176458692118435e-03,-1.653633968393748493e-03,-1.675305767857595413e-03,-3.737200649411856479e-01,-4.219288651710021570e-02,1.152617324934040566e+00,-1.168919433135917896e-01,-2.957363713311203144e-04,-3.780279022663051575e-02,-4.672302236242711210e-02,1.398612542451641580e-03,-1.479758211800697443e-01,5.264475564309057526e-02,3.159610461990383645e-02,8.491252293455751887e-02,1.092694559438936314e-01,0.000000000000000000e+00,0.000000000000000000e+00,0.000000000000000000e+00,0.000000000000000000e+00
1.369999999999890861e+00,8.500000000000000000e+01,7.051844413833962655e+00,1.421059389796973882e+01,1.157376131222902131e+02,-3.228465089198437332e-02,-3.789082777121668966e-01,-1.148119518432964836e-01,0.000000000000000000e+00,0.000000000000000000e+00,0.000000000000000000e+00,0.000000000000000000e+00,3.138185161362017972e+00,8.034059025027153744e-01,-9.916257087054709984e+00,-9.145123008590539726e+00,-3.589029765541592809e+01,1.015447423888472089e+00,-6.273490230454276784e+00,-2.039134197161646256e+01,3.186963190210185815e+00,-5.701997402173937246e-01,-2.040839517001258585e+01,-2.773771955084990193e+00,1.185757230410786761e-03,-1.528702409904908683e-03,-1.573548864320608708e-03,-2.051661865017031516e-01,6.661410725292602440e-03,6.428018921238306538e-01,-1.433083433880694146e-02,-3.352764632111342267e-03,-4.806898626029826489e-03,-4.089074255664319757e-02,1.224028380832498618e-03,-1.295044905602673324e-01,4.924953662939390853e-02,2.955837657170980876e-02,7.943625832193600134e-02,1.022223392861171115e-01,0.000000000000000000e+00,0.000000000000000000e+00,0.000000000000000000e+00,0.000000000000000000e+00
1.380000000000109139e+00,8.500000000000000000e+01,7.161228368158687907e+00,1.483067750865032686e+01,1.095418181183305677e+02,-3.242474291843197576e-02,-3.786194791482412336e-01,-1.145669079349851682e-01,0.000000000000000000e+00,0.000000000000000000e+00,0.000000000000000000e+00,0.000000000000000000e+00,3.039059693162271092e+00,4.337167329541086191e-01,-9.907333080997874575e+00,-1.239646531975475341e+01,-3.617821494418856076e+01,4.917071633578489753e-01,-6.599117416746273612e+00,-1.972372196831607027e+01,4.494374870596858251e+00,-6.662758306731095814e-01,-1.974705478292045413e+01,-1.877529140843146038e+00,1.011161547071517215e-03,-1.404018615357732801e-03,-1.481040601007864443e-03,-2.123828369168071772e-01,7.310100150174481289e-03,6.867785338098096881e-01,-1.572637367254315841e-02,-3.470696980938577439e-03,-4.975979640579037029e-03,-3.578648688142811035e-02,1.071236980655942235e-03,-1.133388748345952185e-01,4.607328552636851676e-02,2.765206774902944850e-02,7.431317452494710929e-02,9.562971242843451569e-02,0.000000000000000000e+00,0.000000000000000000e+00,0.000000000000000000e+00,0.000000000000000000e+00
1.390000000000100044e+00,8.500000000000000000e+01,7.233840573942743823e+00,1.554058243825106089e+01,1.035984574574479637e+02,-3.241161492334362210e-02,-3.786587946066496402e-01,-1.145431191545334126e-01,0.000000000000000000e+00,0.000000000000000000e+00,0.000000000000000000e+00,0.000000000000000000e+00,2.922740113960521136e+00,5.021845104455935349e-02,-9.892592342766041824e+00,-1.511296791769746761e+01,-3.583666224325521199e+01,1.716086508032200683e-02,-6.919570607852270960e+00,-1.893351521336406407e+01,5.787638707466522980e+00,-7.871481402957637430e-01,-1.896385634529173458e+01,-1.019891049889474877e+00,8.502610267029351611e-04,-1.284824711516502783e-03,-1.395375999420397700e-03,-2.183349960940375589e-01,8.019674393947946386e-03,7.333436284446874787e-01,-1.725289580996248670e-02,-3.567965391071790601e-03,-5.115434519859074491e-03,-3.131937850090635994e-02,9.375180238422071034e-04,-9.919115926558590146e-02,4.310188043327388419e-02,2.586870252978457421e-02,6.952049384796168963e-02,8.946226395336540071e-02,0.000000000000000000e+00,0.000000000000000000e+00,0.000000000000000000e+00,0.000000000000000000e+00
1.400000000000090949e+00,8.500000000000000000e+01,7.269373316121122919e+00,1.634133224753049873e+01,9.797138851488962530e+01,-3.251281013502124034e-02,-3.783856472499355084e-01,-1.143189059306598809e-01,0.000000000000000000e+00,0.000000000000000000e+00,0.000000000000000000e+00,0.000000000000000000e+00,2.805105270721732325e+00,-3.647801814778801610e-01,-9.869057524055067532e+00,-1.712532319038447071e+01,-3.563225689490496961e+01,-1.785045927972757351e-01,-7.269428257137191096e+00,-1.812001454718708615e+01,7.086870799789540598e+00,-9.411328465116362008e-01,-1.815803580456480049e+01,-1.795940923232033914e-01,6.979549405868532832e-04,-1.174862348591433105e-03,-1.314704987123833935e-03,-2.239934310572064824e-01,8.803800832644054913e-03,7.823955539366544976e-01,-1.893980366732764958e-02,-3.660433847697599011e-03,-5.248007648568620530e-03,-2.740988443300055796e-02,8.204907605885698816e-04,-8.680945607418044663e-02,4.032211021332533091e-02,2.420035191031855160e-02,6.503690759761576734e-02,8.369257282511564922e-02,0.000000000000000000e+00,0.000000000000000000e+00,0.000000000000000000e+00,0.000000000000000000e+00
1.410000000000081855e+00,8.500000000000000000e+01,7.267436112592619679e+00,1.723418261402665408e+01,9.269393563632263522e+01,-3.237702979168717576e-02,-3.786072579367507074e-01,-1.145998873006735946e-01,0.000000000000000000e+00,0.000000000000000000e+00,0.000000000000000000e+00,0.000000000000000000e+00,2.687415196535082540e+00,-7.811015858341979756e-01,-9.845153421773073177e+00,-1.832979587713469272e+01,-3.547268285572016566e+01,4.582149151228630951e-02,-7.628310456711347776e+00,-1.730836719271077939e+01,8.343790734952019505e+00,-1.107441545769441760e+00,-1.735470062845208972e+01,5.879568774443361123e-01,5.614452252886313263e-04,-1.073727656710838502e-03,-1.238639646769281941e-03,-2.293896675973768895e-01,9.658441293553993862e-03,8.346953301796689040e-01,-2.077840983794534621e-02,-3.748617535891461943e-03,-5.374437653692595851e-03,-2.398839953381271678e-02,7.180716221883710589e-04,-7.597331979675345237e-02,3.772161575578058396e-02,2.263959825232626094e-02,6.084248134242543904e-02,7.829498647316304738e-02,0.000000000000000000e+00,0.000000000000000000e+00,0.000000000000000000e+00,0.000000000000000000e+00
1.420000000000072760e+00,8.500000000000000000e+01,6.362547643557197041e+00,1.663867116159617154e+01,8.615857423427384276e+01,-3.229770937241946416e-02,-3.788821704207374630e-01,-1.148337615322918143e-01,0.000000000000000000e+00,0.000000000000000000e+00,0.000000000000000000e+00,0.000000000000000000e+00,2.343298585704097547e+00,-1.312490128376827325e+00,-9.840908440645623756e+00,-2.035054230213745896e+01,-3.444158729748118475e+01,4.543282161435512889e-01,-7.531312543341090127e+00,-1.506595741467375937e+01,9.581324107799183309e+00,-1.355926528748354176e+00,-1.512592631942350785e+01,1.281250194766447414e+00,4.178039692752604341e-04,-9.350995592630956862e-04,-1.182619089008229377e-03,-2.138058969726035208e-01,1.068836281578625785e-02,8.923821332660303307e-01,-2.299410187762725155e-02,-3.493952203964350006e-03,-5.009320931088962273e-03,-2.099400723853517628e-02,6.284371249011502141e-04,-6.648982244523599094e-02,3.528883502621146112e-02,2.117950230336082193e-02,5.691856628249487848e-02,7.324550673860005801e-02,0.000000000000000000e+00,0.000000000000000000e+00,0.000000000000000000e+00,0.000000000000000000e+00
1.430000000000063665e+00,8.500000000000000000e+01,5.524307978163232491e+00,1.599580566859614450e+01,7.986834427065012676e+01,-3.237645306277802532e-02,-3.786300859546787856e-01,-1.145388651601024488e-01,0.000000000000000000e+00,0.000000000000000000e+00,0.000000000000000000e+00,0.000000000000000000e+00,1.960161223542744358e+00,-1.863708529433425465e+00,-9.840051373714601368e+00,-2.338751533415242179e+01,-3.256175582458668316e+01,9.183686339615170224e-01,-7.278446990090167823e+00,-1.257570492336871126e+01,1.060299570531414837e+01,-1.626483465324805699e+00,-1.265145017914733749e+01,1.716570184547239641e+00,2.868347548461752834e-04,-8.025266344047865368e-04,-1.131203878598905114e-03,-1.911775131432009445e-01,1.183267512475171326e-02,9.544046976919532410e-01,-2.545588524573223765e-02,-3.124165903996097525e-03,-4.479153904087524070e-03,-1.837339499496049369e-02,5.499914044095469742e-04,-5.819011859197344844e-02,3.301295166064923542e-02,1.981357234428728770e-02,5.324771633525907794e-02,6.852168317614078241e-02,0.000000000000000000e+00,0.000000000000000000e+00,0.000000000000000000e+00,0.000000000000000000e+00
1.440000000000054570e+00,8.500000000000000000e+01,4.786541314485375231e+00,1.536263943075242189e+01,7.391786771890177477e+01,-3.231818605731734406e-02,-3.786446523726879620e-01,-1.145884931847167137e-01,0.000000000000000000e+00,0.000000000000000000e+00,0.000000000000000000e+00,0.000000000000000000e+00,1.566579066115837193e+00,-2.262137964508202259e+00,-9.878044235453980804e+00,-2.576371877749214079e+01,-2.992791686677584551e+01,1.110037791712716659e+00,-1.524133594736995612e+00,-1.053461940292535992e+01,5.933618629240989151e+00,-1.817039376186853294e+00,-1.014981214713083091e+01,1.716905513442907427e+00,2.003384766236747101e-04,-6.813213664132846195e-04,-1.082135477096242849e-03,-7.141889409575974401e-02,-3.831619300303218401e-02,4.379560900673562518e-01,8.243043959672496923e-02,-1.167106267712301982e-03,1.334008568283220203e-02,-1.607990507982665768e-02,4.813378028421953694e-04,-5.092643922364013115e-02,3.088384687504850540e-02,1.853573532651004233e-02,4.981361056861704356e-02,6.410251323740319418e-02,0.000000000000000000e+00,0.000000000000000000e+00,0.000000000000000000e+00,0.000000000000000000e+00
1.450000000000045475e+00,8.500000000000000000e+01,4.148297485331277734e+00,1.473900559018454892e+01,6.831168298493015811e+01,-3.224660732206996450e-02,-3.788545470816226945e-01,-1.147741305918855148e-01,0.000000000000000000e+00,0.000000000000000000e+00,0.000000000000000000e+00,0.000000000000000000e+00,1.175630711124220573e+00,-2.601959893266765356e+00,-9.927711776136520783e+00,-2.722058422631513963e+01,-2.641704833526421226e+01,8.822197904250056455e-01,-1.169068249325903697e+00,-8.062283133639855492e+00,5.960527230884912875e+00,-1.982534572585682664e+00,-7.654611535474731276e+00,1.476272476761533170e+00,1.341432002075989053e-04,-5.728466608153115524e-04,-1.034541606610783673e-03,-5.729077408160293539e-02,-4.104203255457508637e-02,4.691125787104271083e-01,8.829459610324533192e-02,-9.362287439381973900e-04,1.070114351056215829e-02,-1.407270389860744951e-02,4.212540024942440444e-04,-4.456946084239207795e-02,2.889205447625477902e-02,1.734030987064745857e-02,4.660098063658606182e-02,5.996834889167242805e-02,0.000000000000000000e+00,0.000000000000000000e+00,0.000000000000000000e+00,0.000000000000000000e+00
1.460000000000036380e+00,8.500000000000000000e+01,3.385925326847513794e+00,1.386596772032830849e+01,6.269477579338354190e+01,-3.226570384737478120e-02,-3.788611678584440368e-01,-1.147998767586843327e-01,0.000000000000000000e+00,0.000000000000000000e+00,0.000000000000000000e+00,0.000000000000000000e+00,8.941698171332961298e-01,-2.786797027847933705e+00,-9.958420514528940615e+00,-2.803354674848819528e+01,-2.267519198993914031e+01,6.619836891495426423e-01,-8.016092043998968020e-01,-6.272518143840088989e+00,5.953256512691886826e+00,-2.056711018063323237e+00,-5.839556353318952731e+00,1.177319384255857804e+00,9.857947409160669038e-05,-4.924374328854448039e-04,-9.827703924927687525e-04,-4.657863305403740078e-02,-4.393718410119569484e-02,5.022043123127211128e-01,9.452299709987328769e-02,-7.611741299991094459e-04,8.700260117398685850e-03,-1.231605497885291181e-02,3.686702635230136105e-04,-3.900600297339095607e-02,2.702871877445036514e-02,1.622198100660340522e-02,4.359554289484942474e-02,5.610080926897263037e-02,0.000000000000000000e+00,0.000000000000000000e+00,0.000000000000000000e+00,0.000000000000000000e+00
1.470000000000027285e+00,8.500000000000000000e+01,2.075076158107287405e+00,1.214385479774236920e+01,5.634200029542801502e+01,-3.225617767107128581e-02,-3.788302499785680677e-01,-1.148159418949607768e-01,0.000000000000000000e+00,0.000000000000000000e+00,0.000000000000000000e+00,0.000000000000000000e+00,6.127089231423715754e-01,-2.971634162429102055e+00,-9.989129252921362223e+00,-2.847341611845538623e+01,-1.889986062729283134e+01,5.747253952320778847e-01,-3.833125196811684177e-01,-4.473105208559888801e+00,5.893837142881613644e+00,-2.137325674239921369e+00,-4.013094916310894433e+00,8.074480147079994286e-01,6.704502343415067638e-05,-4.200172028623542619e-04,-9.333739221729179256e-04,-3.411724103015641857e-02,-4.703645758878791105e-02,5.376291703764617402e-01,1.011905299623495902e-01,-5.575337779657800431e-04,6.372640242704997321e-03,-1.077868271335812728e-02,3.226503781598740296e-04,-3.413701308482164354e-02,2.528555520995354536e-02,1.517577654272771887e-02,4.078393489437714958e-02,5.248269893705042460e-02,0.000000000000000000e+00,0.000000000000000000e+00,0.000000000000000000e+00,0.000000000000000000e+00
1.480000000000018190e+00,8.500000000000000000e+01,9.651706410786918822e-01,1.038297723559564290e+01,5.034160166714534768e+01,-3.224167348095079849e-02,-3.788901528502264249e-01,-1.147662442819517847e-01,0.000000000000000000e+00,0.000000000000000000e+00,0.000000000000000000e+00,0.000000000000000000e+00,4.988650253043463989e-01,-3.228082741167191738e+00,-9.935201199982273579e+00,-2.870849277143384271e+01,-1.481867553143189475e+01,6.970181967703403814e-01,-2.250773127671989560e+00,-3.253220176414769682e+00,7.088968514892983741e-01,-2.251440757261446546e+00,-3.249603029046247649e+00,7.171246154105525017e-01,2.555560856445454826e-05,-3.775431716988264215e-04,-8.784697312043598591e-04,0.000000000000000000e+00,0.000000000000000000e+00,0.000000000000000000e+00,0.000000000000000000e+00,0.000000000000000000e+00,0.000000000000000000e+00,-9.433215525160470669e-03,2.823750023446390967e-04,-2.987580304365589426e-02,2.365481351931415788e-02,1.419704495900075622e-02,3.815365597076456061e-02,4.909793144892213301e-02,0.000000000000000000e+00,0.000000000000000000e+00,0.000000000000000000e+00,0.000000000000000000e+00
1.490000000000009095e+00,8.500000000000000000e+01,5.002232566948369707e-02,8.582390142504559449e+00,4.466384361289975402e+01,-3.236998001543248127e-02,-3.787243348464945369e-01,-1.145819782702766770e-01,0.000000000000000000e+00,0.000000000000000000e+00,0.000000000000000000e+00,0.000000000000000000e+00,3.947578464234678397e-01,-3.488691163607737344e+00,-9.876356672762273803e+00,-2.797643264801828522e+01,-1.009258430676364782e+01,1.160155314167798934e+00,-2.370014785170414751e+00,-2.559237587817350335e+00,5.999524134478068094e-01,-2.369711717747593926e+00,-2.555979828185690472e+00,6.076919459567443615e-01,-1.160085255141348306e-05,-3.400317373499379134e-04,-8.263417749761298951e-04,0.000000000000000000e+00,0.000000000000000000e+00,0.000000000000000000e+00,0.000000000000000000e+00,0.000000000000000000e+00,0.000000000000000000e+00,-8.255698540402152397e-03,2.471270680167178893e-04,-2.614650570878971486e-02,2.212924327693873913e-02,1.328143472595312569e-02,3.569301166514353418e-02,4.593145782107019293e-02,0.000000000000000000e+00,0.000000000000000000e+00,0.000000000000000000e+00,0.000000000000000000e+00
1.500000000000000000e+00,8.500000000000000000e+01,-6.759171802410297580e-01,6.740947114524501238e+00,3.925988827447406493e+01,-3.249054889517594136e-02,-3.785565988665812731e-01,-1.144326183389141605e-01,0.000000000000000000e+00,0.000000000000000000e+00,0.000000000000000000e+00,0.000000000000000000e+00,-3.750405619387953138e-02,-3.554502636536629900e+00,-9.809125898185758530e+00,-2.500389897395245598e+01,-3.457326506946309941e+00,1.823218037636570532e+00,-2.369042406668791401e+00,2.409161197697669565e-01,-3.042527146872195387e-01,-2.368484077073989447e+00,2.434739386274002437e-01,-2.968476260956982027e-01,-2.137180975803428971e-05,-2.669747582157468700e-04,-7.906335484096624127e-04,0.000000000000000000e+00,0.000000000000000000e+00,0.000000000000000000e+00,0.000000000000000000e+00,0.000000000000000000e+00,0.000000000000000000e+00,-7.225167092621767248e-03,2.162790163415431841e-04,-2.288272418253686769e-02,2.070206165904015655e-02,1.242487495737064004e-02,3.339106172955678964e-02,4.296919962429629480e-02,0.000000000000000000e+00,0.000000000000000000e+00,0.000000000000000000e+00,0.000000000000000000e+00
1.509999999999990905e+00,8.500000000000000000e+01,-1.217318474768702696e+00,4.857281981079580646e+00,3.406954907816446365e+01,-3.236421808791564020e-02,-3.787879835889388924e-01,-1.146593966903187156e-01,0.000000000000000000e+00,0.000000000000000000e+00,0.000000000000000000e+00,0.000000000000000000e+00,-5.293176667099560584e-01,-3.584963434318156228e+00,-9.740373233729814118e+00,-1.999446483798054430e+01,4.742346740422752838e+00,2.726399573706921764e+00,-2.348871944275692236e+00,3.383113252160003803e+00,-1.369414086757640758e+00,-2.348193213233216614e+00,3.384984731065798336e+00,-1.362311267701682649e+00,-2.598055136554343727e-05,-1.953373777385841357e-04,-7.583605468749907369e-04,0.000000000000000000e+00,0.000000000000000000e+00,0.000000000000000000e+00,0.000000000000000000e+00,0.000000000000000000e+00,0.000000000000000000e+00,-6.323273465089674153e-03,1.892816245709721902e-04,-2.002634967157511034e-02,1.936692328658730713e-02,1.162355731076465844e-02,3.123757148562230843e-02,4.019798638974714927e-02,0.000000000000000000e+00,0.000000000000000000e+00,0.000000000000000000e+00,0.000000000000000000e+00
1.519999999999981810e+00,8.500000000000000000e+01,-2.322049681518593367e+00,2.903976192697696579e+00,2.825883938343394419e+01,-3.241156060720222498e-02,-3.786050260260451772e-01,-1.145289356838530004e-01,0.000000000000000000e+00,0.000000000000000000e+00,0.000000000000000000e+00,0.000000000000000000e+00,-8.584490947828998797e-01,-3.444335078272165340e+00,-9.756501776824094918e+00,-1.504766988480799128e+01,1.146674595937370178e+01,3.168108351677917600e+00,-2.245652147961082701e+00,5.496086126293736385e+00,-2.001376075633887641e+00,-2.245412488299204590e+00,5.497510493741300408e+00,-1.994621586150295167e+00,-9.173722381933041223e-06,-1.486696971480489611e-04,-7.211697634817184049e-04,0.000000000000000000e+00,0.000000000000000000e+00,0.000000000000000000e+00,0.000000000000000000e+00,0.000000000000000000e+00,0.000000000000000000e+00,-5.533960225658729644e-03,1.656542276096188661e-04,-1.752652691038703026e-02,1.811789201317392031e-02,1.087391905513566438e-02,2.922296632022415921e-02,3.760549705181435998e-02,0.000000000000000000e+00,0.000000000000000000e+00,0.000000000000000000e+00,0.000000000000000000e+00
1.529999999999972715e+00,8.500000000000000000e+01,-3.249471745767546160e+00,8.832339319275395173e-01,2.266651346694656510e+01,-3.236777765264691603e-02,-3.786199007796591798e-01,-1.145316176349320259e-01,0.000000000000000000e+00,0.000000000000000000e+00,0.000000000000000000e+00,0.000000000000000000e+00,-1.130481318587353456e+00,-3.243656786850273921e+00,-9.802422454100987892e+00,-1.112370289278451274e+01,1.610428604246158457e+01,2.922898587537853476e+00,-2.113952564406081258e+00,7.271889113324276899e+00,-2.420142957753044222e+00,-2.114276006232677307e+00,7.272969232011385898e+00,-2.413739223708089021e+00,1.238074651630752428e-05,-1.127384077548945909e-04,-6.837199728888521122e-04,0.000000000000000000e+00,0.000000000000000000e+00,0.000000000000000000e+00,0.000000000000000000e+00,0.000000000000000000e+00,0.000000000000000000e+00,-4.843174338141409407e-03,1.449761601906060624e-04,-1.533874872745895519e-02,1.694941453237276338e-02,1.017262723074782368e-02,2.733828911591341254e-02,3.518020516755824417e-02,0.000000000000000000e+00,0.000000000000000000e+00,0.000000000000000000e+00,0.000000000000000000e+00
1.539999999999963620e+00,8.500000000000000000e+01,-3.993552605969093783e+00,-1.207018486704971805e+00,1.724544839535717955e+01,-3.223061892099633730e-02,-3.788351331700109403e-01,-1.147844482910275604e-01,0.000000000000000000e+00,0.000000000000000000e+00,0.000000000000000000e+00,0.000000000000000000e+00,-1.317782898836314498e+00,-3.074965626132799112e+00,-9.798907862918065703e+00,-8.450017558870241530e+00,1.956652188864094910e+01,2.665398065718070697e+00,-1.993731726231928736e+00,8.473686333256306824e+00,-2.640345788656558668e+00,-1.994430688965828091e+00,8.474534223810712419e+00,-2.634300389277571597e+00,2.675498256929749940e-05,-8.849937714721658154e-05,-6.454609561369463542e-04,0.000000000000000000e+00,0.000000000000000000e+00,0.000000000000000000e+00,0.000000000000000000e+00,0.000000000000000000e+00,0.000000000000000000e+00,-4.238616960214847476e-03,1.268792672961147018e-04,-1.342406363377604203e-02,1.585629568723113253e-02,9.516563830487431014e-03,2.557516042675084950e-02,3.291132766909615065e-02,0.000000000000000000e+00,0.000000000000000000e+00,0.000000000000000000e+00,0.000000000000000000e+00
1.549999999999954525e+00,8.500000000000000000e+01,-4.557341332438363146e+00,-3.369593505055049398e+00,1.192871132054555972e+01,-3.225333725082448616e-02,-3.788389827088978201e-01,-1.148242496225981985e-01,0.000000000000000000e+00,0.000000000000000000e+00,0.000000000000000000e+00,0.000000000000000000e+00,-1.496396552018048887e+00,-2.909554292488369054e+00,-9.790324385333420310e+00,-7.327526937945100904e+00,2.253387180815827051e+01,2.186620797662061300e+00,-1.876703881308854349e+00,9.613788312989541396e+00,-2.811090778837180615e+00,-1.877717460883217226e+00,9.614436491353581360e+00,-2.805386501258537724e+00,3.879792516746995200e-05,-6.765422872053155484e-05,-6.090397390086783836e-04,0.000000000000000000e+00,0.000000000000000000e+00,0.000000000000000000e+00,0.000000000000000000e+00,0.000000000000000000e+00,0.000000000000000000e+00,-3.709524473222956115e-03,1.110413494772779640e-04,-1.174838232541550523e-02,1.483367537213144127e-02,8.902811936920241101e-03,2.392574122252963051e-02,3.078877692110380121e-02,0.000000000000000000e+00,0.000000000000000000e+00,0.000000000000000000e+00,0.000000000000000000e+00
1.559999999999945430e+00,8.500000000000000000e+01,-4.942520351335061513e+00,-5.607917305979229994e+00,6.644458322532973860e+00,-3.243362880176114960e-02,-3.785629684275499951e-01,-1.145692001741232813e-01,0.000000000000000000e+00,0.000000000000000000e+00,0.000000000000000000e+00,0.000000000000000000e+00,-1.623630812155289371e+00,-2.681930134253275977e+00,-9.714781101463618285e+00,-6.134178747931903430e+00,2.588277760284879392e+01,2.199863816285472673e+00,-1.712270210473351373e+00,1.035070613177018295e+01,-2.797402224826515127e+00,-1.713636075649380475e+00,1.035121585939167943e+01,-2.792033336713360292e+00,5.228275729780363420e-05,-5.320330175027329937e-05,-5.732305572654731183e-04,0.000000000000000000e+00,0.000000000000000000e+00,0.000000000000000000e+00,0.000000000000000000e+00,0.000000000000000000e+00,0.000000000000000000e+00,-3.246476845301576441e-03,9.718042637303720625e-05,-1.028187075311939175e-02,1.387700692432044559e-02,8.328642753411752073e-03,2.238269803573538635e-02,2.880311587027287179e-02,0.000000000000000000e+00,0.000000000000000000e+00,0.000000000000000000e+00,0.000000000000000000e+00
1.569999999999936335e+00,8.500000000000000000e+01,-4.938607418761037593e+00,-7.018995957626349202e+00,1.328996117916234843e+00,-3.253071824424874636e-02,-3.783407913360778974e-01,-1.143620513767279606e-01,0.000000000000000000e+00,0.000000000000000000e+00,0.000000000000000000e+00,0.000000000000000000e+00,-1.738585200011015797e+00,-2.439436871986844224e+00,-9.623234166704738968e+00,-2.900727043725590981e+00,2.886296930923591830e+01,3.162011411438925279e+00,-1.540127166317180274e+00,1.097907190870745531e+01,-2.714924333065325879e+00,-1.541813807254548641e+00,1.097946707406776135e+01,-2.709874234041433461e+00,6.456145183621631728e-05,-4.124575757520583053e-05,-5.391937802948300372e-04,0.000000000000000000e+00,0.000000000000000000e+00,0.000000000000000000e+00,0.000000000000000000e+00,0.000000000000000000e+00,0.000000000000000000e+00,-2.841229915898658802e-03,8.504971629489982334e-05,-8.998418952978110702e-03,1.298203690903390259e-02,7.791503471649659403e-03,2.093917035628392598e-02,2.694551608731531739e-02,0.000000000000000000e+00,0.000000000000000000e+00,0.000000000000000000e+00,0.000000000000000000e+00
1.579999999999927240e+00,8.500000000000000000e+01,-4.755143790207396748e+00,-8.093565803482238863e+00,-3.969853310540764735e+00,-3.231992219250481163e-02,-3.788416954195841235e-01,-1.148633818577077664e-01,0.000000000000000000e+00,0.000000000000000000e+00,0.000000000000000000e+00,0.000000000000000000e+00,-1.459124682927879224e+00,-1.773959737907301992e+00,-9.510760236364514952e+00,1.341969313967282806e+00,3.048881968899125283e+01,3.882177921086308547e+00,-1.117003621161427152e+00,9.106409020201210680e+00,-1.680848214603229529e+00,-1.119717686444623217e+00,9.106964481575442250e+00,-1.676186278353385850e+00,1.038893288898989247e-04,-5.797680537109680017e-05,-4.977500477028208971e-04,0.000000000000000000e+00,0.000000000000000000e+00,0.000000000000000000e+00,0.000000000000000000e+00,0.000000000000000000e+00,0.000000000000000000e+00,-2.486568615661144226e-03,7.443324249346855307e-05,-7.875176181216816951e-03,1.214478620833948919e-02,7.289005921626356271e-03,1.958874012907060175e-02,2.520771851496530699e-02,0.000000000000000000e+00,0.000000000000000000e+00,0.000000000000000000e+00,0.000000000000000000e+00
1.589999999999918145e+00,8.500000000000000000e+01,-4.488612716697402583e+00,-9.182188288264146792e+00,-9.289784116195132668e+00,-3.246575769924132937e-02,-3.786159561400905260e-01,-1.146668546998935029e-01,0.000000000000000000e+00,0.000000000000000000e+00,0.000000000000000000e+00,0.000000000000000000e+00,-1.012474478807702694e+00,-9.291827339075002801e-01,-9.389415500691990601e+00,4.526165210614176537e+00,3.048707364377003515e+01,4.269273285140145369e+00,-5.983735596545067814e-01,6.237959824843515300e+00,-6.512278758153632330e-01,-6.022743960098714266e-01,6.238757239907158691e+00,-6.469600009300413568e-01,1.493166997777278749e-04,-8.323095014272511910e-05,-4.556765287877931401e-04,0.000000000000000000e+00,0.000000000000000000e+00,0.000000000000000000e+00,0.000000000000000000e+00,0.000000000000000000e+00,0.000000000000000000e+00,-2.176178508396190130e-03,6.514198788013737178e-05,-6.892144076563485808e-03,1.136153232961724900e-02,6.818915953618280741e-03,1.832540321871470312e-02,2.358199674746088229e-02,0.000000000000000000e+00,0.000000000000000000e+00,0.000000000000000000e+00,0.000000000000000000e+00
